Quick scanning for video devices...
Found device: 0 after 1 attempts
Found device: 1 after 1 attempts
[ WARN:0@1.531] global cap.cpp:478 open VIDEOIO(DSHOW): backend is generally available but can't be used to capture by index
[ WARN:0@1.531] global cap.cpp:478 open VIDEOIO(DSHOW): backend is generally available but can't be used to capture by index
[ WARN:0@1.532] global cap.cpp:478 open VIDEOIO(DSHOW): backend is generally available but can't be used to capture by index
[ WARN:0@1.532] global cap.cpp:478 open VIDEOIO(DSHOW): backend is generally available but can't be used to capture by index
[ WARN:0@1.533] global cap.cpp:478 open VIDEOIO(DSHOW): backend is generally available but can't be used to capture by index
[ WARN:0@1.533] global cap.cpp:478 open VIDEOIO(DSHOW): backend is generally available but can't be used to capture by index
[ WARN:0@1.534] global cap.cpp:478 open VIDEOIO(DSHOW): backend is generally available but can't be used to capture by index
[ WARN:0@1.534] global cap.cpp:478 open VIDEOIO(DSHOW): backend is generally available but can't be used to capture by index
Quick scan completed. Found 2 devices
Quick scanning for video devices...
Found device: 0 after 1 attempts
Found device: 1 after 1 attempts
[ WARN:0@2.243] global cap.cpp:478 open VIDEOIO(DSHOW): backend is generally available but can't be used to capture by index
[ WARN:0@2.243] global cap.cpp:478 open VIDEOIO(DSHOW): backend is generally available but can't be used to capture by index
[ WARN:0@2.244] global cap.cpp:478 open VIDEOIO(DSHOW): backend is generally available but can't be used to capture by index
[ WARN:0@2.244] global cap.cpp:478 open VIDEOIO(DSHOW): backend is generally available but can't be used to capture by index
[ WARN:0@2.245] global cap.cpp:478 open VIDEOIO(DSHOW): backend is generally available but can't be used to capture by index
[ WARN:0@2.245] global cap.cpp:478 open VIDEOIO(DSHOW): backend is generally available but can't be used to capture by index
[ WARN:0@2.246] global cap.cpp:478 open VIDEOIO(DSHOW): backend is generally available but can't be used to capture by index
[ WARN:0@2.246] global cap.cpp:478 open VIDEOIO(DSHOW): backend is generally available but can't be used to capture by index
Quick scan completed. Found 2 devices
Available devices: QList(0, 1)
Initializing MainWindow
StreamManager created (NetworkFacade wrapper)
StreamManager initialized
UDP Socket local port: 58022
UDPManager: Socket bound to port 58022
StreamManager: setServerAddress "95.81.125.224" 23230
StreamManager: connectToServer
TCPManager: connecting to "95.81.125.224" : 23230
MainWindow initialized successfully
TCPManager: connected to server
NetworkFacade: TCP connected to "95.81.125.224" : 23230
Waiting for handshake start from server...
StreamManager: network connected
Connection status changed: true
TCPManager: processing message type: "5"
NetworkFacade: Server handshake start, connectionId: 6
HandshakeService: Starting handshake for connection 6
NetworkFacade: Handshake started for connection 6
TCPManager: processing message type: "6"
NetworkFacade: Server handshake end, connectionId: 6
HandshakeService: Handshake stopped
HandshakeService: Handshake completed for connection 6
NetworkFacade: Handshake completed for connection 6
StreamManager: handshake completed, connectionId: 6
? UDPManager: No NetworkManager registered for stream 12345
Add device button clicked
Add device requested
Quick scanning for video devices...
Found device: 0 after 1 attempts
Found device: 1 after 1 attempts
[ WARN:0@5.350] global cap.cpp:478 open VIDEOIO(DSHOW): backend is generally available but can't be used to capture by index
[ WARN:0@5.351] global cap.cpp:478 open VIDEOIO(DSHOW): backend is generally available but can't be used to capture by index
[ WARN:0@5.352] global cap.cpp:478 open VIDEOIO(DSHOW): backend is generally available but can't be used to capture by index
[ WARN:0@5.352] global cap.cpp:478 open VIDEOIO(DSHOW): backend is generally available but can't be used to capture by index
[ WARN:0@5.353] global cap.cpp:478 open VIDEOIO(DSHOW): backend is generally available but can't be used to capture by index
[ WARN:0@5.353] global cap.cpp:478 open VIDEOIO(DSHOW): backend is generally available but can't be used to capture by index
[ WARN:0@5.354] global cap.cpp:478 open VIDEOIO(DSHOW): backend is generally available but can't be used to capture by index
[ WARN:0@5.354] global cap.cpp:478 open VIDEOIO(DSHOW): backend is generally available but can't be used to capture by index
Quick scan completed. Found 2 devices
Quick adding device: 0
Adding streamer widget for device: 0
StreamerWidget created for device: 0
Layout updated: 1 widgets, grid: 1 x 1 video size: QSize(477, 268)
Streamer widget added. Total widgets: 1
Initializing StreamerWidget for device: 0
VideoCapture created for device: 0
Streaming enabled: true for device: 0
Device 0 added successfully
VideoCapture: quick starting device 0
Start stream requested for: "---"
Start stream requested for device: 0
=== StreamerWidget::startStream() DEBUG ===
Device index: 0
Stream state: 0
StreamManager pointer: StreamManager(0x2a1c5e39350)
Stream state changed for device 0 : 0 -> 1
DEBUG: Before calling StreamManager::createStream()
=== StreamManager::createStream() DEBUG ===
Device index: 0
NetworkFacade pointer: NetworkFacade(0x2a1ccdfac00)
Connected to server: true
Handshake completed: true
Sending stream create request to server...
sendStreamCreate called
TCPManager: sent CLIENT_STREAM_CREATE callId= 0
Stream create request sent for device: 0
=== StreamManager::createStream() END ===
Stream creation requested for device: 0
=== StreamerWidget::startStream() END ===
TCPManager: processing message type: "90"
NetworkFacade: Server stream created, id: 52323248
PacketGroupBuffer constructor - streamId: 52323248
  this: 0x2a1c5e5ba30
NetworkManager created for stream: 52323248
FecBuffer: PacketGroupBuffer pointer set for stream 52323248
UDPManager: Registered NetworkManager for stream 52323248
NetworkManager: Initialized for stream 52323248
NetworkManager: Server address set to "95.81.125.224" : 23231
NetworkFacade: Created NetworkManager for stream 52323248
NetworkFacade: NetworkManager created for stream 52323248
=== Client Network State ===
Connection ID: 6
Calls: QList(0)
Streams: QList(52323248)
=== Call Details ===
Call 0 -> Streams: QList()
=== Stream Details ===
Stream 52323248 -> Call: 0 , Role: "Streamer" , Status: "Inactive" - "Created, waiting for start"
=== Summary ===
Owned Streams: 1 - QList(52323248)
Joined Streams: 0 - QList()
Active Streams: 0 - QList()
Joined Calls: 0 - QList()
=====================
StreamManager: server stream created - ID: 52323248
NetworkFacade: NetworkManager for stream 52323248 already exists
NetworkManager created for outgoing stream: 52323248
Mapped device 0 to stream 52323248
MainWindow: server stream created - ID: 52323248
VideoEncoder created for stream: 52323248
VideoEncoder::initialize() for stream 52323248 in thread QThread(0x2a1c5dbb3b0, name = "Qt mainThread") dimensions: 854 x 480 fps: 15
initFFMpeg
[libx264 @ 000002a1eb33e1c0] using cpu capabilities: MMX2 SSE2Fast SSSE3 SSE4.2 AVX FMA3 BMI2 AVX2
[libx264 @ 000002a1eb33e1c0] profile Constrained Baseline, level 3.0, 4:2:0, 8-bit
? VideoEncoder ULTRAFAST preset for stream: 52323248
VideoEncoder initialized for stream: 52323248 codec: libx264 bitrate: 600000 threads: 1
VideoEncoder initialized for stream: 52323248
Stream ID set to: 52323248 ( "QGZMKE" )
Stream officially created - ID: 52323248 Display: "QGZMKE"
VideoEncoder: streamId updated to 52323248
Stream ID set to: 52323248 ( "QGZMKE" )
Stream officially created - ID: 52323248 Display: "QGZMKE"
Requested: 854 x 480 @ 15
Actual: 1920 x 1080 @ 15
Starting fast capture loop for device 0
VideoEncoder::encodeFrame was called for the first time

Device 0 FPS: 53.6193
Device 0 FPS: 56.6572
Device 0 FPS: 54.5256
Device 0 FPS: 29.985
Device 0 FPS: 30.9598
Device 0 FPS: 54.1126
Device 0 FPS: 54.0541
Device 0 FPS: 37.4532
Device 0 FPS: 29.1375
Device 0 FPS: 29.5508
Device 0 FPS: 30.021
Device 0 FPS: 29.985
TCPManager: processing message type: "93"
NetworkFacade: Server stream start, id: 52323248
NetworkManager: Started for stream 52323248
NetworkFacade: Stream 52323248 started sending
=== Client Network State ===
Connection ID: 6
Calls: QList(0)
Streams: QList(52323248)
=== Call Details ===
Call 0 -> Streams: QList()
=== Stream Details ===
Stream 52323248 -> Call: 0 , Role: "Streamer" , Status: "Active" - "Active streaming"
=== Summary ===
Owned Streams: 1 - QList(52323248)
Joined Streams: 0 - QList()
Active Streams: 1 - QList(52323248)
Joined Calls: 0 - QList()
=====================
StreamManager: server stream start - ID: 52323248
NetworkManager: Started for stream 52323248
NetworkManager enabled for sending, stream: 52323248
MainWindow: server stream start - ID: 52323248
Stream state changed for device 0 : 1 -> 2
Stream started - now sending packets for: "QGZMKE"
Cannot start stream - wrong state: 2
Sending frame 1204 size: 14 first packet: 0 firstBytes(hex): "00000001419a8026800c99d65130"
DBG send Start packet: 0 frameNumber: 1204 frameSize: 14 start(13): "00000001419a8026800c99d651"
Sending frame 1205 size: 2010 first packet: 1 firstBytes(hex): "00000001419aa026802401370008e3e0057b3704"
DBG send Start packet: 1 frameNumber: 1205 frameSize: 2010 start(13): "00000001419aa0268024013700"
DBG send End packet: 2 frameNumber: 1205 end(12): "fdaf0b707321df042658edaf"
Sending frame 1206 size: 482 first packet: 3 firstBytes(hex): "00000001419ac02a8025bcb7bc0d9c4def7bc1b7"
DBG send Start packet: 3 frameNumber: 1206 frameSize: 482 start(13): "00000001419ac02a8025bcb7bc"
Sending frame 1207 size: 180 first packet: 5 firstBytes(hex): "00000001419ae02e81b73755017dcd55c31dddf0"
DBG send Start packet: 5 frameNumber: 1207 frameSize: 180 start(13): "00000001419ae02e81b7375501"
Sending frame 1208 size: 366 first packet: 6 firstBytes(hex): "00000001419b00328075f775c1af53a3a06bdc5f"
DBG send Start packet: 6 frameNumber: 1208 frameSize: 366 start(13): "00000001419b00328075f775c1"
Sending frame 1209 size: 24 first packet: 7 firstBytes(hex): "00000001419b20328014204dfff8008bf4e47347"
DBG send Start packet: 7 frameNumber: 1209 frameSize: 24 start(13): "00000001419b20328014204dff"
Sending frame 1210 size: 24 first packet: 8 firstBytes(hex): "00000001419b40328014204dfff8008bf4e47347"
DBG send Start packet: 8 frameNumber: 1210 frameSize: 24 start(13): "00000001419b40328014204dff"
Sending frame 1211 size: 24 first packet: 10 firstBytes(hex): "00000001419b60328014204dfff8008bf4e47347"
DBG send Start packet: 10 frameNumber: 1211 frameSize: 24 start(13): "00000001419b60328014204dff"
Sending frame 1212 size: 24 first packet: 11 firstBytes(hex): "00000001419b80328014204dfff8008bf4e47347"
DBG send Start packet: 11 frameNumber: 1212 frameSize: 24 start(13): "00000001419b80328014204dff"
Sending frame 1213 size: 24 first packet: 12 firstBytes(hex): "00000001419ba0328014204dfff8008bf4e47347"
DBG send Start packet: 12 frameNumber: 1213 frameSize: 24 start(13): "00000001419ba0328014204dff"
Sending frame 1214 size: 24 first packet: 13 firstBytes(hex): "00000001419bc0328014204dfff8008bf4e47347"
DBG send Start packet: 13 frameNumber: 1214 frameSize: 24 start(13): "00000001419bc0328014204dff"
Sending frame 1215 size: 100066 first packet: 15 firstBytes(hex): "000000016742c01eda0360f79b84000003000400"
Found NAL unit at offset 0 type: 7 (SPS)
Found NAL unit at offset 28 type: 8 (PPS)
DBG send Start packet: 15 frameNumber: 1215 frameSize: 100066 start(13): "000000016742c01eda0360f79b"
DBG send Continue packet: 16 frameNumber: 1215 continue(12): "ffee47d0c8e516d4a73d3a19"
DBG send Continue packet: 17 frameNumber: 1215 continue(12): "3770df1b42b6e77fc0671530"
DBG send Continue packet: 18 frameNumber: 1215 continue(12): "8b0418be98ee85697bfb780c"
DBG send Continue packet: 20 frameNumber: 1215 continue(12): "97e749bff5a21969b3d754a1"
DBG send Continue packet: 21 frameNumber: 1215 continue(12): "d0060028d32fc4469448576e"
DBG send Continue packet: 22 frameNumber: 1215 continue(12): "00202c845d2092cf5abcfde8"
DBG send Continue packet: 23 frameNumber: 1215 continue(12): "f3aa959405e55cfa34ddc8f5"
DBG send Continue packet: 25 frameNumber: 1215 continue(12): "f6c5a0e66eefaf3da5c2b2a6"
DBG send Continue packet: 26 frameNumber: 1215 continue(12): "812891044cc069373635185d"
DBG send Continue packet: 27 frameNumber: 1215 continue(12): "204d60704747882fc5057e81"
DBG send Continue packet: 28 frameNumber: 1215 continue(12): "01b4060d2b382cad99c9a49f"
DBG send Continue packet: 30 frameNumber: 1215 continue(12): "2d2a8ae308d644bd60004300"
DBG send Continue packet: 31 frameNumber: 1215 continue(12): "440460d529aec9105dc0861d"
DBG send Continue packet: 32 frameNumber: 1215 continue(12): "5000100350e823b45297ce6c"
DBG send Continue packet: 33 frameNumber: 1215 continue(12): "225dfac5146dde0330960194"
DBG send Continue packet: 35 frameNumber: 1215 continue(12): "f8301c017562a35c2b3e4b4f"
DBG send Continue packet: 36 frameNumber: 1215 continue(12): "033e93225ae927feb7c01001"
DBG send Continue packet: 37 frameNumber: 1215 continue(12): "746ab157223a7ac861e80002"
DBG send Continue packet: 38 frameNumber: 1215 continue(12): "cbd380c06a063d02b7a1c8be"
DBG send Continue packet: 40 frameNumber: 1215 continue(12): "89ce5c2fd273df05ce249005"
DBG send Continue packet: 41 frameNumber: 1215 continue(12): "10007041bb903375bc9d247e"
DBG send Continue packet: 42 frameNumber: 1215 continue(12): "227ff5019c38945a2cba6892"
DBG send Continue packet: 43 frameNumber: 1215 continue(12): "46768700e5d9600bf485efc3"
DBG send Continue packet: 45 frameNumber: 1215 continue(12): "71d3616479fa5eda401c7000"
DBG send Continue packet: 46 frameNumber: 1215 continue(12): "1d59f0f859c00100ac51c863"
DBG send Continue packet: 47 frameNumber: 1215 continue(12): "9430c7c097001fa1af54907e"
DBG send Continue packet: 48 frameNumber: 1215 continue(12): "fa3f1fd196a9a365b9a7e974"
DBG send Continue packet: 50 frameNumber: 1215 continue(12): "4172c3f0e000820b961c0010"
DBG send Continue packet: 51 frameNumber: 1215 continue(12): "8e082119d2e8a5d47087f580"
DBG send Continue packet: 52 frameNumber: 1215 continue(12): "dd0bfee3081b5d2d042455b9"
DBG send Continue packet: 53 frameNumber: 1215 continue(12): "723b2f0e47658723b2fa150b"
DBG send Continue packet: 55 frameNumber: 1215 continue(12): "bc2e5c9cc35792177f380001"
DBG send Continue packet: 56 frameNumber: 1215 continue(12): "ac30a1c6f5c31812030081d9"
DBG send Continue packet: 57 frameNumber: 1215 continue(12): "2db18f04f17e7a40f1ffe878"
DBG send Continue packet: 58 frameNumber: 1215 continue(12): "bd2c480082e5d178ab80f470"
DBG send Continue packet: 60 frameNumber: 1215 continue(12): "005268d0000800bb75200060"
DBG send Continue packet: 61 frameNumber: 1215 continue(12): "00c000a831c00040cf44d37a"
DBG send Continue packet: 62 frameNumber: 1215 continue(12): "6a5833c62b893cc3823770e7"
DBG send Continue packet: 63 frameNumber: 1215 continue(12): "845a02ca0cbe4de593172fc2"
DBG send Continue packet: 65 frameNumber: 1215 continue(12): "1940a6b6fa5ad4e382adc01a"
DBG send Continue packet: 66 frameNumber: 1215 continue(12): "4b32110e1db079820e6ba1e1"
DBG send Continue packet: 67 frameNumber: 1215 continue(12): "5800eaa8e7bca81493fb4008"
DBG send Continue packet: 68 frameNumber: 1215 continue(12): "050f995e04e318bf1bbffb7d"
DBG send Continue packet: 70 frameNumber: 1215 continue(12): "ec9abb300fba00f1a3aebe2a"
DBG send Continue packet: 71 frameNumber: 1215 continue(12): "68c35eea8566d7bdddcd9a7f"
DBG send Continue packet: 72 frameNumber: 1215 continue(12): "9c5677c00e10022d40235d01"
DBG send Continue packet: 73 frameNumber: 1215 continue(12): "2ff9c3a87b76bf0ff4ebd34f"
DBG send Continue packet: 75 frameNumber: 1215 continue(12): "024a1b6d0ae47d322de2f0f4"
DBG send Continue packet: 76 frameNumber: 1215 continue(12): "fe3070003000580396400974"
DBG send Continue packet: 77 frameNumber: 1215 continue(12): "86b12c863fef700006800140"
DBG send Continue packet: 78 frameNumber: 1215 continue(12): "2ba7f00a02417d722a4873f5"
DBG send Continue packet: 80 frameNumber: 1215 continue(12): "17e1e8297028bd5cf5bf8169"
DBG send Continue packet: 81 frameNumber: 1215 continue(12): "703606f62ce58c4e673e05f1"
DBG send Continue packet: 82 frameNumber: 1215 continue(12): "c353159f2f9ea3580a00101c"
DBG send Continue packet: 83 frameNumber: 1215 continue(12): "8f004e2b658811bcb0e23797"
DBG send Continue packet: 85 frameNumber: 1215 continue(12): "944520a7bd2a2834f7f808f4"
DBG send Continue packet: 86 frameNumber: 1215 continue(12): "02f218cf3e70730457d7dc00"
DBG send Continue packet: 87 frameNumber: 1215 continue(12): "8152dadaba7befd9e2ae3fd7"
DBG send Continue packet: 88 frameNumber: 1215 continue(12): "ae001000c1499a140bea48d1"
DBG send Continue packet: 90 frameNumber: 1215 continue(12): "1e818ea40e5182eeb9116abf"
DBG send Continue packet: 91 frameNumber: 1215 continue(12): "4fca86eeec61d89f68b3fffb"
DBG send Continue packet: 92 frameNumber: 1215 continue(12): "e0d14af4c34708a937088699"
DBG send Continue packet: 93 frameNumber: 1215 continue(12): "87fc68d1812000204e005600"
DBG send Continue packet: 95 frameNumber: 1215 continue(12): "000204c00a4183fe29efc175"
DBG send Continue packet: 96 frameNumber: 1215 continue(12): "33b4e71b44789e5e000040a0"
DBG send Continue packet: 97 frameNumber: 1215 continue(12): "50005d400c96116899f1a564"
DBG send Continue packet: 98 frameNumber: 1215 continue(12): "5bac42be121000100d000103"
DBG send Continue packet: 100 frameNumber: 1215 continue(12): "efcf2b614d97df8004996082"
DBG send Continue packet: 101 frameNumber: 1215 continue(12): "8fe21c7fdbe00004064e1006"
DBG send Continue packet: 102 frameNumber: 1215 continue(12): "40001016d08bf07ac2b26424"
DBG send Continue packet: 103 frameNumber: 1215 continue(12): "69b34ffff66b79f0ed57feaf"
DBG send Continue packet: 105 frameNumber: 1215 continue(12): "cd417e7b034ffc00b022a486"
DBG send Continue packet: 106 frameNumber: 1215 continue(12): "7169cb187d76fca12e718129"
DBG send Continue packet: 107 frameNumber: 1215 continue(12): "131b9bc1d4d527c056219425"
DBG send Continue packet: 108 frameNumber: 1215 continue(12): "831247faa8b1fc1b71a9f4ed"
DBG send Continue packet: 110 frameNumber: 1215 continue(12): "c09582b04aab55170b0bebc0"
DBG send Continue packet: 111 frameNumber: 1215 continue(12): "e00e05cb20000b8038172fc0"
DBG send Continue packet: 112 frameNumber: 1215 continue(12): "cbffb7ff00166282c309025d"
DBG send Continue packet: 113 frameNumber: 1215 continue(12): "a97682380ae038000b31a7f4"
DBG send Continue packet: 115 frameNumber: 1215 continue(12): "cd3dcc7573d23b2bcb36bf9e"
DBG send Continue packet: 116 frameNumber: 1215 continue(12): "3fe0130011e84b16b9fe34a0"
DBG send Continue packet: 117 frameNumber: 1215 continue(12): "9ad0003a06290639625dfb05"
DBG send Continue packet: 118 frameNumber: 1215 continue(12): "fbc002c0502ce2f9bca1f316"
DBG send End packet: 120 frameNumber: 1215 end(12): "8aca0de0243bde1b0c4347c7"
Sending frame 1216 size: 11 first packet: 121 firstBytes(hex): "00000001419a20e800cab0"
DBG send Start packet: 121 frameNumber: 1216 frameSize: 11 start(13): "00000001419a20e800cab000ae"
Sending frame 1217 size: 11 first packet: 122 firstBytes(hex): "00000001419a405a0032ac"
DBG send Start packet: 122 frameNumber: 1217 frameSize: 11 start(13): "00000001419a405a0032ac00ae"
Sending frame 1218 size: 11 first packet: 123 firstBytes(hex): "00000001419a607a0032ac"
DBG send Start packet: 123 frameNumber: 1218 frameSize: 11 start(13): "00000001419a607a0032ac00ae"
Sending frame 1219 size: 14 first packet: 125 firstBytes(hex): "00000001419a8026800c99d65130"
DBG send Start packet: 125 frameNumber: 1219 frameSize: 14 start(13): "00000001419a8026800c99d651"
Sending frame 1220 size: 11 first packet: 126 firstBytes(hex): "00000001419aa02a800cab"
DBG send Start packet: 126 frameNumber: 1220 frameSize: 11 start(13): "00000001419aa02a800cab00ae"
Sending frame 1221 size: 30 first packet: 127 firstBytes(hex): "00000001419ac02e81b73755017dcd55c31dddf0"
DBG send Start packet: 127 frameNumber: 1221 frameSize: 30 start(13): "00000001419ac02e81b7375501"
Sending frame 1222 size: 79 first packet: 128 firstBytes(hex): "00000001419ae0328075f775c0d5dc5f80bbea64"
DBG send Start packet: 128 frameNumber: 1222 frameSize: 79 start(13): "00000001419ae0328075f775c0"
Sending frame 1223 size: 11 first packet: 130 firstBytes(hex): "00000001419b0032800cab"
DBG send Start packet: 130 frameNumber: 1223 frameSize: 11 start(13): "00000001419b0032800cab00ae"
Sending frame 1224 size: 11 first packet: 131 firstBytes(hex): "00000001419b2032800cab"
DBG send Start packet: 131 frameNumber: 1224 frameSize: 11 start(13): "00000001419b2032800cab0000"
Sending frame 1225 size: 11 first packet: 132 firstBytes(hex): "00000001419b4032800cab"
DBG send Start packet: 132 frameNumber: 1225 frameSize: 11 start(13): "00000001419b4032800cab00ae"
Sending frame 1226 size: 11 first packet: 133 firstBytes(hex): "00000001419b6032800cab"
DBG send Start packet: 133 frameNumber: 1226 frameSize: 11 start(13): "00000001419b6032800cab00ae"
Sending frame 1227 size: 11 first packet: 135 firstBytes(hex): "00000001419b8032800cab"
DBG send Start packet: 135 frameNumber: 1227 frameSize: 11 start(13): "00000001419b8032800cab00ae"
Sending frame 1228 size: 11 first packet: 136 firstBytes(hex): "00000001419ba032800cab"
DBG send Start packet: 136 frameNumber: 1228 frameSize: 11 start(13): "00000001419ba032800cab00ae"
Sending frame 1229 size: 129 first packet: 137 firstBytes(hex): "00000001419bc036807a752941372f77014dc99d"
DBG send Start packet: 137 frameNumber: 1229 frameSize: 129 start(13): "00000001419bc036807a752941"
Sending frame 1230 size: 100066 first packet: 138 firstBytes(hex): "000000016742c01eda0360f79b84000003000400"
Found NAL unit at offset 0 type: 7 (SPS)
Found NAL unit at offset 28 type: 8 (PPS)
DBG send Start packet: 138 frameNumber: 1230 frameSize: 100066 start(13): "000000016742c01eda0360f79b"
DBG send Continue packet: 140 frameNumber: 1230 continue(12): "ffb91f4323945b529cf4e866"
DBG send Continue packet: 141 frameNumber: 1230 continue(12): "ddc37c6d0adb9dff019c54c1"
DBG send Continue packet: 142 frameNumber: 1230 continue(12): "2c1062fa63ba15a5efede031"
DBG send Continue packet: 143 frameNumber: 1230 continue(12): "5f9d26ffd68865a6cf5d5287"
DBG send Continue packet: 145 frameNumber: 1230 continue(12): "401800a34cbf111a51215db8"
DBG send Continue packet: 146 frameNumber: 1230 continue(12): "0080b21174824b3d6af3f7a1"
DBG send Continue packet: 147 frameNumber: 1230 continue(12): "ceaa5650179573e8d37723d6"
DBG send Continue packet: 148 frameNumber: 1230 continue(12): "ffdb168399bbbebcf6970aca"
DBG send Continue packet: 150 frameNumber: 1230 continue(12): "0204a244113301a4dcd8d461"
DBG send Continue packet: 151 frameNumber: 1230 continue(12): "00813581c11d1e20bf1415fa"
DBG send Continue packet: 152 frameNumber: 1230 continue(12): "7806d01834ace0b2b6672692"
DBG send Continue packet: 153 frameNumber: 1230 continue(12): "64b4aa2b8c235912f580010c"
DBG send Continue packet: 155 frameNumber: 1230 continue(12): "4110118354a6bb2441770218"
DBG send Continue packet: 156 frameNumber: 1230 continue(12): "014000400d43a08ed14a5f39"
DBG send Continue packet: 157 frameNumber: 1230 continue(12): "c48977eb1451b7780cc25806"
DBG send Continue packet: 158 frameNumber: 1230 continue(12): "c7e0c07005d58a8d70acf92d"
DBG send Continue packet: 160 frameNumber: 1230 continue(12): "300cfa4c896ba49ffadf0040"
DBG send Continue packet: 161 frameNumber: 1230 continue(12): "e5d1aac55c88e9eb2187a000"
DBG send Continue packet: 162 frameNumber: 1230 continue(12): "9f2f4e0301a818f40ade8722"
DBG send Continue packet: 163 frameNumber: 1230 continue(12): "9e273970bf49cf7c17389240"
DBG send Continue packet: 165 frameNumber: 1230 continue(12): "004001c106ee40cdd6f27491"
DBG send Continue packet: 166 frameNumber: 1230 continue(12): "a72489ffd40670e25168b2e9"
DBG send Continue packet: 167 frameNumber: 1230 continue(12): "047519da1c039765802fd217"
DBG send Continue packet: 168 frameNumber: 1230 continue(12): "a571c74d8591e7e97b690071"
DBG send Continue packet: 170 frameNumber: 1230 continue(12): "ef087567c3e167000402b147"
DBG send Continue packet: 171 frameNumber: 1230 continue(12): "849250c31f025c007e86bd52"
DBG send Continue packet: 172 frameNumber: 1230 continue(12): "77e8fc7f465aa68d96e69fa5"
DBG send Continue packet: 173 frameNumber: 1230 continue(12): "4105cb0fc38002082e587000"
DBG send Continue packet: 175 frameNumber: 1230 continue(12): "02382084674ba29751c21fd6"
DBG send Continue packet: 176 frameNumber: 1230 continue(12): "83742ffb8c206d74b4109156"
DBG send Continue packet: 177 frameNumber: 1230 continue(12): "d961c8ecbc391d961c8ecbe8"
DBG send Continue packet: 178 frameNumber: 1230 continue(12): "2082f0b972730d5e485dfce0"
DBG send Continue packet: 180 frameNumber: 1230 continue(12): "dbaeb0c2871bd70c60480c02"
DBG send Continue packet: 181 frameNumber: 1230 continue(12): "7ad8b6c63c13c5f9e903c7ff"
DBG send Continue packet: 182 frameNumber: 1230 continue(12): "4df2f4b120020b9745e2ae03"
DBG send Continue packet: 183 frameNumber: 1230 continue(12): "37800149a340002002edd480"
DBG send Continue packet: 185 frameNumber: 1230 continue(12): "861c030002a0c70001033d13"
DBG send Continue packet: 186 frameNumber: 1230 continue(12): "cd21a960cf18ae24f30e08dd"
DBG send Continue packet: 187 frameNumber: 1230 continue(12): "e25211680b2832f937964c5c"
DBG send Continue packet: 188 frameNumber: 1230 continue(12): "dc0065029adbe96b538e0ab7"
DBG send Continue packet: 190 frameNumber: 1230 continue(12): "4ebd2cc8443876c1e60839ae"
DBG send Continue packet: 191 frameNumber: 1230 continue(12): "f6896003aaa39ef2a0524fed"
DBG send Continue packet: 192 frameNumber: 1230 continue(12): "1780143e6578138c62fc6eff"
DBG send Continue packet: 193 frameNumber: 1230 continue(12): "adabb26aecc03ee803c68eba"
DBG send Continue packet: 195 frameNumber: 1230 continue(12): "0891a30d7baa159b5ef77736"
DBG send Continue packet: 196 frameNumber: 1230 continue(12): "0bea7159df00384008b5008d"
DBG send Continue packet: 197 frameNumber: 1230 continue(12): "2870bfe70ea1eddafc3fd3af"
DBG send Continue packet: 198 frameNumber: 1230 continue(12): "3c09286db42b91f4c8b78bc3"
DBG send Continue packet: 200 frameNumber: 1230 continue(12): "0ff8c1c000c001600e590025"
DBG send Continue packet: 201 frameNumber: 1230 continue(12): "521ac4b218ffbdc0001a0005"
DBG send Continue packet: 202 frameNumber: 1230 continue(12): "6cae9fc0280905f5c8a921cf"
DBG send Continue packet: 203 frameNumber: 1230 continue(12): "785f87a0a5c0a2f573d6fe05"
DBG send Continue packet: 205 frameNumber: 1230 continue(12): "09c0d81bd8b39631399cf817"
DBG send Continue packet: 206 frameNumber: 1230 continue(12): "5b0d4c567cbe7a8d60280040"
DBG send Continue packet: 207 frameNumber: 1230 continue(12): "ea3c0138ad962046f2c388de"
DBG send Continue packet: 208 frameNumber: 1230 continue(12): "865114829ef4a8a0d3dfe023"
DBG send Continue packet: 210 frameNumber: 1230 continue(12): "800bc8633cf9c1cc115f5f70"
DBG send Continue packet: 211 frameNumber: 1230 continue(12): "06054b6b6ae9efbf678ab8ff"
DBG send Continue packet: 212 frameNumber: 1230 continue(12): "0ab8004003052668502fa923"
DBG send Continue packet: 213 frameNumber: 1230 continue(12): "807a063a9039460bbae445aa"
DBG send Continue packet: 215 frameNumber: 1230 continue(12): "313f2a1bbbb187627da2cfff"
DBG send Continue packet: 216 frameNumber: 1230 continue(12): "4383452bd30d1c22a4dc221a"
DBG send Continue packet: 217 frameNumber: 1230 continue(12): "061ff1a34604800081380158"
DBG send Continue packet: 218 frameNumber: 1230 continue(12): "c00008130029060ff8a7bf05"
DBG send Continue packet: 220 frameNumber: 1230 continue(12): "60ced39c6d11e27978000102"
DBG send Continue packet: 221 frameNumber: 1230 continue(12): "40017500325845a267c69592"
DBG send Continue packet: 222 frameNumber: 1230 continue(12): "6eb10af8484000403400040f"
DBG send Continue packet: 223 frameNumber: 1230 continue(12): "bf3cad85365f7e001265820a"
DBG send Continue packet: 225 frameNumber: 1230 continue(12): "3f8871ff6f80001019384018"
DBG send Continue packet: 226 frameNumber: 1230 continue(12): "0000405b422fc1eb0ac99090"
DBG send Continue packet: 227 frameNumber: 1230 continue(12): "a6cd3fffd9ade7c3b55ffabc"
DBG send Continue packet: 228 frameNumber: 1230 continue(12): "3505f9ec0d3ff002c08a921a"
DBG send Continue packet: 230 frameNumber: 1230 continue(12): "c5a72c61f5dbf284b9c604a7"
DBG send Continue packet: 231 frameNumber: 1230 continue(12): "4c6e6f0753549f0158865097"
DBG send Continue packet: 232 frameNumber: 1230 continue(12): "0c491feaa2c7f06dc6a7d3b5"
DBG send Continue packet: 233 frameNumber: 1230 continue(12): "02560ac12aad545c2c2faf00"
DBG send Continue packet: 235 frameNumber: 1230 continue(12): "8038172c80002e00e05cbf03"
DBG send Continue packet: 236 frameNumber: 1230 continue(12): "2ffedffc00598a0b0c240974"
DBG send Continue packet: 237 frameNumber: 1230 continue(12): "a5da08e02b80e0002cc69fd2"
DBG send Continue packet: 238 frameNumber: 1230 continue(12): "34f731d5cf48ecaf2cdafe78"
DBG send Continue packet: 240 frameNumber: 1230 continue(12): "ff804c0047a12c5ae7f8d280"
DBG send Continue packet: 241 frameNumber: 1230 continue(12): "6b4000e818a418e58977ec14"
DBG send Continue packet: 242 frameNumber: 1230 continue(12): "ef000b0140b38be6f287cc5b"
DBG send End packet: 243 frameNumber: 1230 end(12): "2b28378090ef786c310d1f1c"
StreamerWidget: Sent frame 1230 for stream "QGZMKE"
Sending frame 1231 size: 11 first packet: 245 firstBytes(hex): "00000001419a20e800cab0"
DBG send Start packet: 245 frameNumber: 1231 frameSize: 11 start(13): "00000001419a20e800cab000ae"
Sending frame 1232 size: 11 first packet: 246 firstBytes(hex): "00000001419a405a0032ac"
DBG send Start packet: 246 frameNumber: 1232 frameSize: 11 start(13): "00000001419a405a0032ac00ae"
Sending frame 1233 size: 11 first packet: 247 firstBytes(hex): "00000001419a607a0032ac"
DBG send Start packet: 247 frameNumber: 1233 frameSize: 11 start(13): "00000001419a607a0032ac00ae"
Sending frame 1234 size: 14 first packet: 248 firstBytes(hex): "00000001419a8026800c99d65130"
DBG send Start packet: 248 frameNumber: 1234 frameSize: 14 start(13): "00000001419a8026800c99d651"
Sending frame 1235 size: 11 first packet: 250 firstBytes(hex): "00000001419aa02a800cab"
DBG send Start packet: 250 frameNumber: 1235 frameSize: 11 start(13): "00000001419aa02a800cab00ae"
Sending frame 1236 size: 30 first packet: 251 firstBytes(hex): "00000001419ac02e81b73755017dcd55c31dddf0"
DBG send Start packet: 251 frameNumber: 1236 frameSize: 30 start(13): "00000001419ac02e81b7375501"
Sending frame 1237 size: 79 first packet: 252 firstBytes(hex): "00000001419ae0328075f775c0d5dc5f80bbea64"
DBG send Start packet: 252 frameNumber: 1237 frameSize: 79 start(13): "00000001419ae0328075f775c0"
Sending frame 1238 size: 11 first packet: 253 firstBytes(hex): "00000001419b0032800cab"
DBG send Start packet: 253 frameNumber: 1238 frameSize: 11 start(13): "00000001419b0032800cab00ae"
Sending frame 1239 size: 11 first packet: 255 firstBytes(hex): "00000001419b2032800cab"
DBG send Start packet: 255 frameNumber: 1239 frameSize: 11 start(13): "00000001419b2032800cab00ae"
Sending frame 1240 size: 11 first packet: 256 firstBytes(hex): "00000001419b4032800cab"
DBG send Start packet: 256 frameNumber: 1240 frameSize: 11 start(13): "00000001419b4032800cab00ae"
Sending frame 1241 size: 11 first packet: 257 firstBytes(hex): "00000001419b6032800cab"
DBG send Start packet: 257 frameNumber: 1241 frameSize: 11 start(13): "00000001419b6032800cab00ae"
Sending frame 1242 size: 11 first packet: 258 firstBytes(hex): "00000001419b8032800cab"
DBG send Start packet: 258 frameNumber: 1242 frameSize: 11 start(13): "00000001419b8032800cab00ae"
Sending frame 1243 size: 11 first packet: 260 firstBytes(hex): "00000001419ba032800cab"
DBG send Start packet: 260 frameNumber: 1243 frameSize: 11 start(13): "00000001419ba032800cab00ae"
Sending frame 1244 size: 129 first packet: 261 firstBytes(hex): "00000001419bc036807a752941372f77014dc99d"
DBG send Start packet: 261 frameNumber: 1244 frameSize: 129 start(13): "00000001419bc036807a752941"
Sending frame 1245 size: 100066 first packet: 262 firstBytes(hex): "000000016742c01eda0360f79b84000003000400"
Found NAL unit at offset 0 type: 7 (SPS)
Found NAL unit at offset 28 type: 8 (PPS)
DBG send Start packet: 262 frameNumber: 1245 frameSize: 100066 start(13): "000000016742c01eda0360f79b"
DBG send Continue packet: 263 frameNumber: 1245 continue(12): "ffee47d0c8e516d4a73d3a19"
DBG send Continue packet: 265 frameNumber: 1245 continue(12): "3770df1b42b6e77fc0671530"
DBG send Continue packet: 266 frameNumber: 1245 continue(12): "8b0418be98ee85697bfb780c"
DBG send Continue packet: 267 frameNumber: 1245 continue(12): "97e749bff5a21969b3d754a1"
DBG send Continue packet: 268 frameNumber: 1245 continue(12): "d0060028d32fc4469448576e"
DBG send Continue packet: 270 frameNumber: 1245 continue(12): "00202c845d2092cf5abcfde8"
DBG send Continue packet: 271 frameNumber: 1245 continue(12): "f3aa959405e55cfa34ddc8f5"
DBG send Continue packet: 272 frameNumber: 1245 continue(12): "f6c5a0e66eefaf3da5c2b2a6"
DBG send Continue packet: 273 frameNumber: 1245 continue(12): "812891044cc069373635185d"
DBG send Continue packet: 275 frameNumber: 1245 continue(12): "204d60704747882fc5057e81"
DBG send Continue packet: 276 frameNumber: 1245 continue(12): "01b4060d2b382cad99c9a49f"
DBG send Continue packet: 277 frameNumber: 1245 continue(12): "2d2a8ae308d644bd60004300"
DBG send Continue packet: 278 frameNumber: 1245 continue(12): "440460d529aec9105dc0861d"
DBG send Continue packet: 280 frameNumber: 1245 continue(12): "5000100350e823b45297ce6c"
DBG send Continue packet: 281 frameNumber: 1245 continue(12): "225dfac5146dde0330960194"
DBG send Continue packet: 282 frameNumber: 1245 continue(12): "f8301c017562a35c2b3e4b4f"
DBG send Continue packet: 283 frameNumber: 1245 continue(12): "033e93225ae927feb7c01001"
DBG send Continue packet: 285 frameNumber: 1245 continue(12): "746ab157223a7ac861e80002"
DBG send Continue packet: 286 frameNumber: 1245 continue(12): "cbd380c06a063d02b7a1c8be"
DBG send Continue packet: 287 frameNumber: 1245 continue(12): "89ce5c2fd273df05ce249005"
DBG send Continue packet: 288 frameNumber: 1245 continue(12): "10007041bb903375bc9d247e"
DBG send Continue packet: 290 frameNumber: 1245 continue(12): "227ff5019c38945a2cba6892"
DBG send Continue packet: 291 frameNumber: 1245 continue(12): "46768700e5d9600bf485efc3"
DBG send Continue packet: 292 frameNumber: 1245 continue(12): "71d3616479fa5eda401c7000"
DBG send Continue packet: 293 frameNumber: 1245 continue(12): "1d59f0f859c00100ac51c863"
DBG send Continue packet: 295 frameNumber: 1245 continue(12): "9430c7c097001fa1af54907e"
DBG send Continue packet: 296 frameNumber: 1245 continue(12): "fa3f1fd196a9a365b9a7e974"
DBG send Continue packet: 297 frameNumber: 1245 continue(12): "4172c3f0e000820b961c0010"
DBG send Continue packet: 298 frameNumber: 1245 continue(12): "8e082119d2e8a5d47087f580"
DBG send Continue packet: 300 frameNumber: 1245 continue(12): "dd0bfee3081b5d2d042455b9"
DBG send Continue packet: 301 frameNumber: 1245 continue(12): "723b2f0e47658723b2fa150b"
DBG send Continue packet: 302 frameNumber: 1245 continue(12): "bc2e5c9cc35792177f380001"
DBG send Continue packet: 303 frameNumber: 1245 continue(12): "ac30a1c6f5c31812030081d9"
DBG send Continue packet: 305 frameNumber: 1245 continue(12): "2db18f04f17e7a40f1ffe878"
DBG send Continue packet: 306 frameNumber: 1245 continue(12): "bd2c480082e5d178ab80f470"
DBG send Continue packet: 307 frameNumber: 1245 continue(12): "005268d0000800bb75200060"
DBG send Continue packet: 308 frameNumber: 1245 continue(12): "00c000a831c00040cf44d37a"
DBG send Continue packet: 310 frameNumber: 1245 continue(12): "6a5833c62b893cc3823770e7"
DBG send Continue packet: 311 frameNumber: 1245 continue(12): "845a02ca0cbe4de593172fc2"
DBG send Continue packet: 312 frameNumber: 1245 continue(12): "1940a6b6fa5ad4e382adc01a"
DBG send Continue packet: 313 frameNumber: 1245 continue(12): "4b32110e1db079820e6ba1e1"
DBG send Continue packet: 315 frameNumber: 1245 continue(12): "5800eaa8e7bca81493fb4008"
DBG send Continue packet: 316 frameNumber: 1245 continue(12): "050f995e04e318bf1bbffb7d"
DBG send Continue packet: 317 frameNumber: 1245 continue(12): "ec9abb300fba00f1a3aebe2a"
DBG send Continue packet: 318 frameNumber: 1245 continue(12): "68c35eea8566d7bdddcd9a7f"
DBG send Continue packet: 320 frameNumber: 1245 continue(12): "9c5677c00e10022d40235d01"
DBG send Continue packet: 321 frameNumber: 1245 continue(12): "2ff9c3a87b76bf0ff4ebd34f"
DBG send Continue packet: 322 frameNumber: 1245 continue(12): "024a1b6d0ae47d322de2f0f4"
DBG send Continue packet: 323 frameNumber: 1245 continue(12): "fe3070003000580396400974"
DBG send Continue packet: 325 frameNumber: 1245 continue(12): "86b12c863fef700006800140"
DBG send Continue packet: 326 frameNumber: 1245 continue(12): "2ba7f00a02417d722a4873f5"
DBG send Continue packet: 327 frameNumber: 1245 continue(12): "17e1e8297028bd5cf5bf8169"
DBG send Continue packet: 328 frameNumber: 1245 continue(12): "703606f62ce58c4e673e05f1"
DBG send Continue packet: 330 frameNumber: 1245 continue(12): "c353159f2f9ea3580a00101c"
DBG send Continue packet: 331 frameNumber: 1245 continue(12): "8f004e2b658811bcb0e23797"
DBG send Continue packet: 332 frameNumber: 1245 continue(12): "944520a7bd2a2834f7f808f4"
DBG send Continue packet: 333 frameNumber: 1245 continue(12): "02f218cf3e70730457d7dc00"
DBG send Continue packet: 335 frameNumber: 1245 continue(12): "8152dadaba7befd9e2ae3fd7"
DBG send Continue packet: 336 frameNumber: 1245 continue(12): "ae001000c1499a140bea48d1"
DBG send Continue packet: 337 frameNumber: 1245 continue(12): "1e818ea40e5182eeb9116abf"
DBG send Continue packet: 338 frameNumber: 1245 continue(12): "4fca86eeec61d89f68b3fffb"
DBG send Continue packet: 340 frameNumber: 1245 continue(12): "e0d14af4c34708a937088699"
DBG send Continue packet: 341 frameNumber: 1245 continue(12): "87fc68d1812000204e005600"
DBG send Continue packet: 342 frameNumber: 1245 continue(12): "000204c00a4183fe29efc175"
DBG send Continue packet: 343 frameNumber: 1245 continue(12): "33b4e71b44789e5e000040a0"
DBG send Continue packet: 345 frameNumber: 1245 continue(12): "50005d400c96116899f1a564"
DBG send Continue packet: 346 frameNumber: 1245 continue(12): "5bac42be121000100d000103"
DBG send Continue packet: 347 frameNumber: 1245 continue(12): "efcf2b614d97df8004996082"
DBG send Continue packet: 348 frameNumber: 1245 continue(12): "8fe21c7fdbe00004064e1006"
DBG send Continue packet: 350 frameNumber: 1245 continue(12): "40001016d08bf07ac2b26424"
DBG send Continue packet: 351 frameNumber: 1245 continue(12): "69b34ffff66b79f0ed57feaf"
DBG send Continue packet: 352 frameNumber: 1245 continue(12): "cd417e7b034ffc00b022a486"
DBG send Continue packet: 353 frameNumber: 1245 continue(12): "7169cb187d76fca12e718129"
DBG send Continue packet: 355 frameNumber: 1245 continue(12): "131b9bc1d4d527c056219425"
DBG send Continue packet: 356 frameNumber: 1245 continue(12): "831247faa8b1fc1b71a9f4ed"
DBG send Continue packet: 357 frameNumber: 1245 continue(12): "c09582b04aab55170b0bebc0"
DBG send Continue packet: 358 frameNumber: 1245 continue(12): "e00e05cb20000b8038172fc0"
DBG send Continue packet: 360 frameNumber: 1245 continue(12): "cbffb7ff00166282c309025d"
DBG send Continue packet: 361 frameNumber: 1245 continue(12): "a97682380ae038000b31a7f4"
DBG send Continue packet: 362 frameNumber: 1245 continue(12): "cd3dcc7573d23b2bcb36bf9e"
DBG send Continue packet: 363 frameNumber: 1245 continue(12): "3fe0130011e84b16b9fe34a0"
DBG send Continue packet: 365 frameNumber: 1245 continue(12): "9ad0003a06290639625dfb05"
DBG send Continue packet: 366 frameNumber: 1245 continue(12): "fbc002c0502ce2f9bca1f316"
DBG send End packet: 367 frameNumber: 1245 end(12): "8aca0de0243bde1b0c4347c7"
Sending frame 1246 size: 11 first packet: 368 firstBytes(hex): "00000001419a20e800cab0"
DBG send Start packet: 368 frameNumber: 1246 frameSize: 11 start(13): "00000001419a20e800cab000ae"
Sending frame 1247 size: 11 first packet: 370 firstBytes(hex): "00000001419a405a0032ac"
DBG send Start packet: 370 frameNumber: 1247 frameSize: 11 start(13): "00000001419a405a0032ac00ae"
Sending frame 1248 size: 11 first packet: 371 firstBytes(hex): "00000001419a607a0032ac"
DBG send Start packet: 371 frameNumber: 1248 frameSize: 11 start(13): "00000001419a607a0032ac00ae"
Sending frame 1249 size: 14 first packet: 372 firstBytes(hex): "00000001419a8026800c99d65130"
DBG send Start packet: 372 frameNumber: 1249 frameSize: 14 start(13): "00000001419a8026800c99d651"
Sending frame 1250 size: 11 first packet: 373 firstBytes(hex): "00000001419aa02a800cab"
DBG send Start packet: 373 frameNumber: 1250 frameSize: 11 start(13): "00000001419aa02a800cab00ae"
Sending frame 1251 size: 30 first packet: 375 firstBytes(hex): "00000001419ac02e81b73755017dcd55c31dddf0"
DBG send Start packet: 375 frameNumber: 1251 frameSize: 30 start(13): "00000001419ac02e81b7375501"
Sending frame 1252 size: 79 first packet: 376 firstBytes(hex): "00000001419ae0328075f775c0d5dc5f80bbea64"
DBG send Start packet: 376 frameNumber: 1252 frameSize: 79 start(13): "00000001419ae0328075f775c0"
Sending frame 1253 size: 11 first packet: 377 firstBytes(hex): "00000001419b0032800cab"
DBG send Start packet: 377 frameNumber: 1253 frameSize: 11 start(13): "00000001419b0032800cab00ae"
Sending frame 1254 size: 11 first packet: 378 firstBytes(hex): "00000001419b2032800cab"
DBG send Start packet: 378 frameNumber: 1254 frameSize: 11 start(13): "00000001419b2032800cab00ae"
Sending frame 1255 size: 11 first packet: 380 firstBytes(hex): "00000001419b4032800cab"
DBG send Start packet: 380 frameNumber: 1255 frameSize: 11 start(13): "00000001419b4032800cab00ae"
Sending frame 1256 size: 11 first packet: 381 firstBytes(hex): "00000001419b6032800cab"
DBG send Start packet: 381 frameNumber: 1256 frameSize: 11 start(13): "00000001419b6032800cab00ae"
Sending frame 1257 size: 11 first packet: 382 firstBytes(hex): "00000001419b8032800cab"
DBG send Start packet: 382 frameNumber: 1257 frameSize: 11 start(13): "00000001419b8032800cab00ae"
Sending frame 1258 size: 11 first packet: 383 firstBytes(hex): "00000001419ba032800cab"
DBG send Start packet: 383 frameNumber: 1258 frameSize: 11 start(13): "00000001419ba032800cab00ae"
Sending frame 1259 size: 129 first packet: 385 firstBytes(hex): "00000001419bc036807a752941372f77014dc99d"
DBG send Start packet: 385 frameNumber: 1259 frameSize: 129 start(13): "00000001419bc036807a752941"
Sending frame 1260 size: 100066 first packet: 386 firstBytes(hex): "000000016742c01eda0360f79b84000003000400"
Found NAL unit at offset 0 type: 7 (SPS)
Found NAL unit at offset 28 type: 8 (PPS)
DBG send Start packet: 386 frameNumber: 1260 frameSize: 100066 start(13): "000000016742c01eda0360f79b"
DBG send Continue packet: 387 frameNumber: 1260 continue(12): "ffb91f4323945b529cf4e866"
DBG send Continue packet: 388 frameNumber: 1260 continue(12): "ddc37c6d0adb9dff019c54c1"
DBG send Continue packet: 390 frameNumber: 1260 continue(12): "2c1062fa63ba15a5efede031"
DBG send Continue packet: 391 frameNumber: 1260 continue(12): "5f9d26ffd68865a6cf5d5287"
DBG send Continue packet: 392 frameNumber: 1260 continue(12): "401800a34cbf111a51215db8"
DBG send Continue packet: 393 frameNumber: 1260 continue(12): "0080b21174824b3d6af3f7a1"
DBG send Continue packet: 395 frameNumber: 1260 continue(12): "ceaa5650179573e8d37723d6"
DBG send Continue packet: 396 frameNumber: 1260 continue(12): "ffdb168399bbbebcf6970aca"
DBG send Continue packet: 397 frameNumber: 1260 continue(12): "0204a244113301a4dcd8d461"
DBG send Continue packet: 398 frameNumber: 1260 continue(12): "00813581c11d1e20bf1415fa"
DBG send Continue packet: 400 frameNumber: 1260 continue(12): "7806d01834ace0b2b6672692"
DBG send Continue packet: 401 frameNumber: 1260 continue(12): "64b4aa2b8c235912f580010c"
DBG send Continue packet: 402 frameNumber: 1260 continue(12): "4110118354a6bb2441770218"
DBG send Continue packet: 403 frameNumber: 1260 continue(12): "014000400d43a08ed14a5f39"
DBG send Continue packet: 405 frameNumber: 1260 continue(12): "c48977eb1451b7780cc25806"
DBG send Continue packet: 406 frameNumber: 1260 continue(12): "c7e0c07005d58a8d70acf92d"
DBG send Continue packet: 407 frameNumber: 1260 continue(12): "300cfa4c896ba49ffadf0040"
DBG send Continue packet: 408 frameNumber: 1260 continue(12): "e5d1aac55c88e9eb2187a000"
DBG send Continue packet: 410 frameNumber: 1260 continue(12): "9f2f4e0301a818f40ade8722"
DBG send Continue packet: 411 frameNumber: 1260 continue(12): "9e273970bf49cf7c17389240"
DBG send Continue packet: 412 frameNumber: 1260 continue(12): "004001c106ee40cdd6f27491"
DBG send Continue packet: 413 frameNumber: 1260 continue(12): "a72489ffd40670e25168b2e9"
DBG send Continue packet: 415 frameNumber: 1260 continue(12): "047519da1c039765802fd217"
DBG send Continue packet: 416 frameNumber: 1260 continue(12): "a571c74d8591e7e97b690071"
DBG send Continue packet: 417 frameNumber: 1260 continue(12): "ef087567c3e167000402b147"
DBG send Continue packet: 418 frameNumber: 1260 continue(12): "849250c31f025c007e86bd52"
DBG send Continue packet: 420 frameNumber: 1260 continue(12): "77e8fc7f465aa68d96e69fa5"
DBG send Continue packet: 421 frameNumber: 1260 continue(12): "4105cb0fc38002082e587000"
DBG send Continue packet: 422 frameNumber: 1260 continue(12): "02382084674ba29751c21fd6"
DBG send Continue packet: 423 frameNumber: 1260 continue(12): "83742ffb8c206d74b4109156"
DBG send Continue packet: 425 frameNumber: 1260 continue(12): "d961c8ecbc391d961c8ecbe8"
DBG send Continue packet: 426 frameNumber: 1260 continue(12): "2082f0b972730d5e485dfce0"
DBG send Continue packet: 427 frameNumber: 1260 continue(12): "dbaeb0c2871bd70c60480c02"
DBG send Continue packet: 428 frameNumber: 1260 continue(12): "7ad8b6c63c13c5f9e903c7ff"
DBG send Continue packet: 430 frameNumber: 1260 continue(12): "4df2f4b120020b9745e2ae03"
DBG send Continue packet: 431 frameNumber: 1260 continue(12): "37800149a340002002edd480"
DBG send Continue packet: 432 frameNumber: 1260 continue(12): "861c030002a0c70001033d13"
DBG send Continue packet: 433 frameNumber: 1260 continue(12): "cd21a960cf18ae24f30e08dd"
DBG send Continue packet: 435 frameNumber: 1260 continue(12): "e25211680b2832f937964c5c"
DBG send Continue packet: 436 frameNumber: 1260 continue(12): "dc0065029adbe96b538e0ab7"
DBG send Continue packet: 437 frameNumber: 1260 continue(12): "4ebd2cc8443876c1e60839ae"
DBG send Continue packet: 438 frameNumber: 1260 continue(12): "f6896003aaa39ef2a0524fed"
DBG send Continue packet: 440 frameNumber: 1260 continue(12): "1780143e6578138c62fc6eff"
DBG send Continue packet: 441 frameNumber: 1260 continue(12): "adabb26aecc03ee803c68eba"
DBG send Continue packet: 442 frameNumber: 1260 continue(12): "0891a30d7baa159b5ef77736"
DBG send Continue packet: 443 frameNumber: 1260 continue(12): "0bea7159df00384008b5008d"
DBG send Continue packet: 445 frameNumber: 1260 continue(12): "2870bfe70ea1eddafc3fd3af"
DBG send Continue packet: 446 frameNumber: 1260 continue(12): "3c09286db42b91f4c8b78bc3"
DBG send Continue packet: 447 frameNumber: 1260 continue(12): "0ff8c1c000c001600e590025"
DBG send Continue packet: 448 frameNumber: 1260 continue(12): "521ac4b218ffbdc0001a0005"
DBG send Continue packet: 450 frameNumber: 1260 continue(12): "6cae9fc0280905f5c8a921cf"
DBG send Continue packet: 451 frameNumber: 1260 continue(12): "785f87a0a5c0a2f573d6fe05"
DBG send Continue packet: 452 frameNumber: 1260 continue(12): "09c0d81bd8b39631399cf817"
DBG send Continue packet: 453 frameNumber: 1260 continue(12): "5b0d4c567cbe7a8d60280040"
DBG send Continue packet: 455 frameNumber: 1260 continue(12): "ea3c0138ad962046f2c388de"
DBG send Continue packet: 456 frameNumber: 1260 continue(12): "865114829ef4a8a0d3dfe023"
DBG send Continue packet: 457 frameNumber: 1260 continue(12): "800bc8633cf9c1cc115f5f70"
DBG send Continue packet: 458 frameNumber: 1260 continue(12): "06054b6b6ae9efbf678ab8ff"
DBG send Continue packet: 460 frameNumber: 1260 continue(12): "0ab8004003052668502fa923"
DBG send Continue packet: 461 frameNumber: 1260 continue(12): "807a063a9039460bbae445aa"
DBG send Continue packet: 462 frameNumber: 1260 continue(12): "313f2a1bbbb187627da2cfff"
DBG send Continue packet: 463 frameNumber: 1260 continue(12): "4383452bd30d1c22a4dc221a"
DBG send Continue packet: 465 frameNumber: 1260 continue(12): "061ff1a34604800081380158"
DBG send Continue packet: 466 frameNumber: 1260 continue(12): "c00008130029060ff8a7bf05"
DBG send Continue packet: 467 frameNumber: 1260 continue(12): "60ced39c6d11e27978000102"
DBG send Continue packet: 468 frameNumber: 1260 continue(12): "40017500325845a267c69592"
DBG send Continue packet: 470 frameNumber: 1260 continue(12): "6eb10af8484000403400040f"
DBG send Continue packet: 471 frameNumber: 1260 continue(12): "bf3cad85365f7e001265820a"
DBG send Continue packet: 472 frameNumber: 1260 continue(12): "3f8871ff6f80001019384018"
DBG send Continue packet: 473 frameNumber: 1260 continue(12): "0000405b422fc1eb0ac99090"
DBG send Continue packet: 475 frameNumber: 1260 continue(12): "a6cd3fffd9ade7c3b55ffabc"
DBG send Continue packet: 476 frameNumber: 1260 continue(12): "3505f9ec0d3ff002c08a921a"
DBG send Continue packet: 477 frameNumber: 1260 continue(12): "c5a72c61f5dbf284b9c604a7"
DBG send Continue packet: 478 frameNumber: 1260 continue(12): "4c6e6f0753549f0158865097"
DBG send Continue packet: 480 frameNumber: 1260 continue(12): "0c491feaa2c7f06dc6a7d3b5"
DBG send Continue packet: 481 frameNumber: 1260 continue(12): "02560ac12aad545c2c2faf00"
DBG send Continue packet: 482 frameNumber: 1260 continue(12): "8038172c80002e00e05cbf03"
DBG send Continue packet: 483 frameNumber: 1260 continue(12): "2ffedffc00598a0b0c240974"
DBG send Continue packet: 485 frameNumber: 1260 continue(12): "a5da08e02b80e0002cc69fd2"
DBG send Continue packet: 486 frameNumber: 1260 continue(12): "34f731d5cf48ecaf2cdafe78"
DBG send Continue packet: 487 frameNumber: 1260 continue(12): "ff804c0047a12c5ae7f8d280"
DBG send Continue packet: 488 frameNumber: 1260 continue(12): "6b4000e818a418e58977ec14"
DBG send Continue packet: 490 frameNumber: 1260 continue(12): "ef000b0140b38be6f287cc5b"
DBG send End packet: 491 frameNumber: 1260 end(12): "2b28378090ef786c310d1f1c"
StreamerWidget: Sent frame 1260 for stream "QGZMKE"
Sending frame 1261 size: 11 first packet: 492 firstBytes(hex): "00000001419a20e800cab0"
DBG send Start packet: 492 frameNumber: 1261 frameSize: 11 start(13): "00000001419a20e800cab000ae"
Sending frame 1262 size: 11 first packet: 493 firstBytes(hex): "00000001419a405a0032ac"
DBG send Start packet: 493 frameNumber: 1262 frameSize: 11 start(13): "00000001419a405a0032ac00ae"
Sending frame 1263 size: 11 first packet: 495 firstBytes(hex): "00000001419a607a0032ac"
DBG send Start packet: 495 frameNumber: 1263 frameSize: 11 start(13): "00000001419a607a0032ac00ae"
Sending frame 1264 size: 14 first packet: 496 firstBytes(hex): "00000001419a8026800c99d65130"
DBG send Start packet: 496 frameNumber: 1264 frameSize: 14 start(13): "00000001419a8026800c99d651"
Sending frame 1265 size: 11 first packet: 497 firstBytes(hex): "00000001419aa02a800cab"
DBG send Start packet: 497 frameNumber: 1265 frameSize: 11 start(13): "00000001419aa02a800cab00ae"
Sending frame 1266 size: 30 first packet: 498 firstBytes(hex): "00000001419ac02e81b73755017dcd55c31dddf0"
DBG send Start packet: 498 frameNumber: 1266 frameSize: 30 start(13): "00000001419ac02e81b7375501"
Sending frame 1267 size: 79 first packet: 500 firstBytes(hex): "00000001419ae0328075f775c0d5dc5f80bbea64"
DBG send Start packet: 500 frameNumber: 1267 frameSize: 79 start(13): "00000001419ae0328075f775c0"
Sending frame 1268 size: 11 first packet: 501 firstBytes(hex): "00000001419b0032800cab"
DBG send Start packet: 501 frameNumber: 1268 frameSize: 11 start(13): "00000001419b0032800cab00ae"
Sending frame 1269 size: 11 first packet: 502 firstBytes(hex): "00000001419b2032800cab"
DBG send Start packet: 502 frameNumber: 1269 frameSize: 11 start(13): "00000001419b2032800cab00ae"
Sending frame 1270 size: 11 first packet: 503 firstBytes(hex): "00000001419b4032800cab"
DBG send Start packet: 503 frameNumber: 1270 frameSize: 11 start(13): "00000001419b4032800cab00ae"
Sending frame 1271 size: 11 first packet: 505 firstBytes(hex): "00000001419b6032800cab"
DBG send Start packet: 505 frameNumber: 1271 frameSize: 11 start(13): "00000001419b6032800cab00ae"
Sending frame 1272 size: 11 first packet: 506 firstBytes(hex): "00000001419b8032800cab"
DBG send Start packet: 506 frameNumber: 1272 frameSize: 11 start(13): "00000001419b8032800cab00ae"
Sending frame 1273 size: 11 first packet: 507 firstBytes(hex): "00000001419ba032800cab"
DBG send Start packet: 507 frameNumber: 1273 frameSize: 11 start(13): "00000001419ba032800cab00ae"
Sending frame 1274 size: 129 first packet: 508 firstBytes(hex): "00000001419bc036807a752941372f77014dc99d"
DBG send Start packet: 508 frameNumber: 1274 frameSize: 129 start(13): "00000001419bc036807a752941"
Sending frame 1275 size: 100066 first packet: 510 firstBytes(hex): "000000016742c01eda0360f79b84000003000400"
Found NAL unit at offset 0 type: 7 (SPS)
Found NAL unit at offset 28 type: 8 (PPS)
DBG send Start packet: 510 frameNumber: 1275 frameSize: 100066 start(13): "000000016742c01eda0360f79b"
DBG send Continue packet: 511 frameNumber: 1275 continue(12): "ffee47d0c8e516d4a73d3a19"
DBG send Continue packet: 512 frameNumber: 1275 continue(12): "3770df1b42b6e77fc0671530"
DBG send Continue packet: 513 frameNumber: 1275 continue(12): "8b0418be98ee85697bfb780c"
DBG send Continue packet: 515 frameNumber: 1275 continue(12): "97e749bff5a21969b3d754a1"
DBG send Continue packet: 516 frameNumber: 1275 continue(12): "d0060028d32fc4469448576e"
DBG send Continue packet: 517 frameNumber: 1275 continue(12): "00202c845d2092cf5abcfde8"
DBG send Continue packet: 518 frameNumber: 1275 continue(12): "f3aa959405e55cfa34ddc8f5"
DBG send Continue packet: 520 frameNumber: 1275 continue(12): "f6c5a0e66eefaf3da5c2b2a6"
DBG send Continue packet: 521 frameNumber: 1275 continue(12): "812891044cc069373635185d"
DBG send Continue packet: 522 frameNumber: 1275 continue(12): "204d60704747882fc5057e81"
DBG send Continue packet: 523 frameNumber: 1275 continue(12): "01b4060d2b382cad99c9a49f"
DBG send Continue packet: 525 frameNumber: 1275 continue(12): "2d2a8ae308d644bd60004300"
DBG send Continue packet: 526 frameNumber: 1275 continue(12): "440460d529aec9105dc0861d"
DBG send Continue packet: 527 frameNumber: 1275 continue(12): "5000100350e823b45297ce6c"
DBG send Continue packet: 528 frameNumber: 1275 continue(12): "225dfac5146dde0330960194"
DBG send Continue packet: 530 frameNumber: 1275 continue(12): "f8301c017562a35c2b3e4b4f"
DBG send Continue packet: 531 frameNumber: 1275 continue(12): "033e93225ae927feb7c01001"
DBG send Continue packet: 532 frameNumber: 1275 continue(12): "746ab157223a7ac861e80002"
DBG send Continue packet: 533 frameNumber: 1275 continue(12): "cbd380c06a063d02b7a1c8be"
DBG send Continue packet: 535 frameNumber: 1275 continue(12): "89ce5c2fd273df05ce249005"
DBG send Continue packet: 536 frameNumber: 1275 continue(12): "10007041bb903375bc9d247e"
DBG send Continue packet: 537 frameNumber: 1275 continue(12): "227ff5019c38945a2cba6892"
DBG send Continue packet: 538 frameNumber: 1275 continue(12): "46768700e5d9600bf485efc3"
DBG send Continue packet: 540 frameNumber: 1275 continue(12): "71d3616479fa5eda401c7000"
DBG send Continue packet: 541 frameNumber: 1275 continue(12): "1d59f0f859c00100ac51c863"
DBG send Continue packet: 542 frameNumber: 1275 continue(12): "9430c7c097001fa1af54907e"
DBG send Continue packet: 543 frameNumber: 1275 continue(12): "fa3f1fd196a9a365b9a7e974"
DBG send Continue packet: 545 frameNumber: 1275 continue(12): "4172c3f0e000820b961c0010"
DBG send Continue packet: 546 frameNumber: 1275 continue(12): "8e082119d2e8a5d47087f580"
DBG send Continue packet: 547 frameNumber: 1275 continue(12): "dd0bfee3081b5d2d042455b9"
DBG send Continue packet: 548 frameNumber: 1275 continue(12): "723b2f0e47658723b2fa150b"
DBG send Continue packet: 550 frameNumber: 1275 continue(12): "bc2e5c9cc35792177f380001"
DBG send Continue packet: 551 frameNumber: 1275 continue(12): "ac30a1c6f5c31812030081d9"
DBG send Continue packet: 552 frameNumber: 1275 continue(12): "2db18f04f17e7a40f1ffe878"
DBG send Continue packet: 553 frameNumber: 1275 continue(12): "bd2c480082e5d178ab80f470"
DBG send Continue packet: 555 frameNumber: 1275 continue(12): "005268d0000800bb75200060"
DBG send Continue packet: 556 frameNumber: 1275 continue(12): "00c000a831c00040cf44d37a"
DBG send Continue packet: 557 frameNumber: 1275 continue(12): "6a5833c62b893cc3823770e7"
DBG send Continue packet: 558 frameNumber: 1275 continue(12): "845a02ca0cbe4de593172fc2"
DBG send Continue packet: 560 frameNumber: 1275 continue(12): "1940a6b6fa5ad4e382adc01a"
DBG send Continue packet: 561 frameNumber: 1275 continue(12): "4b32110e1db079820e6ba1e1"
DBG send Continue packet: 562 frameNumber: 1275 continue(12): "5800eaa8e7bca81493fb4008"
DBG send Continue packet: 563 frameNumber: 1275 continue(12): "050f995e04e318bf1bbffb7d"
DBG send Continue packet: 565 frameNumber: 1275 continue(12): "ec9abb300fba00f1a3aebe2a"
DBG send Continue packet: 566 frameNumber: 1275 continue(12): "68c35eea8566d7bdddcd9a7f"
DBG send Continue packet: 567 frameNumber: 1275 continue(12): "9c5677c00e10022d40235d01"
DBG send Continue packet: 568 frameNumber: 1275 continue(12): "2ff9c3a87b76bf0ff4ebd34f"
DBG send Continue packet: 570 frameNumber: 1275 continue(12): "024a1b6d0ae47d322de2f0f4"
DBG send Continue packet: 571 frameNumber: 1275 continue(12): "fe3070003000580396400974"
DBG send Continue packet: 572 frameNumber: 1275 continue(12): "86b12c863fef700006800140"
DBG send Continue packet: 573 frameNumber: 1275 continue(12): "2ba7f00a02417d722a4873f5"
DBG send Continue packet: 575 frameNumber: 1275 continue(12): "17e1e8297028bd5cf5bf8169"
DBG send Continue packet: 576 frameNumber: 1275 continue(12): "703606f62ce58c4e673e05f1"
DBG send Continue packet: 577 frameNumber: 1275 continue(12): "c353159f2f9ea3580a00101c"
DBG send Continue packet: 578 frameNumber: 1275 continue(12): "8f004e2b658811bcb0e23797"
DBG send Continue packet: 580 frameNumber: 1275 continue(12): "944520a7bd2a2834f7f808f4"
DBG send Continue packet: 581 frameNumber: 1275 continue(12): "02f218cf3e70730457d7dc00"
DBG send Continue packet: 582 frameNumber: 1275 continue(12): "8152dadaba7befd9e2ae3fd7"
DBG send Continue packet: 583 frameNumber: 1275 continue(12): "ae001000c1499a140bea48d1"
DBG send Continue packet: 585 frameNumber: 1275 continue(12): "1e818ea40e5182eeb9116abf"
DBG send Continue packet: 586 frameNumber: 1275 continue(12): "4fca86eeec61d89f68b3fffb"
DBG send Continue packet: 587 frameNumber: 1275 continue(12): "e0d14af4c34708a937088699"
DBG send Continue packet: 588 frameNumber: 1275 continue(12): "87fc68d1812000204e005600"
DBG send Continue packet: 590 frameNumber: 1275 continue(12): "000204c00a4183fe29efc175"
DBG send Continue packet: 591 frameNumber: 1275 continue(12): "33b4e71b44789e5e000040a0"
DBG send Continue packet: 592 frameNumber: 1275 continue(12): "50005d400c96116899f1a564"
DBG send Continue packet: 593 frameNumber: 1275 continue(12): "5bac42be121000100d000103"
DBG send Continue packet: 595 frameNumber: 1275 continue(12): "efcf2b614d97df8004996082"
DBG send Continue packet: 596 frameNumber: 1275 continue(12): "8fe21c7fdbe00004064e1006"
DBG send Continue packet: 597 frameNumber: 1275 continue(12): "40001016d08bf07ac2b26424"
DBG send Continue packet: 598 frameNumber: 1275 continue(12): "69b34ffff66b79f0ed57feaf"
DBG send Continue packet: 600 frameNumber: 1275 continue(12): "cd417e7b034ffc00b022a486"
DBG send Continue packet: 601 frameNumber: 1275 continue(12): "7169cb187d76fca12e718129"
DBG send Continue packet: 602 frameNumber: 1275 continue(12): "131b9bc1d4d527c056219425"
DBG send Continue packet: 603 frameNumber: 1275 continue(12): "831247faa8b1fc1b71a9f4ed"
DBG send Continue packet: 605 frameNumber: 1275 continue(12): "c09582b04aab55170b0bebc0"
DBG send Continue packet: 606 frameNumber: 1275 continue(12): "e00e05cb20000b8038172fc0"
DBG send Continue packet: 607 frameNumber: 1275 continue(12): "cbffb7ff00166282c309025d"
DBG send Continue packet: 608 frameNumber: 1275 continue(12): "a97682380ae038000b31a7f4"
DBG send Continue packet: 610 frameNumber: 1275 continue(12): "cd3dcc7573d23b2bcb36bf9e"
DBG send Continue packet: 611 frameNumber: 1275 continue(12): "3fe0130011e84b16b9fe34a0"
DBG send Continue packet: 612 frameNumber: 1275 continue(12): "9ad0003a06290639625dfb05"
DBG send Continue packet: 613 frameNumber: 1275 continue(12): "fbc002c0502ce2f9bca1f316"
DBG send End packet: 615 frameNumber: 1275 end(12): "8aca0de0243bde1b0c4347c7"
Sending frame 1276 size: 11 first packet: 616 firstBytes(hex): "00000001419a20e800cab0"
DBG send Start packet: 616 frameNumber: 1276 frameSize: 11 start(13): "00000001419a20e800cab000ae"
Sending frame 1277 size: 11 first packet: 617 firstBytes(hex): "00000001419a405a0032ac"
DBG send Start packet: 617 frameNumber: 1277 frameSize: 11 start(13): "00000001419a405a0032ac00ae"
Sending frame 1278 size: 11 first packet: 618 firstBytes(hex): "00000001419a607a0032ac"
DBG send Start packet: 618 frameNumber: 1278 frameSize: 11 start(13): "00000001419a607a0032ac00ae"
Sending frame 1279 size: 14 first packet: 620 firstBytes(hex): "00000001419a8026800c99d65130"
DBG send Start packet: 620 frameNumber: 1279 frameSize: 14 start(13): "00000001419a8026800c99d651"
Sending frame 1280 size: 11 first packet: 621 firstBytes(hex): "00000001419aa02a800cab"
DBG send Start packet: 621 frameNumber: 1280 frameSize: 11 start(13): "00000001419aa02a800cab00ae"
Sending frame 1281 size: 30 first packet: 622 firstBytes(hex): "00000001419ac02e81b73755017dcd55c31dddf0"
DBG send Start packet: 622 frameNumber: 1281 frameSize: 30 start(13): "00000001419ac02e81b7375501"
Sending frame 1282 size: 79 first packet: 623 firstBytes(hex): "00000001419ae0328075f775c0d5dc5f80bbea64"
DBG send Start packet: 623 frameNumber: 1282 frameSize: 79 start(13): "00000001419ae0328075f775c0"
Sending frame 1283 size: 11 first packet: 625 firstBytes(hex): "00000001419b0032800cab"
DBG send Start packet: 625 frameNumber: 1283 frameSize: 11 start(13): "00000001419b0032800cab00ae"
Sending frame 1284 size: 11 first packet: 626 firstBytes(hex): "00000001419b2032800cab"
DBG send Start packet: 626 frameNumber: 1284 frameSize: 11 start(13): "00000001419b2032800cab0000"
Sending frame 1285 size: 11 first packet: 627 firstBytes(hex): "00000001419b4032800cab"
DBG send Start packet: 627 frameNumber: 1285 frameSize: 11 start(13): "00000001419b4032800cab0000"
Sending frame 1286 size: 11 first packet: 628 firstBytes(hex): "00000001419b6032800cab"
DBG send Start packet: 628 frameNumber: 1286 frameSize: 11 start(13): "00000001419b6032800cab00ae"
Sending frame 1287 size: 11 first packet: 630 firstBytes(hex): "00000001419b8032800cab"
DBG send Start packet: 630 frameNumber: 1287 frameSize: 11 start(13): "00000001419b8032800cab00ae"
Sending frame 1288 size: 11 first packet: 631 firstBytes(hex): "00000001419ba032800cab"
DBG send Start packet: 631 frameNumber: 1288 frameSize: 11 start(13): "00000001419ba032800cab0000"
Sending frame 1289 size: 129 first packet: 632 firstBytes(hex): "00000001419bc036807a752941372f77014dc99d"
DBG send Start packet: 632 frameNumber: 1289 frameSize: 129 start(13): "00000001419bc036807a752941"
Sending frame 1290 size: 100066 first packet: 633 firstBytes(hex): "000000016742c01eda0360f79b84000003000400"
Found NAL unit at offset 0 type: 7 (SPS)
Found NAL unit at offset 28 type: 8 (PPS)
DBG send Start packet: 633 frameNumber: 1290 frameSize: 100066 start(13): "000000016742c01eda0360f79b"
DBG send Continue packet: 635 frameNumber: 1290 continue(12): "ffb91f4323945b529cf4e866"
DBG send Continue packet: 636 frameNumber: 1290 continue(12): "ddc37c6d0adb9dff019c54c1"
DBG send Continue packet: 637 frameNumber: 1290 continue(12): "2c1062fa63ba15a5efede031"
DBG send Continue packet: 638 frameNumber: 1290 continue(12): "5f9d26ffd68865a6cf5d5287"
DBG send Continue packet: 640 frameNumber: 1290 continue(12): "401800a34cbf111a51215db8"
DBG send Continue packet: 641 frameNumber: 1290 continue(12): "0080b21174824b3d6af3f7a1"
DBG send Continue packet: 642 frameNumber: 1290 continue(12): "ceaa5650179573e8d37723d6"
DBG send Continue packet: 643 frameNumber: 1290 continue(12): "ffdb168399bbbebcf6970aca"
DBG send Continue packet: 645 frameNumber: 1290 continue(12): "0204a244113301a4dcd8d461"
DBG send Continue packet: 646 frameNumber: 1290 continue(12): "00813581c11d1e20bf1415fa"
DBG send Continue packet: 647 frameNumber: 1290 continue(12): "7806d01834ace0b2b6672692"
DBG send Continue packet: 648 frameNumber: 1290 continue(12): "64b4aa2b8c235912f580010c"
DBG send Continue packet: 650 frameNumber: 1290 continue(12): "4110118354a6bb2441770218"
DBG send Continue packet: 651 frameNumber: 1290 continue(12): "014000400d43a08ed14a5f39"
DBG send Continue packet: 652 frameNumber: 1290 continue(12): "c48977eb1451b7780cc25806"
DBG send Continue packet: 653 frameNumber: 1290 continue(12): "c7e0c07005d58a8d70acf92d"
DBG send Continue packet: 655 frameNumber: 1290 continue(12): "300cfa4c896ba49ffadf0040"
DBG send Continue packet: 656 frameNumber: 1290 continue(12): "e5d1aac55c88e9eb2187a000"
DBG send Continue packet: 657 frameNumber: 1290 continue(12): "9f2f4e0301a818f40ade8722"
DBG send Continue packet: 658 frameNumber: 1290 continue(12): "9e273970bf49cf7c17389240"
DBG send Continue packet: 660 frameNumber: 1290 continue(12): "004001c106ee40cdd6f27491"
DBG send Continue packet: 661 frameNumber: 1290 continue(12): "a72489ffd40670e25168b2e9"
DBG send Continue packet: 662 frameNumber: 1290 continue(12): "047519da1c039765802fd217"
DBG send Continue packet: 663 frameNumber: 1290 continue(12): "a571c74d8591e7e97b690071"
DBG send Continue packet: 665 frameNumber: 1290 continue(12): "ef087567c3e167000402b147"
DBG send Continue packet: 666 frameNumber: 1290 continue(12): "849250c31f025c007e86bd52"
DBG send Continue packet: 667 frameNumber: 1290 continue(12): "77e8fc7f465aa68d96e69fa5"
DBG send Continue packet: 668 frameNumber: 1290 continue(12): "4105cb0fc38002082e587000"
DBG send Continue packet: 670 frameNumber: 1290 continue(12): "02382084674ba29751c21fd6"
DBG send Continue packet: 671 frameNumber: 1290 continue(12): "83742ffb8c206d74b4109156"
DBG send Continue packet: 672 frameNumber: 1290 continue(12): "d961c8ecbc391d961c8ecbe8"
DBG send Continue packet: 673 frameNumber: 1290 continue(12): "2082f0b972730d5e485dfce0"
DBG send Continue packet: 675 frameNumber: 1290 continue(12): "dbaeb0c2871bd70c60480c02"
DBG send Continue packet: 676 frameNumber: 1290 continue(12): "7ad8b6c63c13c5f9e903c7ff"
DBG send Continue packet: 677 frameNumber: 1290 continue(12): "4df2f4b120020b9745e2ae03"
DBG send Continue packet: 678 frameNumber: 1290 continue(12): "37800149a340002002edd480"
DBG send Continue packet: 680 frameNumber: 1290 continue(12): "861c030002a0c70001033d13"
DBG send Continue packet: 681 frameNumber: 1290 continue(12): "cd21a960cf18ae24f30e08dd"
DBG send Continue packet: 682 frameNumber: 1290 continue(12): "e25211680b2832f937964c5c"
DBG send Continue packet: 683 frameNumber: 1290 continue(12): "dc0065029adbe96b538e0ab7"
DBG send Continue packet: 685 frameNumber: 1290 continue(12): "4ebd2cc8443876c1e60839ae"
DBG send Continue packet: 686 frameNumber: 1290 continue(12): "f6896003aaa39ef2a0524fed"
DBG send Continue packet: 687 frameNumber: 1290 continue(12): "1780143e6578138c62fc6eff"
DBG send Continue packet: 688 frameNumber: 1290 continue(12): "adabb26aecc03ee803c68eba"
DBG send Continue packet: 690 frameNumber: 1290 continue(12): "0891a30d7baa159b5ef77736"
DBG send Continue packet: 691 frameNumber: 1290 continue(12): "0bea7159df00384008b5008d"
DBG send Continue packet: 692 frameNumber: 1290 continue(12): "2870bfe70ea1eddafc3fd3af"
DBG send Continue packet: 693 frameNumber: 1290 continue(12): "3c09286db42b91f4c8b78bc3"
DBG send Continue packet: 695 frameNumber: 1290 continue(12): "0ff8c1c000c001600e590025"
DBG send Continue packet: 696 frameNumber: 1290 continue(12): "521ac4b218ffbdc0001a0005"
DBG send Continue packet: 697 frameNumber: 1290 continue(12): "6cae9fc0280905f5c8a921cf"
DBG send Continue packet: 698 frameNumber: 1290 continue(12): "785f87a0a5c0a2f573d6fe05"
DBG send Continue packet: 700 frameNumber: 1290 continue(12): "09c0d81bd8b39631399cf817"
DBG send Continue packet: 701 frameNumber: 1290 continue(12): "5b0d4c567cbe7a8d60280040"
DBG send Continue packet: 702 frameNumber: 1290 continue(12): "ea3c0138ad962046f2c388de"
DBG send Continue packet: 703 frameNumber: 1290 continue(12): "865114829ef4a8a0d3dfe023"
DBG send Continue packet: 705 frameNumber: 1290 continue(12): "800bc8633cf9c1cc115f5f70"
DBG send Continue packet: 706 frameNumber: 1290 continue(12): "06054b6b6ae9efbf678ab8ff"
DBG send Continue packet: 707 frameNumber: 1290 continue(12): "0ab8004003052668502fa923"
DBG send Continue packet: 708 frameNumber: 1290 continue(12): "807a063a9039460bbae445aa"
DBG send Continue packet: 710 frameNumber: 1290 continue(12): "313f2a1bbbb187627da2cfff"
DBG send Continue packet: 711 frameNumber: 1290 continue(12): "4383452bd30d1c22a4dc221a"
DBG send Continue packet: 712 frameNumber: 1290 continue(12): "061ff1a34604800081380158"
DBG send Continue packet: 713 frameNumber: 1290 continue(12): "c00008130029060ff8a7bf05"
DBG send Continue packet: 715 frameNumber: 1290 continue(12): "60ced39c6d11e27978000102"
DBG send Continue packet: 716 frameNumber: 1290 continue(12): "40017500325845a267c69592"
DBG send Continue packet: 717 frameNumber: 1290 continue(12): "6eb10af8484000403400040f"
DBG send Continue packet: 718 frameNumber: 1290 continue(12): "bf3cad85365f7e001265820a"
DBG send Continue packet: 720 frameNumber: 1290 continue(12): "3f8871ff6f80001019384018"
DBG send Continue packet: 721 frameNumber: 1290 continue(12): "0000405b422fc1eb0ac99090"
DBG send Continue packet: 722 frameNumber: 1290 continue(12): "a6cd3fffd9ade7c3b55ffabc"
DBG send Continue packet: 723 frameNumber: 1290 continue(12): "3505f9ec0d3ff002c08a921a"
DBG send Continue packet: 725 frameNumber: 1290 continue(12): "c5a72c61f5dbf284b9c604a7"
DBG send Continue packet: 726 frameNumber: 1290 continue(12): "4c6e6f0753549f0158865097"
DBG send Continue packet: 727 frameNumber: 1290 continue(12): "0c491feaa2c7f06dc6a7d3b5"
DBG send Continue packet: 728 frameNumber: 1290 continue(12): "02560ac12aad545c2c2faf00"
DBG send Continue packet: 730 frameNumber: 1290 continue(12): "8038172c80002e00e05cbf03"
DBG send Continue packet: 731 frameNumber: 1290 continue(12): "2ffedffc00598a0b0c240974"
DBG send Continue packet: 732 frameNumber: 1290 continue(12): "a5da08e02b80e0002cc69fd2"
DBG send Continue packet: 733 frameNumber: 1290 continue(12): "34f731d5cf48ecaf2cdafe78"
DBG send Continue packet: 735 frameNumber: 1290 continue(12): "ff804c0047a12c5ae7f8d280"
DBG send Continue packet: 736 frameNumber: 1290 continue(12): "6b4000e818a418e58977ec14"
DBG send Continue packet: 737 frameNumber: 1290 continue(12): "ef000b0140b38be6f287cc5b"
DBG send End packet: 738 frameNumber: 1290 end(12): "2b28378090ef786c310d1f1c"
StreamerWidget: Sent frame 1290 for stream "QGZMKE"
Sending frame 1291 size: 11 first packet: 740 firstBytes(hex): "00000001419a20e800cab0"
DBG send Start packet: 740 frameNumber: 1291 frameSize: 11 start(13): "00000001419a20e800cab000ae"
Sending frame 1292 size: 11 first packet: 741 firstBytes(hex): "00000001419a405a0032ac"
DBG send Start packet: 741 frameNumber: 1292 frameSize: 11 start(13): "00000001419a405a0032ac00ae"
Sending frame 1293 size: 11 first packet: 742 firstBytes(hex): "00000001419a607a0032ac"
DBG send Start packet: 742 frameNumber: 1293 frameSize: 11 start(13): "00000001419a607a0032ac00ae"
Sending frame 1294 size: 14 first packet: 743 firstBytes(hex): "00000001419a8026800c99d65130"
DBG send Start packet: 743 frameNumber: 1294 frameSize: 14 start(13): "00000001419a8026800c99d651"
Sending frame 1295 size: 11 first packet: 745 firstBytes(hex): "00000001419aa02a800cab"
DBG send Start packet: 745 frameNumber: 1295 frameSize: 11 start(13): "00000001419aa02a800cab00ae"
Sending frame 1296 size: 30 first packet: 746 firstBytes(hex): "00000001419ac02e81b73755017dcd55c31dddf0"
DBG send Start packet: 746 frameNumber: 1296 frameSize: 30 start(13): "00000001419ac02e81b7375501"
Sending frame 1297 size: 79 first packet: 747 firstBytes(hex): "00000001419ae0328075f775c0d5dc5f80bbea64"
DBG send Start packet: 747 frameNumber: 1297 frameSize: 79 start(13): "00000001419ae0328075f775c0"
Sending frame 1298 size: 208 first packet: 748 firstBytes(hex): "00000001419b00328016772f006c11661cd1f00a"
DBG send Start packet: 748 frameNumber: 1298 frameSize: 208 start(13): "00000001419b00328016772f00"
Device 0 FPS: 30.012
Sending frame 1299 size: 410 first packet: 750 firstBytes(hex): "00000001419b20328013186dc001000040880004"
DBG send Start packet: 750 frameNumber: 1299 frameSize: 410 start(13): "00000001419b20328013186dc0"
Sending frame 1300 size: 164 first packet: 751 firstBytes(hex): "00000001419b40328038417c0010600020288070"
DBG send Start packet: 751 frameNumber: 1300 frameSize: 164 start(13): "00000001419b40328038417c00"
Sending frame 1301 size: 123 first packet: 752 firstBytes(hex): "00000001419b603280241c5f800243621c8e33c0"
DBG send Start packet: 752 frameNumber: 1301 frameSize: 123 start(13): "00000001419b603280241c5f80"
Sending frame 1302 size: 186 first packet: 753 firstBytes(hex): "00000001419b803280fc13c001000c18e3cf38f3"
DBG send Start packet: 753 frameNumber: 1302 frameSize: 186 start(13): "00000001419b803280fc13c001"
Sending frame 1303 size: 109 first packet: 755 firstBytes(hex): "00000001419ba032809013c001044280064a5280"
DBG send Start packet: 755 frameNumber: 1303 frameSize: 109 start(13): "00000001419ba032809013c001"
Sending frame 1304 size: 90 first packet: 756 firstBytes(hex): "00000001419bc032809013c0010020c155249a64"
DBG send Start packet: 756 frameNumber: 1304 frameSize: 90 start(13): "00000001419bc032809013c001"
Sending frame 1305 size: 100060 first packet: 757 firstBytes(hex): "000000016742c01eda0360f79b84000003000400"
Found NAL unit at offset 0 type: 7 (SPS)
Found NAL unit at offset 28 type: 8 (PPS)
DBG send Start packet: 757 frameNumber: 1305 frameSize: 100060 start(13): "000000016742c01eda0360f79b"
DBG send Continue packet: 758 frameNumber: 1305 continue(12): "ffee47d0c8e516d4a73d3a19"
DBG send Continue packet: 760 frameNumber: 1305 continue(12): "3770df1b42b6e77fc0671530"
DBG send Continue packet: 761 frameNumber: 1305 continue(12): "8b0418be98ee85697bfb780c"
DBG send Continue packet: 762 frameNumber: 1305 continue(12): "f714b4fa179a230c868e1758"
DBG send Continue packet: 763 frameNumber: 1305 continue(12): "c48ffee000c182ec6ad5c61e"
DBG send Continue packet: 765 frameNumber: 1305 continue(12): "21c26119eee5655622e80018"
DBG send Continue packet: 766 frameNumber: 1305 continue(12): "226b18934a02800080380718"
DBG send Continue packet: 767 frameNumber: 1305 continue(12): "7e0c01516a200a5431019d8c"
DBG send Continue packet: 768 frameNumber: 1305 continue(12): "bb0616039b264b73ef30f350"
DBG send Continue packet: 770 frameNumber: 1305 continue(12): "585baee9bbfff047b99117af"
DBG send Continue packet: 771 frameNumber: 1305 continue(12): "00b02829be10464070830dca"
DBG send Continue packet: 772 frameNumber: 1305 continue(12): "00201270414566489227e2e8"
DBG send Continue packet: 773 frameNumber: 1305 continue(12): "d5bfbb0bb8007401e1346c0a"
DBG send Continue packet: 775 frameNumber: 1305 continue(12): "2e8eba216f6ea0497995fde8"
DBG send Continue packet: 776 frameNumber: 1305 continue(12): "2cdb8f6d0a5986ae7fb7bfe0"
DBG send Continue packet: 777 frameNumber: 1305 continue(12): "801b71095d412349d4e1ebbe"
DBG send Continue packet: 778 frameNumber: 1305 continue(12): "ff0614827a78740001002aa0"
DBG send Continue packet: 780 frameNumber: 1305 continue(12): "3ccf6c1c0ee600a000606060"
DBG send Continue packet: 781 frameNumber: 1305 continue(12): "36ff0baf8004010e3822add4"
DBG send Continue packet: 782 frameNumber: 1305 continue(12): "b64b12464919ff861e9c605a"
DBG send Continue packet: 783 frameNumber: 1305 continue(12): "09156d770aa1c10000804214"
DBG send Continue packet: 785 frameNumber: 1305 continue(12): "7fed009c1c20c40af5531206"
DBG send Continue packet: 786 frameNumber: 1305 continue(12): "20000f811d2c800010020149"
DBG send Continue packet: 787 frameNumber: 1305 continue(12): "80204000a9a1d443b5dfea11"
DBG send Continue packet: 788 frameNumber: 1305 continue(12): "8cc4512eee64d0d800040286"
DBG send Continue packet: 790 frameNumber: 1305 continue(12): "f6800060040beb0d0bf4b616"
DBG send Continue packet: 791 frameNumber: 1305 continue(12): "3dd60684013a440000817000"
DBG send Continue packet: 792 frameNumber: 1305 continue(12): "0380045fb81c004010013702"
DBG send Continue packet: 793 frameNumber: 1305 continue(12): "cf9825fffb82ea0282239e94"
DBG send Continue packet: 795 frameNumber: 1305 continue(12): "48b4964917448b78e31b1c44"
DBG send Continue packet: 796 frameNumber: 1305 continue(12): "307c16742c3100007408eb84"
DBG send Continue packet: 797 frameNumber: 1305 continue(12): "7089144e1c09da91c005680a"
DBG send Continue packet: 798 frameNumber: 1305 continue(12): "1e9f046d9fafa00bcf411c59"
DBG send Continue packet: 800 frameNumber: 1305 continue(12): "b4481ddc9c048fefb6c07084"
DBG send Continue packet: 801 frameNumber: 1305 continue(12): "786bbc9bc32bfda23000100b"
DBG send Continue packet: 802 frameNumber: 1305 continue(12): "029e9ef22b1abe38d52d2c88"
DBG send Continue packet: 803 frameNumber: 1305 continue(12): "7fdb4d1dfba40021c648727c"
DBG send Continue packet: 805 frameNumber: 1305 continue(12): "4b34a014eee042183a3ca000"
DBG send Continue packet: 806 frameNumber: 1305 continue(12): "ce414d1ef64e29554ebfc2eb"
DBG send Continue packet: 807 frameNumber: 1305 continue(12): "7840652dfee32e8671c4751f"
DBG send Continue packet: 808 frameNumber: 1305 continue(12): "49efbf003700027a5e0603e4"
DBG send Continue packet: 810 frameNumber: 1305 continue(12): "dee6765ce0cfdc101c900d65"
DBG send Continue packet: 811 frameNumber: 1305 continue(12): "cf361c452919d9d8d4800010"
DBG send Continue packet: 812 frameNumber: 1305 continue(12): "209bff6d000cab066710002b"
DBG send Continue packet: 813 frameNumber: 1305 continue(12): "149fddff77b7ffe049e628f5"
DBG send Continue packet: 815 frameNumber: 1305 continue(12): "7994aaac562730049ffe0120"
DBG send Continue packet: 816 frameNumber: 1305 continue(12): "bc1ad2ffe88b4d340f66bc92"
DBG send Continue packet: 817 frameNumber: 1305 continue(12): "1eb3b6d2b83fff8948277a37"
DBG send Continue packet: 818 frameNumber: 1305 continue(12): "cd1800058005900e5ae84c2d"
DBG send Continue packet: 820 frameNumber: 1305 continue(12): "fef7000068001407d97489e8"
DBG send Continue packet: 821 frameNumber: 1305 continue(12): "2417d722a4873f5d9fa68015"
DBG send Continue packet: 822 frameNumber: 1305 continue(12): "028bd5cf5bf8169b409a758f"
DBG send Continue packet: 823 frameNumber: 1305 continue(12): "ce58c4e673e05f11f45980bf"
DBG send Continue packet: 825 frameNumber: 1305 continue(12): "f9ea3580a00101c4b62f8a6a"
DBG send Continue packet: 826 frameNumber: 1305 continue(12): "58811bcb0e23797e1c46f2c3"
DBG send Continue packet: 827 frameNumber: 1305 continue(12): "d2a2834f7f808f416825c205"
DBG send Continue packet: 828 frameNumber: 1305 continue(12): "e70730457d7dc00200ae4893"
DBG send Continue packet: 830 frameNumber: 1305 continue(12): "a7befd9e2ae3fd7efcff3f1a"
DBG send Continue packet: 831 frameNumber: 1305 continue(12): "1499a140bea48d1df24f52d7"
DBG send Continue packet: 832 frameNumber: 1305 continue(12): "e5182eeb9116abfa001c0c62"
DBG send Continue packet: 833 frameNumber: 1305 continue(12): "c61d89f68b3fffbccfab2977"
DBG send Continue packet: 835 frameNumber: 1305 continue(12): "34708a9370886992fb830007"
DBG send Continue packet: 836 frameNumber: 1305 continue(12): "12000204e005600399890596"
DBG send Continue packet: 837 frameNumber: 1305 continue(12): "183fe29efc1755d13335c981"
DBG send Continue packet: 838 frameNumber: 1305 continue(12): "89e5e000040a000e1ea66201"
DBG send Continue packet: 840 frameNumber: 1305 continue(12): "16899f1a56488003b8400020"
DBG send Continue packet: 841 frameNumber: 1305 continue(12): "0100d000103db9c311855983"
DBG send Continue packet: 842 frameNumber: 1305 continue(12): "f80049960829317270c268f0"
DBG send Continue packet: 843 frameNumber: 1305 continue(12): "00004064e10062a235456bb6"
DBG send Continue packet: 845 frameNumber: 1305 continue(12): "bf07ac2b264242ea57ff7008"
DBG send Continue packet: 846 frameNumber: 1305 continue(12): "b79f0ed57feaf2d3b76f02ce"
DBG send Continue packet: 847 frameNumber: 1305 continue(12): "ffc00b022a486b091b5301cc"
DBG send Continue packet: 848 frameNumber: 1305 continue(12): "6fca12e718129c092cb04649"
DBG send Continue packet: 850 frameNumber: 1305 continue(12): "527c056219425cd1ae348382"
DBG send Continue packet: 851 frameNumber: 1305 continue(12): "1fc1b71a9f4ed61970a4bff4"
DBG send Continue packet: 852 frameNumber: 1305 continue(12): "b55170b0bebc000080408319"
DBG send Continue packet: 853 frameNumber: 1305 continue(12): "00b8038172fc0d00081a5f9d"
DBG send Continue packet: 855 frameNumber: 1305 continue(12): "66282c309025d096f254c798"
DBG send Continue packet: 856 frameNumber: 1305 continue(12): "038000b31a7f4b3f821486ff"
DBG send Continue packet: 857 frameNumber: 1305 continue(12): "23b2bcb36bf9e00551be926f"
DBG send Continue packet: 858 frameNumber: 1305 continue(12): "84b16b9fe34a027c3fffe984"
DBG send Continue packet: 860 frameNumber: 1305 continue(12): "90639625dfb051675f300004"
DBG send Continue packet: 861 frameNumber: 1305 continue(12): "ce2f9bca1f316f9f03e73c8d"
DBG send End packet: 862 frameNumber: 1305 end(12): "bde1b0c4347c738002190000"
Sending frame 1306 size: 11 first packet: 863 firstBytes(hex): "00000001419a20e800cab0"
DBG send Start packet: 863 frameNumber: 1306 frameSize: 11 start(13): "00000001419a20e800cab000ae"
Sending frame 1307 size: 11 first packet: 865 firstBytes(hex): "00000001419a405a0032ac"
DBG send Start packet: 865 frameNumber: 1307 frameSize: 11 start(13): "00000001419a405a0032ac00ae"
Sending frame 1308 size: 11 first packet: 866 firstBytes(hex): "00000001419a607a0032ac"
DBG send Start packet: 866 frameNumber: 1308 frameSize: 11 start(13): "00000001419a607a0032ac00ae"
Sending frame 1309 size: 14 first packet: 867 firstBytes(hex): "00000001419a8026800c99d65130"
DBG send Start packet: 867 frameNumber: 1309 frameSize: 14 start(13): "00000001419a8026800c99d651"
Sending frame 1310 size: 11 first packet: 868 firstBytes(hex): "00000001419aa02a800cab"
DBG send Start packet: 868 frameNumber: 1310 frameSize: 11 start(13): "00000001419aa02a800cab00ae"
Sending frame 1311 size: 90 first packet: 870 firstBytes(hex): "00000001419ac02e81b737550904f000431bbdfc"
DBG send Start packet: 870 frameNumber: 1311 frameSize: 90 start(13): "00000001419ac02e81b7375509"
Sending frame 1312 size: 149 first packet: 871 firstBytes(hex): "00000001419ae03280907e0d8fc1b73400100871"
DBG send Start packet: 871 frameNumber: 1312 frameSize: 149 start(13): "00000001419ae03280907e0d8f"
Sending frame 1313 size: 157 first packet: 872 firstBytes(hex): "00000001419b0032805a734001c0c612ead19bc3"
DBG send Start packet: 872 frameNumber: 1313 frameSize: 157 start(13): "00000001419b0032805a734001"
Sending frame 1314 size: 142 first packet: 873 firstBytes(hex): "00000001419b2032802421450004000100038000"
DBG send Start packet: 873 frameNumber: 1314 frameSize: 142 start(13): "00000001419b20328024214500"
Sending frame 1315 size: 47 first packet: 875 firstBytes(hex): "00000001419b403280109737801a37ddaffd7978"
DBG send Start packet: 875 frameNumber: 1315 frameSize: 47 start(13): "00000001419b40328010973780"
Sending frame 1316 size: 76 first packet: 876 firstBytes(hex): "00000001419b6032802430844f00095ae3100c04"
DBG send Start packet: 876 frameNumber: 1316 frameSize: 76 start(13): "00000001419b6032802430844f"
Sending frame 1317 size: 38 first packet: 877 firstBytes(hex): "00000001419b803280243cb8c933c07972f0129e"
DBG send Start packet: 877 frameNumber: 1317 frameSize: 38 start(13): "00000001419b803280243cb8c9"
Sending frame 1318 size: 126 first packet: 878 firstBytes(hex): "00000001419ba0328024310111d03480010092c3"
DBG send Start packet: 878 frameNumber: 1318 frameSize: 126 start(13): "00000001419ba0328024310111"
Sending frame 1319 size: 131 first packet: 880 firstBytes(hex): "00000001419bc032802431020770004000100800"
DBG send Start packet: 880 frameNumber: 1319 frameSize: 131 start(13): "00000001419bc0328024310207"
Sending frame 1320 size: 100112 first packet: 881 firstBytes(hex): "000000016742c01eda0360f79b84000003000400"
Found NAL unit at offset 0 type: 7 (SPS)
Found NAL unit at offset 28 type: 8 (PPS)
DBG send Start packet: 881 frameNumber: 1320 frameSize: 100112 start(13): "000000016742c01eda0360f79b"
DBG send Continue packet: 882 frameNumber: 1320 continue(12): "ffb91f4323945b529cf4e866"
DBG send Continue packet: 883 frameNumber: 1320 continue(12): "ddc37c6d0adb9dff019c54c1"
DBG send Continue packet: 885 frameNumber: 1320 continue(12): "2c1062fa63ba15a5efede031"
DBG send Continue packet: 886 frameNumber: 1320 continue(12): "5f9d26ffd68865a6cf5d5287"
DBG send Continue packet: 887 frameNumber: 1320 continue(12): "401800a34cbf111a51215db8"
DBG send Continue packet: 888 frameNumber: 1320 continue(12): "0080b21174824b3d6af3f7a1"
DBG send Continue packet: 890 frameNumber: 1320 continue(12): "ceaa5650179573e8d37723d6"
DBG send Continue packet: 891 frameNumber: 1320 continue(12): "ffdb168399bbbebcf6970aca"
DBG send Continue packet: 892 frameNumber: 1320 continue(12): "0204a244113301a4dcd8d461"
DBG send Continue packet: 893 frameNumber: 1320 continue(12): "00813581c11d1e20bf1415fa"
DBG send Continue packet: 895 frameNumber: 1320 continue(12): "7806d01834ace0b2b6672692"
DBG send Continue packet: 896 frameNumber: 1320 continue(12): "64b4aa2b8c235912f580010c"
DBG send Continue packet: 897 frameNumber: 1320 continue(12): "4110118354a6bb2441770218"
DBG send Continue packet: 898 frameNumber: 1320 continue(12): "014000400d43a08ed14a5f39"
DBG send Continue packet: 900 frameNumber: 1320 continue(12): "c48977eb1451b7780cc25806"
DBG send Continue packet: 901 frameNumber: 1320 continue(12): "c7e0c07005d58a8d70acf92d"
DBG send Continue packet: 902 frameNumber: 1320 continue(12): "300cfa4c896ba49ffadf0040"
DBG send Continue packet: 903 frameNumber: 1320 continue(12): "e5d1aac55c88e9eb2187a000"
DBG send Continue packet: 905 frameNumber: 1320 continue(12): "9f2f4e0301a818f40ade8722"
DBG send Continue packet: 906 frameNumber: 1320 continue(12): "9e273970bf49cf7c17389240"
DBG send Continue packet: 907 frameNumber: 1320 continue(12): "004001c106ee40cdd6f27491"
DBG send Continue packet: 908 frameNumber: 1320 continue(12): "a72489ffd40670e25168b2e9"
DBG send Continue packet: 910 frameNumber: 1320 continue(12): "047519da1c039765802fd217"
DBG send Continue packet: 911 frameNumber: 1320 continue(12): "b4e6281dc0002800300c92b4"
DBG send Continue packet: 912 frameNumber: 1320 continue(12): "04191544b68bd8d833336265"
DBG send Continue packet: 913 frameNumber: 1320 continue(12): "0580013c0b507cc3396f6eb1"
DBG send Continue packet: 915 frameNumber: 1320 continue(12): "4a38c00d5c02f8474cd48fc5"
DBG send Continue packet: 916 frameNumber: 1320 continue(12): "0534c1d17cf9ef5400277238"
DBG send Continue packet: 917 frameNumber: 1320 continue(12): "7b7d8f2ffff4ed4b21377731"
DBG send Continue packet: 918 frameNumber: 1320 continue(12): "a0e0070398515ce59ef306d7"
DBG send Continue packet: 920 frameNumber: 1320 continue(12): "119307877528c346cdc2c5fe"
DBG send Continue packet: 921 frameNumber: 1320 continue(12): "605ae0d278b4d617f8056800"
DBG send Continue packet: 922 frameNumber: 1320 continue(12): "05f4963d559e5bd5ee04a314"
DBG send Continue packet: 923 frameNumber: 1320 continue(12): "d4848d40a56075ecc88b7738"
DBG send Continue packet: 925 frameNumber: 1320 continue(12): "0c0900ceb3e50b964e6fe4df"
DBG send Continue packet: 926 frameNumber: 1320 continue(12): "96f2ad05b51bffb13b83650c"
DBG send Continue packet: 927 frameNumber: 1320 continue(12): "06eee1fe0106dc604012958c"
DBG send Continue packet: 928 frameNumber: 1320 continue(12): "00636a0037c02597fe6f5b90"
DBG send Continue packet: 930 frameNumber: 1320 continue(12): "bf82b19cdf520cd1a0ed0a40"
DBG send Continue packet: 931 frameNumber: 1320 continue(12): "94208cde19fa9dae189a65e0"
DBG send Continue packet: 932 frameNumber: 1320 continue(12): "e0ead7c421acbde700803366"
DBG send Continue packet: 933 frameNumber: 1320 continue(12): "16748d93be5aa786e2015800"
DBG send Continue packet: 935 frameNumber: 1320 continue(12): "4c570213330022b0933a14a8"
DBG send Continue packet: 936 frameNumber: 1320 continue(12): "0c9fdab47bc17f06c4850003"
DBG send Continue packet: 937 frameNumber: 1320 continue(12): "c0010000402080053d26042a"
DBG send Continue packet: 938 frameNumber: 1320 continue(12): "03893bf563ffbfc0e08c4cb0"
DBG send Continue packet: 940 frameNumber: 1320 continue(12): "0660003124a19729f6048a37"
DBG send Continue packet: 941 frameNumber: 1320 continue(12): "80001016000f909923903325"
DBG send Continue packet: 942 frameNumber: 1320 continue(12): "bc21749f5e86350d1957eac0"
DBG send Continue packet: 943 frameNumber: 1320 continue(12): "6e9ff2922e62c8b3796896d5"
DBG send Continue packet: 945 frameNumber: 1320 continue(12): "09aaac7023e002d3ca5180a6"
DBG send Continue packet: 946 frameNumber: 1320 continue(12): "b80100cef105819415d7ade4"
DBG send Continue packet: 947 frameNumber: 1320 continue(12): "22a0002f580b8405a380b886"
DBG send Continue packet: 948 frameNumber: 1320 continue(12): "2a9fd34eb8a6efba909cb64f"
DBG send Continue packet: 950 frameNumber: 1320 continue(12): "e2c85ca50b7966b492430f0c"
DBG send Continue packet: 951 frameNumber: 1320 continue(12): "f00f71b2408bce55874466b0"
DBG send Continue packet: 952 frameNumber: 1320 continue(12): "0ea188721c8c5fe1b0ed562e"
DBG send Continue packet: 953 frameNumber: 1320 continue(12): "61122b0aa87fed001085c354"
DBG send Continue packet: 955 frameNumber: 1320 continue(12): "bb37f08000802162488bfddd"
DBG send Continue packet: 956 frameNumber: 1320 continue(12): "1bc3d770035cce712f6b1ba8"
DBG send Continue packet: 957 frameNumber: 1320 continue(12): "f88844210c33390600122171"
DBG send Continue packet: 958 frameNumber: 1320 continue(12): "f680b901d7850465b6e3250d"
DBG send Continue packet: 960 frameNumber: 1320 continue(12): "3f000bc0185862c082132822"
DBG send Continue packet: 961 frameNumber: 1320 continue(12): "8b3a37257c5684aff5982efe"
DBG send Continue packet: 962 frameNumber: 1320 continue(12): "c322f48a14a4c778cb379900"
DBG send Continue packet: 963 frameNumber: 1320 continue(12): "f7df7df7c2f8002000080000"
DBG send Continue packet: 965 frameNumber: 1320 continue(12): "c0843c0018053605915d3e1c"
DBG send Continue packet: 966 frameNumber: 1320 continue(12): "6f1f21c5497740d3fcd9c96e"
DBG send Continue packet: 967 frameNumber: 1320 continue(12): "c186eee2b470a66770967e60"
DBG send Continue packet: 968 frameNumber: 1320 continue(12): "ebf11b8f43affbb800010010"
DBG send Continue packet: 970 frameNumber: 1320 continue(12): "b89a0600a201bed9b7b26423"
DBG send Continue packet: 971 frameNumber: 1320 continue(12): "ebbcbf122fd75d75d75d75d7"
DBG send Continue packet: 972 frameNumber: 1320 continue(12): "6084c3a85cad02ac1474b715"
DBG send Continue packet: 973 frameNumber: 1320 continue(12): "c4678000b10a449035d87625"
DBG send Continue packet: 975 frameNumber: 1320 continue(12): "c158314ebd7ea307c0402050"
DBG send Continue packet: 976 frameNumber: 1320 continue(12): "934be4722c02757087a05472"
DBG send Continue packet: 977 frameNumber: 1320 continue(12): "90c2e53ff52031a6c179ae13"
DBG send Continue packet: 978 frameNumber: 1320 continue(12): "a0f0b4de3bff982d03cf0ea8"
DBG send Continue packet: 980 frameNumber: 1320 continue(12): "77e7fc9bb7d9b67f42bf36fc"
DBG send Continue packet: 981 frameNumber: 1320 continue(12): "81ca016ca40530424bdc2228"
DBG send Continue packet: 982 frameNumber: 1320 continue(12): "faf1214b18c4028d44b3552c"
DBG send Continue packet: 983 frameNumber: 1320 continue(12): "67134f4622e205bc11669872"
DBG send Continue packet: 985 frameNumber: 1320 continue(12): "328790063a81b1a34102307b"
DBG send End packet: 986 frameNumber: 1320 end(12): "2fc64c7ec028000804000280"
StreamerWidget: Sent frame 1320 for stream "QGZMKE"
Sending frame 1321 size: 66 first packet: 987 firstBytes(hex): "00000001419a20e80243c4c002c1ab5e5245d5e1"
DBG send Start packet: 987 frameNumber: 1321 frameSize: 66 start(13): "00000001419a20e80243c4c002"
Sending frame 1322 size: 71 first packet: 988 firstBytes(hex): "00000001419a405a009072603cc8d32112b5c7b8"
DBG send Start packet: 988 frameNumber: 1322 frameSize: 71 start(13): "00000001419a405a009072603c"
Sending frame 1323 size: 28 first packet: 990 firstBytes(hex): "00000001419a607a0090f70e254758195e740797"
DBG send Start packet: 990 frameNumber: 1323 frameSize: 28 start(13): "00000001419a607a0090f70e25"
Sending frame 1324 size: 32 first packet: 991 firstBytes(hex): "00000001419a802680241c9a7089c67800797378"
DBG send Start packet: 991 frameNumber: 1324 frameSize: 32 start(13): "00000001419a802680241c9a70"
Sending frame 1325 size: 16 first packet: 992 firstBytes(hex): "00000001419aa02a80243c9d24800a69"
DBG send Start packet: 992 frameNumber: 1325 frameSize: 16 start(13): "00000001419aa02a80243c9d24"
Sending frame 1326 size: 48 first packet: 993 firstBytes(hex): "00000001419ac02e81b73755017dcd55c31dddf0"
DBG send Start packet: 993 frameNumber: 1326 frameSize: 48 start(13): "00000001419ac02e81b7375501"
Sending frame 1327 size: 81 first packet: 995 firstBytes(hex): "00000001419ae0328075f775c0d5dc5f80bbea64"
DBG send Start packet: 995 frameNumber: 1327 frameSize: 81 start(13): "00000001419ae0328075f775c0"
Sending frame 1328 size: 11 first packet: 996 firstBytes(hex): "00000001419b0032800cab"
DBG send Start packet: 996 frameNumber: 1328 frameSize: 11 start(13): "00000001419b0032800cab00ae"
Sending frame 1329 size: 84 first packet: 997 firstBytes(hex): "00000001419b203280241c980e088f6264046532"
DBG send Start packet: 997 frameNumber: 1329 frameSize: 84 start(13): "00000001419b203280241c980e"
Sending frame 1330 size: 10831 first packet: 998 firstBytes(hex): "00000001419b407a0157cdd469978beb80008756"
DBG send Start packet: 998 frameNumber: 1330 frameSize: 10831 start(13): "00000001419b407a0157cdd469"
DBG send Continue packet: 1000 frameNumber: 1330 continue(12): "b52f00c04dfc948f9d0a3b0d"
DBG send Continue packet: 1001 frameNumber: 1330 continue(12): "c0c665845792c33992ac4421"
DBG send Continue packet: 1002 frameNumber: 1330 continue(12): "d0ac4f15eff43c0245796871"
DBG send Continue packet: 1003 frameNumber: 1330 continue(12): "c887e8eddf775e9a66153687"
DBG send Continue packet: 1005 frameNumber: 1330 continue(12): "39e5ff761fd81a0063b345ce"
DBG send Continue packet: 1006 frameNumber: 1330 continue(12): "9228e70121324a2bf89369ea"
DBG send Continue packet: 1007 frameNumber: 1330 continue(12): "ba3cdf80c8007009232128f6"
DBG send Continue packet: 1008 frameNumber: 1330 continue(12): "d7fff189854d76f2b50b77f0"
DBG send End packet: 1010 frameNumber: 1330 end(12): "6710fbb60000030200d30821"
Sending frame 1331 size: 15292 first packet: 1011 firstBytes(hex): "00000001419b605a01c41cc001f010b3568d54a6"
DBG send Start packet: 1011 frameNumber: 1331 frameSize: 15292 start(13): "00000001419b605a01c41cc001"
DBG send Continue packet: 1012 frameNumber: 1331 continue(12): "01e08b69084aca844520c875"
DBG send Continue packet: 1013 frameNumber: 1331 continue(12): "0cd14b6180c67d58a43968a9"
DBG send Continue packet: 1015 frameNumber: 1331 continue(12): "dfc1c30f76dea55a4c1b6e04"
DBG send Continue packet: 1016 frameNumber: 1331 continue(12): "db00315246fa514efdd6798e"
DBG send Continue packet: 1017 frameNumber: 1331 continue(12): "ffdc040f4696d02fb4675122"
DBG send Continue packet: 1018 frameNumber: 1331 continue(12): "45db12b6757fd83831e2f69b"
DBG send Continue packet: 1020 frameNumber: 1331 continue(12): "aaeff539b5fb38fda1e42961"
DBG send Continue packet: 1021 frameNumber: 1331 continue(12): "38025424b7838025424b00a0"
DBG send Continue packet: 1022 frameNumber: 1331 continue(12): "ac231a17573d7fbffe0a9fee"
DBG send Continue packet: 1023 frameNumber: 1331 continue(12): "574c0c1d195d30009425afd6"
DBG send Continue packet: 1025 frameNumber: 1331 continue(12): "486dd3a2d5f0012df5fcebbf"
DBG send End packet: 1026 frameNumber: 1331 end(12): "4a10d0118073ff6896071c59"
Sending frame 1332 size: 10300 first packet: 1027 firstBytes(hex): "00000001419b805a008cf35499e020636002c045"
DBG send Start packet: 1027 frameNumber: 1332 frameSize: 10300 start(13): "00000001419b805a008cf35499"
DBG send Continue packet: 1028 frameNumber: 1332 continue(12): "af0f4dd41dcb780dcaca51fe"
DBG send Continue packet: 1030 frameNumber: 1332 continue(12): "9e00db368b9e2d02321c14d7"
DBG send Continue packet: 1031 frameNumber: 1332 continue(12): "f0e275c95085fc36f462d3b6"
DBG send Continue packet: 1032 frameNumber: 1332 continue(12): "32c8ccb780059a2459fcb34f"
DBG send Continue packet: 1033 frameNumber: 1332 continue(12): "3ced8677668997ffebf84f00"
DBG send Continue packet: 1035 frameNumber: 1332 continue(12): "93afbbe0a2069e21fc963595"
DBG send Continue packet: 1036 frameNumber: 1332 continue(12): "9a1b9b8ea7a946ed719e37e1"
DBG send End packet: 1037 frameNumber: 1332 end(12): "959580818dfa0d046f332948"
Sending frame 1333 size: 6185 first packet: 1038 firstBytes(hex): "00000001419ba05a008d757837e2ed40cc801dd8"
DBG send Start packet: 1038 frameNumber: 1333 frameSize: 6185 start(13): "00000001419ba05a008d757837"
DBG send Continue packet: 1040 frameNumber: 1333 continue(12): "a73423fd865c0e4435423c7d"
DBG send Continue packet: 1041 frameNumber: 1333 continue(12): "1c25036da4b155165e64036b"
DBG send Continue packet: 1042 frameNumber: 1333 continue(12): "9fccff0492e5c247acff3963"
DBG send Continue packet: 1043 frameNumber: 1333 continue(12): "f26a08af9f40117eef39174b"
DBG send End packet: 1045 frameNumber: 1333 end(12): "a8450e6a59ebfeef9f0c41a8"
Sending frame 1334 size: 9037 first packet: 1046 firstBytes(hex): "00000001419bc06a01c3cd8c883a489d7abfc13f"
DBG send Start packet: 1046 frameNumber: 1334 frameSize: 9037 start(13): "00000001419bc06a01c3cd8c88"
DBG send Continue packet: 1047 frameNumber: 1334 continue(12): "e141b5383b23b3bd90ea0d69"
DBG send Continue packet: 1048 frameNumber: 1334 continue(12): "996f0eafca9ace004313a896"
DBG send Continue packet: 1050 frameNumber: 1334 continue(12): "1fb29d344c610b44c7a2744c"
DBG send Continue packet: 1051 frameNumber: 1334 continue(12): "1682026deff57ffc4f087f08"
DBG send Continue packet: 1052 frameNumber: 1334 continue(12): "cd83174adfdeda35829bf135"
DBG send Continue packet: 1053 frameNumber: 1334 continue(12): "6b0e32b77f4fabcb8e42eee4"
DBG send End packet: 1055 frameNumber: 1334 end(12): "de681c81ea04c159425083c1"
Sending frame 1335 size: 97018 first packet: 1056 firstBytes(hex): "000000016742c01eda0360f79b84000003000400"
Found NAL unit at offset 0 type: 7 (SPS)
Found NAL unit at offset 28 type: 8 (PPS)
DBG send Start packet: 1056 frameNumber: 1335 frameSize: 97018 start(13): "000000016742c01eda0360f79b"
DBG send Continue packet: 1057 frameNumber: 1335 continue(12): "2c1c7c94b79b0a271521f706"
DBG send Continue packet: 1058 frameNumber: 1335 continue(12): "e691ff7ffc16f400100616cb"
DBG send Continue packet: 1060 frameNumber: 1335 continue(12): "20007940573ceff1160d64ff"
DBG send Continue packet: 1061 frameNumber: 1335 continue(12): "5f80d27d00c480194815547b"
DBG send Continue packet: 1062 frameNumber: 1335 continue(12): "8be034c706cac7157347dfa8"
DBG send Continue packet: 1063 frameNumber: 1335 continue(12): "e5288e6453cf00010040881a"
DBG send Continue packet: 1065 frameNumber: 1335 continue(12): "fe30001004670558778bd842"
DBG send Continue packet: 1066 frameNumber: 1335 continue(12): "076a0267b5f7d7dffa405e1c"
DBG send Continue packet: 1067 frameNumber: 1335 continue(12): "80e3b4ef7432e9f7cdf53870"
DBG send Continue packet: 1068 frameNumber: 1335 continue(12): "af50000800040412d002910d"
DBG send Continue packet: 1070 frameNumber: 1335 continue(12): "14ea98e4f13063f99ffdf81b"
DBG send Continue packet: 1071 frameNumber: 1335 continue(12): "448e7bb9e15800ba30edebf6"
DBG send Continue packet: 1072 frameNumber: 1335 continue(12): "46c02c0b213abcd44bdb6fe0"
DBG send Continue packet: 1073 frameNumber: 1335 continue(12): "be7a95def0d752cffdfa1670"
DBG send Continue packet: 1075 frameNumber: 1335 continue(12): "d47160037a0a0a44cdd512b7"
DBG send Continue packet: 1076 frameNumber: 1335 continue(12): "4b2897c92d0c2a911c5bd9d5"
DBG send Continue packet: 1077 frameNumber: 1335 continue(12): "90aed9d9bd04ae60e060c912"
DBG send Continue packet: 1078 frameNumber: 1335 continue(12): "e1a86d0609340e17b55ed393"
DBG send Continue packet: 1080 frameNumber: 1335 continue(12): "aeae37d79d52e8021c72b97c"
DBG send Continue packet: 1081 frameNumber: 1335 continue(12): "00c07b380400099b6aaac010"
DBG send Continue packet: 1082 frameNumber: 1335 continue(12): "f800a08ba24203d5e30374a1"
DBG send Continue packet: 1083 frameNumber: 1335 continue(12): "dbc010cf8f9b21f07006b836"
DBG send Continue packet: 1085 frameNumber: 1335 continue(12): "010036700c521b1239745aeb"
DBG send Continue packet: 1086 frameNumber: 1335 continue(12): "37ee3594d23f3fc306555d2e"
DBG send Continue packet: 1087 frameNumber: 1335 continue(12): "bbcd003008098559c44843a4"
DBG send Continue packet: 1088 frameNumber: 1335 continue(12): "05e1998c685aae47e1f00040"
DBG send Continue packet: 1090 frameNumber: 1335 continue(12): "c03451216ffee0038a141fea"
DBG send Continue packet: 1091 frameNumber: 1335 continue(12): "e3cf6f6be4085850a6e51747"
DBG send Continue packet: 1092 frameNumber: 1335 continue(12): "a26feb05c42351ecd7193ff9"
DBG send Continue packet: 1093 frameNumber: 1335 continue(12): "a6c6e7737c3caf6180008070"
DBG send Continue packet: 1095 frameNumber: 1335 continue(12): "f4f38061a600439ccead07be"
DBG send Continue packet: 1096 frameNumber: 1335 continue(12): "94f74b4c0cad7f680020696d"
DBG send Continue packet: 1097 frameNumber: 1335 continue(12): "3f17637d7a13c26a3ae731c8"
DBG send Continue packet: 1098 frameNumber: 1335 continue(12): "101014a39a040c6c6bca8135"
DBG send Continue packet: 1100 frameNumber: 1335 continue(12): "00e000200e0060fabdf928fd"
DBG send Continue packet: 1101 frameNumber: 1335 continue(12): "c000402d20aa33693f5e18ff"
DBG send Continue packet: 1102 frameNumber: 1335 continue(12): "817d669535aeb75a69baddd3"
DBG send Continue packet: 1103 frameNumber: 1335 continue(12): "a123ae168c250d39f72d75e6"
DBG send Continue packet: 1105 frameNumber: 1335 continue(12): "c4a1b85498ba6320ec0cf91b"
DBG send Continue packet: 1106 frameNumber: 1335 continue(12): "07d0381148b9023022c44b84"
DBG send Continue packet: 1107 frameNumber: 1335 continue(12): "0e69dd8612ae5ea68045029e"
DBG send Continue packet: 1108 frameNumber: 1335 continue(12): "410c1f90ffb3caa2ffb44000"
DBG send Continue packet: 1110 frameNumber: 1335 continue(12): "8aa4407d38433f009bfd0dbe"
DBG send Continue packet: 1111 frameNumber: 1335 continue(12): "b09134f7584bd87ff700400a"
DBG send Continue packet: 1112 frameNumber: 1335 continue(12): "600258ba1f894b9c1790c000"
DBG send Continue packet: 1113 frameNumber: 1335 continue(12): "d97f82aa8b035b709bef1008"
DBG send Continue packet: 1115 frameNumber: 1335 continue(12): "afc71bbefe03a9f34c8bbb85"
DBG send Continue packet: 1116 frameNumber: 1335 continue(12): "c130f2c38261e590218f2c38"
DBG send Continue packet: 1117 frameNumber: 1335 continue(12): "d558edba72b3d026e38dddec"
DBG send Continue packet: 1118 frameNumber: 1335 continue(12): "5e03f08fb9013cf1fdb2fe00"
DBG send Continue packet: 1120 frameNumber: 1335 continue(12): "f60464dc5f3e45ece6fbfda0"
DBG send Continue packet: 1121 frameNumber: 1335 continue(12): "fdb31bfdda0b380021305f27"
DBG send Continue packet: 1122 frameNumber: 1335 continue(12): "4177fee043886fc3bdf17c56"
DBG send Continue packet: 1123 frameNumber: 1335 continue(12): "019ead9e1d02074804a6dc9b"
DBG send Continue packet: 1125 frameNumber: 1335 continue(12): "fea8001f3c052c014fc904e2"
DBG send Continue packet: 1126 frameNumber: 1335 continue(12): "b52267ebfabb72be1e8190a8"
DBG send Continue packet: 1127 frameNumber: 1335 continue(12): "8000301b31840089e914a28f"
DBG send Continue packet: 1128 frameNumber: 1335 continue(12): "6e25c000801cc34a2744de01"
DBG send Continue packet: 1130 frameNumber: 1335 continue(12): "dbc7ae13ec8adcb68c762258"
DBG send Continue packet: 1131 frameNumber: 1335 continue(12): "0091ee10464960023b93604c"
DBG send Continue packet: 1132 frameNumber: 1335 continue(12): "72c2e6eac8ef1a80041cc005"
DBG send Continue packet: 1133 frameNumber: 1335 continue(12): "baebae1670004000201d4a58"
DBG send Continue packet: 1135 frameNumber: 1335 continue(12): "53d0018dc0c5dd28e30279e6"
DBG send Continue packet: 1136 frameNumber: 1335 continue(12): "8e7c868e1431ddbd8283c559"
DBG send Continue packet: 1137 frameNumber: 1335 continue(12): "87f5ef4d2985fa131f83dcfe"
DBG send Continue packet: 1138 frameNumber: 1335 continue(12): "c50136d17000100020b91f90"
DBG send Continue packet: 1140 frameNumber: 1335 continue(12): "f800194c2694015d500544d7"
DBG send Continue packet: 1141 frameNumber: 1335 continue(12): "087053386c671f1013901749"
DBG send Continue packet: 1142 frameNumber: 1335 continue(12): "2a9327cce3e1c8000105b201"
DBG send Continue packet: 1143 frameNumber: 1335 continue(12): "0300c62232d67b5694bfff02"
DBG send Continue packet: 1145 frameNumber: 1335 continue(12): "01adddfec0d9dcba502800f4"
DBG send Continue packet: 1146 frameNumber: 1335 continue(12): "306e01dcf6fce882182a28f9"
DBG send Continue packet: 1147 frameNumber: 1335 continue(12): "4a67038002980e00581e021d"
DBG send Continue packet: 1148 frameNumber: 1335 continue(12): "7889c17bba0370c274df52d1"
DBG send Continue packet: 1150 frameNumber: 1335 continue(12): "aaffff45e0064145f22aa038"
DBG send Continue packet: 1151 frameNumber: 1335 continue(12): "2daf8075ef2b0f9e9e7ff6ff"
DBG send Continue packet: 1152 frameNumber: 1335 continue(12): "8c2197fe9ffe17cf4cb061fe"
DBG send Continue packet: 1153 frameNumber: 1335 continue(12): "f3cf181125b5fcf89eebd19e"
DBG send Continue packet: 1155 frameNumber: 1335 continue(12): "c32f28106291c415c60460a0"
DBG send Continue packet: 1156 frameNumber: 1335 continue(12): "8892f44c02280af054823012"
DBG send Continue packet: 1157 frameNumber: 1335 continue(12): "c1903138d5bcc427f5b498df"
DBG send End packet: 1158 frameNumber: 1335 end(12): "40031031d2699144966a630f"
Sending frame 1336 size: 6968 first packet: 1160 firstBytes(hex): "00000001419a20a802fdc578004c8cf2091cfc45"
DBG send Start packet: 1160 frameNumber: 1336 frameSize: 6968 start(13): "00000001419a20a802fdc57800"
DBG send Continue packet: 1161 frameNumber: 1336 continue(12): "68135287ad4c6b531ad4c73f"
DBG send Continue packet: 1162 frameNumber: 1336 continue(12): "251ebea60cc6b0b37353198d"
DBG send Continue packet: 1163 frameNumber: 1336 continue(12): "7f56c160f233f8a8fead1192"
DBG send Continue packet: 1165 frameNumber: 1336 continue(12): "51ecf4b8f5f49b831964196f"
DBG send End packet: 1166 frameNumber: 1336 end(12): "fd6104f74291077af7dc0680"
Sending frame 1337 size: 9074 first packet: 1167 firstBytes(hex): "00000001419a40e80223cdc007369466090ebb41"
DBG send Start packet: 1167 frameNumber: 1337 frameSize: 9074 start(13): "00000001419a40e80223cdc007"
DBG send Continue packet: 1168 frameNumber: 1337 continue(12): "c0e98c64ce180e90a50492ae"
DBG send Continue packet: 1170 frameNumber: 1337 continue(12): "3bc7a33ba6114a83d1159308"
DBG send Continue packet: 1171 frameNumber: 1337 continue(12): "0022778135c615bd018038f6"
DBG send Continue packet: 1172 frameNumber: 1337 continue(12): "edcf05cc43051b4cd1b52970"
DBG send Continue packet: 1173 frameNumber: 1337 continue(12): "842a1420b5c1d8c83b19d34f"
DBG send Continue packet: 1175 frameNumber: 1337 continue(12): "eba4c0a04c0211f076980a31"
DBG send End packet: 1176 frameNumber: 1337 end(12): "084d6fa98f9fbb70a7b45aaf"
Sending frame 1338 size: 9628 first packet: 1177 firstBytes(hex): "00000001419a604a0088f37001d9379103511768"
DBG send Start packet: 1177 frameNumber: 1338 frameSize: 9628 start(13): "00000001419a604a0088f37001"
DBG send Continue packet: 1178 frameNumber: 1338 continue(12): "41be1403d8d5474bf8b58bd8"
DBG send Continue packet: 1180 frameNumber: 1338 continue(12): "1fc0bab45704c84da5d80a00"
DBG send Continue packet: 1181 frameNumber: 1338 continue(12): "22c8ffcc313068e867faf5fe"
DBG send Continue packet: 1182 frameNumber: 1338 continue(12): "8d31942698ca11a6300c5e15"
DBG send Continue packet: 1183 frameNumber: 1338 continue(12): "1f00b407cf54c8cd60a8134c"
DBG send Continue packet: 1185 frameNumber: 1338 continue(12): "89a72c9a72f734f344d3964d"
DBG send Continue packet: 1186 frameNumber: 1338 continue(12): "7d66e1c438a4d2bbfd7bf80c"
DBG send End packet: 1187 frameNumber: 1338 end(12): "172a3ded8300d6a821cca345"
Sending frame 1339 size: 12713 first packet: 1188 firstBytes(hex): "00000001419a804a0089708f86e48b537003a73f"
DBG send Start packet: 1188 frameNumber: 1339 frameSize: 12713 start(13): "00000001419a804a0089708f86"
DBG send Continue packet: 1190 frameNumber: 1339 continue(12): "cbe0660cfc67536635e4ded3"
DBG send Continue packet: 1191 frameNumber: 1339 continue(12): "ba3c0d54cf6f122629fffeb4"
DBG send Continue packet: 1192 frameNumber: 1339 continue(12): "2d7483fd7e619c3fe110db30"
DBG send Continue packet: 1193 frameNumber: 1339 continue(12): "2e2529e9c5949ac08a7354bf"
DBG send Continue packet: 1195 frameNumber: 1339 continue(12): "b0f65a64a07106c408524384"
DBG send Continue packet: 1196 frameNumber: 1339 continue(12): "d7fe16934d0ee0fc3dc8864f"
DBG send Continue packet: 1197 frameNumber: 1339 continue(12): "292c7c681e8d471e8d03d1a8"
DBG send Continue packet: 1198 frameNumber: 1339 continue(12): "467baee3febe537718ff6217"
DBG send Continue packet: 1200 frameNumber: 1339 continue(12): "0455ae2958bffffea69d98bf"
DBG send End packet: 1201 frameNumber: 1339 end(12): "51243ead0fff3fd204f81592"
Sending frame 1340 size: 10218 first packet: 1202 firstBytes(hex): "00000001419aa04a0089f582b8bb070026e9f446"
DBG send Start packet: 1202 frameNumber: 1340 frameSize: 10218 start(13): "00000001419aa04a0089f582b8"
DBG send Continue packet: 1203 frameNumber: 1340 continue(12): "10b885c42e13c07b6a5bfc19"
DBG send Continue packet: 1205 frameNumber: 1340 continue(12): "980c7fffb1d8c47517884046"
DBG send Continue packet: 1206 frameNumber: 1340 continue(12): "9610dd86765b84ffa597613e"
DBG send Continue packet: 1207 frameNumber: 1340 continue(12): "6aad8bff4061c8b43ef110af"
DBG send Continue packet: 1208 frameNumber: 1340 continue(12): "b7a7b01ac65a96bd5204dbba"
DBG send Continue packet: 1210 frameNumber: 1340 continue(12): "7f0ec02931bff0027ba321a3"
DBG send Continue packet: 1211 frameNumber: 1340 continue(12): "9da29918303fdc21bc83ce32"
DBG send End packet: 1212 frameNumber: 1340 end(12): "db2525735fff01e25ece3a2d"
Sending frame 1341 size: 10265 first packet: 1213 firstBytes(hex): "00000001419ac05a008973d7f86adbf0f4c3b1d7"
DBG send Start packet: 1213 frameNumber: 1341 frameSize: 10265 start(13): "00000001419ac05a008973d7f8"
DBG send Continue packet: 1215 frameNumber: 1341 continue(12): "a8730042c737c03dd2ee873f"
DBG send Continue packet: 1216 frameNumber: 1341 continue(12): "71a025d2d484079570be1700"
DBG send Continue packet: 1217 frameNumber: 1341 continue(12): "cffc5473a336dd3911000100"
DBG send Continue packet: 1218 frameNumber: 1341 continue(12): "a84c269a61309b6f27243754"
DBG send Continue packet: 1220 frameNumber: 1341 continue(12): "172d54e292d7fef6b524462c"
DBG send Continue packet: 1221 frameNumber: 1341 continue(12): "ff80255ddd7576868f03c808"
DBG send Continue packet: 1222 frameNumber: 1341 continue(12): "b14384cbcf7fc4bfb3dff1a7"
DBG send End packet: 1223 frameNumber: 1341 end(12): "06ae5955cbcaae5955cb885c"
Sending frame 1342 size: 9131 first packet: 1225 firstBytes(hex): "00000001419ae05a00a3f26785c575d419c02b00"
DBG send Start packet: 1225 frameNumber: 1342 frameSize: 9131 start(13): "00000001419ae05a00a3f26785"
DBG send Continue packet: 1226 frameNumber: 1342 continue(12): "19a6a4a7d1a515fab22349c8"
DBG send Continue packet: 1227 frameNumber: 1342 continue(12): "9f05de80ea64df3fff60e023"
DBG send Continue packet: 1228 frameNumber: 1342 continue(12): "c9d2c393a5cfbf56fbfd8c7e"
DBG send Continue packet: 1230 frameNumber: 1342 continue(12): "dfc00360adc7289973f1bbc0"
DBG send Continue packet: 1231 frameNumber: 1342 continue(12): "38002c1cb40f32a88a1508e0"
DBG send Continue packet: 1232 frameNumber: 1342 continue(12): "70924b81a9e01c4765f3be34"
DBG send End packet: 1233 frameNumber: 1342 end(12): "112c9a4cdb78000c4656cd52"
Sending frame 1343 size: 12041 first packet: 1235 firstBytes(hex): "00000001419b005a00cd75afad439cde00c8df50"
DBG send Start packet: 1235 frameNumber: 1343 frameSize: 12041 start(13): "00000001419b005a00cd75afad"
DBG send Continue packet: 1236 frameNumber: 1343 continue(12): "4813ffbe8610b43e78a1c158"
DBG send Continue packet: 1237 frameNumber: 1343 continue(12): "973239298abc00ca5025a0be"
DBG send Continue packet: 1238 frameNumber: 1343 continue(12): "18510514500a0009c30d4637"
DBG send Continue packet: 1240 frameNumber: 1343 continue(12): "5dab7ee0d4c8b844fa75699e"
DBG send Continue packet: 1241 frameNumber: 1343 continue(12): "f9fcfe7f3f9fcfe7e63f9fcf"
DBG send Continue packet: 1242 frameNumber: 1343 continue(12): "7b3493c951e7abcdccec8a0f"
DBG send Continue packet: 1243 frameNumber: 1343 continue(12): "6ae8befbe5d5ea6871508c7f"
DBG send Continue packet: 1245 frameNumber: 1343 continue(12): "89d2c3e1c5a2496927a777cf"
DBG send Continue packet: 1246 frameNumber: 1343 continue(12): "ac9be419e23fca4910191361"
DBG send End packet: 1247 frameNumber: 1343 end(12): "1f927e687f430ffe2c30b708"
Sending frame 1344 size: 5438 first packet: 1248 firstBytes(hex): "00000001419b205a00f9f27570541dc0011e24ca"
DBG send Start packet: 1248 frameNumber: 1344 frameSize: 5438 start(13): "00000001419b205a00f9f27570"
DBG send Continue packet: 1250 frameNumber: 1344 continue(12): "d78c0649432537920e8580dd"
DBG send Continue packet: 1251 frameNumber: 1344 continue(12): "7cef18d3f9fcfe7f3f043ef8"
DBG send Continue packet: 1252 frameNumber: 1344 continue(12): "3988e4efc4c5ee37f10ca0f2"
DBG send End packet: 1253 frameNumber: 1344 end(12): "2240191d738616b37ffe0c33"
Sending frame 1345 size: 6420 first packet: 1255 firstBytes(hex): "00000001419b406a0089f041604c46d8090670d0"
DBG send Start packet: 1255 frameNumber: 1345 frameSize: 6420 start(13): "00000001419b406a0089f04160"
DBG send Continue packet: 1256 frameNumber: 1345 continue(12): "40dbc7a4649983a469330748"
DBG send Continue packet: 1257 frameNumber: 1345 continue(12): "1b577830ff641fec80048be4"
DBG send Continue packet: 1258 frameNumber: 1345 continue(12): "5b77ef2d808f98a5a2b0de17"
DBG send Continue packet: 1260 frameNumber: 1345 continue(12): "de94311375895ebfb3efdc22"
DBG send End packet: 1261 frameNumber: 1345 end(12): "202e46820e7bbeb1faf71d1e"
Sending frame 1346 size: 9019 first packet: 1262 firstBytes(hex): "00000001419b606a00a4f57006feb041786f0004"
DBG send Start packet: 1262 frameNumber: 1346 frameSize: 9019 start(13): "00000001419b606a00a4f57006"
DBG send Continue packet: 1263 frameNumber: 1346 continue(12): "95c7e91e4a2694effb01b07b"
DBG send Continue packet: 1265 frameNumber: 1346 continue(12): "780022f2a584008c84004e8e"
DBG send Continue packet: 1266 frameNumber: 1346 continue(12): "a0f96b153c3b6bf17ed4ee42"
DBG send Continue packet: 1267 frameNumber: 1346 continue(12): "195cb0c012073e02004884a4"
DBG send Continue packet: 1268 frameNumber: 1346 continue(12): "60df8f06f06ac03031b07001"
DBG send Continue packet: 1270 frameNumber: 1346 continue(12): "d0a7aa18dba7ffff5812366f"
DBG send End packet: 1271 frameNumber: 1346 end(12): "abe452bc27fb5f02837ff5a7"
Sending frame 1347 size: 19649 first packet: 1272 firstBytes(hex): "00000001419b804a00db717c00800df9d8af0f01"
DBG send Start packet: 1272 frameNumber: 1347 frameSize: 19649 start(13): "00000001419b804a00db717c00"
DBG send Continue packet: 1273 frameNumber: 1347 continue(12): "ed16efbfcfd640d4d2d88551"
DBG send Continue packet: 1275 frameNumber: 1347 continue(12): "880044084d54bacdde27fe63"
DBG send Continue packet: 1276 frameNumber: 1347 continue(12): "fdadb66c04a73b810cf7fda0"
DBG send Continue packet: 1277 frameNumber: 1347 continue(12): "a3c549ff6101109c3c134fd0"
DBG send Continue packet: 1278 frameNumber: 1347 continue(12): "9c1ffff821d666d368167c05"
DBG send Continue packet: 1280 frameNumber: 1347 continue(12): "0e20c597eb01bceffcf325ff"
DBG send Continue packet: 1281 frameNumber: 1347 continue(12): "42b9841b53c0282181bc0570"
DBG send Continue packet: 1282 frameNumber: 1347 continue(12): "521ae2df17edffbdbf6afe4a"
DBG send Continue packet: 1283 frameNumber: 1347 continue(12): "c70cb478cc60d5379c296813"
DBG send Continue packet: 1285 frameNumber: 1347 continue(12): "b0eb467f47c5077fefc0301e"
DBG send Continue packet: 1286 frameNumber: 1347 continue(12): "a58d7403bc1c2c682034fd70"
DBG send Continue packet: 1287 frameNumber: 1347 continue(12): "8149165e910c9c36f8000d72"
DBG send Continue packet: 1288 frameNumber: 1347 continue(12): "a4d563e7ef70c4439e3d311e"
DBG send Continue packet: 1290 frameNumber: 1347 continue(12): "08c9f3e02425d58b6cb3979a"
DBG send Continue packet: 1291 frameNumber: 1347 continue(12): "c6f48824ecb94529601519d7"
DBG send End packet: 1292 frameNumber: 1347 end(12): "f40f98458f49288df3604d1c"
Sending frame 1348 size: 13407 first packet: 1293 firstBytes(hex): "00000001419ba0e8036dc5f00239ea5c7787853a"
DBG send Start packet: 1293 frameNumber: 1348 frameSize: 13407 start(13): "00000001419ba0e8036dc5f002"
DBG send Continue packet: 1295 frameNumber: 1348 continue(12): "995b78da120087099e613453"
DBG send Continue packet: 1296 frameNumber: 1348 continue(12): "53a1b7000823804109baa3c9"
DBG send Continue packet: 1297 frameNumber: 1348 continue(12): "e436b579a3807e37e6800535"
DBG send Continue packet: 1298 frameNumber: 1348 continue(12): "46658b68abcf9d4f7dbd17bb"
DBG send Continue packet: 1300 frameNumber: 1348 continue(12): "9fceff13def7b86b8af32fc1"
DBG send Continue packet: 1301 frameNumber: 1348 continue(12): "0a986266bfb53891046dc828"
DBG send Continue packet: 1302 frameNumber: 1348 continue(12): "d092ca027ecca8a212fffec9"
DBG send Continue packet: 1303 frameNumber: 1348 continue(12): "4616c528b38ab356d2a5bd63"
DBG send Continue packet: 1305 frameNumber: 1348 continue(12): "b5f964e301218420854f3061"
DBG send Continue packet: 1306 frameNumber: 1348 continue(12): "c0498bd87de94d002b6d3948"
DBG send End packet: 1307 frameNumber: 1348 end(12): "02f015f240e2f5c4419d9000"
Sending frame 1349 size: 8597 first packet: 1308 firstBytes(hex): "00000001419bc04a00db717e5a65a169e2f968f9"
DBG send Start packet: 1308 frameNumber: 1349 frameSize: 8597 start(13): "00000001419bc04a00db717e5a"
DBG send Continue packet: 1310 frameNumber: 1349 continue(12): "6444b315f8762cd2c2cd2de2"
DBG send Continue packet: 1311 frameNumber: 1349 continue(12): "a67a7533b14cd4531abd3081"
DBG send Continue packet: 1312 frameNumber: 1349 continue(12): "10b85140593689b28f7ffc23"
DBG send Continue packet: 1313 frameNumber: 1349 continue(12): "19b628ac847fefe00c0c7bc2"
DBG send Continue packet: 1315 frameNumber: 1349 continue(12): "b32961b3296fc21f57bc8efb"
DBG send Continue packet: 1316 frameNumber: 1349 continue(12): "e2cff5aeee6b802cd640c429"
DBG send End packet: 1317 frameNumber: 1349 end(12): "8b6ebd2b5e7a658bbe0eb7dc"
Sending frame 1350 size: 93981 first packet: 1318 firstBytes(hex): "000000016742c01eda0360f79b84000003000400"
Found NAL unit at offset 0 type: 7 (SPS)
Found NAL unit at offset 28 type: 8 (PPS)
DBG send Start packet: 1318 frameNumber: 1350 frameSize: 93981 start(13): "000000016742c01eda0360f79b"
DBG send Continue packet: 1320 frameNumber: 1350 continue(12): "58902efbc09a3c03141b955d"
DBG send Continue packet: 1321 frameNumber: 1350 continue(12): "48ee9ade823ecb85d7401142"
DBG send Continue packet: 1322 frameNumber: 1350 continue(12): "b4000c0c7f0a82b7f5dfa9c7"
DBG send Continue packet: 1323 frameNumber: 1350 continue(12): "cf4c7cffb842ce000e0c6673"
DBG send Continue packet: 1325 frameNumber: 1350 continue(12): "b821ad2bd653bdc000c1166a"
DBG send Continue packet: 1326 frameNumber: 1350 continue(12): "d16c5daf6c8499e955341829"
DBG send Continue packet: 1327 frameNumber: 1350 continue(12): "1d45a862338ec66af3000600"
DBG send Continue packet: 1328 frameNumber: 1350 continue(12): "ba4154e480b8a868d3a07a64"
DBG send Continue packet: 1330 frameNumber: 1350 continue(12): "f27c94a38001b90d0600abb8"
DBG send Continue packet: 1331 frameNumber: 1350 continue(12): "000c1f23067ca2ee5423677f"
DBG send Continue packet: 1332 frameNumber: 1350 continue(12): "ad843fe6c10482d048202503"
DBG send Continue packet: 1333 frameNumber: 1350 continue(12): "c00008048008841c9e14aaeb"
DBG send Continue packet: 1335 frameNumber: 1350 continue(12): "ba09f2d5c0958023a4a79068"
DBG send Continue packet: 1336 frameNumber: 1350 continue(12): "c48c22d2e112bb70d95108ac"
DBG send Continue packet: 1337 frameNumber: 1350 continue(12): "da82a312fdb0c25a86295e76"
DBG send Continue packet: 1338 frameNumber: 1350 continue(12): "7aedb105a6f7013602e6af0d"
DBG send Continue packet: 1340 frameNumber: 1350 continue(12): "b4f1ad2aad7a28baac11b008"
DBG send Continue packet: 1341 frameNumber: 1350 continue(12): "1192e0a381b8717da2785d74"
DBG send Continue packet: 1342 frameNumber: 1350 continue(12): "0bef684cf50f1fa523658e23"
DBG send Continue packet: 1343 frameNumber: 1350 continue(12): "b7ffef0667e3b7f7f132f3af"
DBG send Continue packet: 1345 frameNumber: 1350 continue(12): "e40ce7e97538770018338821"
DBG send Continue packet: 1346 frameNumber: 1350 continue(12): "cff9f0167d4082c001c846e5"
DBG send Continue packet: 1347 frameNumber: 1350 continue(12): "05fe001bd06a00eee115761b"
DBG send Continue packet: 1348 frameNumber: 1350 continue(12): "88e5b029efe72887ff14a924"
DBG send Continue packet: 1350 frameNumber: 1350 continue(12): "0b212e3dc517ad30cca04d67"
DBG send Continue packet: 1351 frameNumber: 1350 continue(12): "4c0e17163d21f52df99dbcc3"
DBG send Continue packet: 1352 frameNumber: 1350 continue(12): "4d19321a2288a418c9f823de"
DBG send Continue packet: 1353 frameNumber: 1350 continue(12): "5a946414698047088aab0b5d"
DBG send Continue packet: 1355 frameNumber: 1350 continue(12): "5d43682942ca285415aa2d48"
DBG send Continue packet: 1356 frameNumber: 1350 continue(12): "a849628527eeddefe0fc34a6"
DBG send Continue packet: 1357 frameNumber: 1350 continue(12): "f10931a441210ce215804166"
DBG send Continue packet: 1358 frameNumber: 1350 continue(12): "6fd74461430822d035378a3a"
DBG send Continue packet: 1360 frameNumber: 1350 continue(12): "514d5db28378baf97b773c83"
DBG send Continue packet: 1361 frameNumber: 1350 continue(12): "47a0fcd502177c21390599a2"
DBG send Continue packet: 1362 frameNumber: 1350 continue(12): "800471ff608df800081a2800"
DBG send Continue packet: 1363 frameNumber: 1350 continue(12): "0b7d5d1ad19a4d1117da05d7"
DBG send Continue packet: 1365 frameNumber: 1350 continue(12): "008093800083fcbe38f6130b"
DBG send Continue packet: 1366 frameNumber: 1350 continue(12): "5bd050b103de3ee513dcec2d"
DBG send Continue packet: 1367 frameNumber: 1350 continue(12): "130443219b462183b06011ca"
DBG send Continue packet: 1368 frameNumber: 1350 continue(12): "b80d476fcd4ffed20eae07c5"
DBG send Continue packet: 1370 frameNumber: 1350 continue(12): "dc0122b5200b80059f6b8783"
DBG send Continue packet: 1371 frameNumber: 1350 continue(12): "0ebdfb44c7971dcd9deb6167"
DBG send Continue packet: 1372 frameNumber: 1350 continue(12): "24e0011406595867fc7105fe"
DBG send Continue packet: 1373 frameNumber: 1350 continue(12): "d64650dda0d36db3a1219486"
DBG send Continue packet: 1375 frameNumber: 1350 continue(12): "c000401807b21eff8121501f"
DBG send Continue packet: 1376 frameNumber: 1350 continue(12): "af82d4b85393dff7c0600002"
DBG send Continue packet: 1377 frameNumber: 1350 continue(12): "0342914d161d5e913dc187fe"
DBG send Continue packet: 1378 frameNumber: 1350 continue(12): "c5c28184db7f737d2513dc64"
DBG send Continue packet: 1380 frameNumber: 1350 continue(12): "5b61a7ffdc04180b94bcbfb4"
DBG send Continue packet: 1381 frameNumber: 1350 continue(12): "947cea8e213ff3400017a115"
DBG send Continue packet: 1382 frameNumber: 1350 continue(12): "5fec1e0a06b098ab23c2af75"
DBG send Continue packet: 1383 frameNumber: 1350 continue(12): "48321810c831320aae6eab7e"
DBG send Continue packet: 1385 frameNumber: 1350 continue(12): "f369e001383f6e21639da548"
DBG send Continue packet: 1386 frameNumber: 1350 continue(12): "90788d172178d6da45fee180"
DBG send Continue packet: 1387 frameNumber: 1350 continue(12): "fd014f8131f9f74f8c567248"
DBG send Continue packet: 1388 frameNumber: 1350 continue(12): "5372ec12a86ed820e9d7cc77"
DBG send Continue packet: 1390 frameNumber: 1350 continue(12): "b81801d89bbaec053b27e9fe"
DBG send Continue packet: 1391 frameNumber: 1350 continue(12): "1fb7e0fb3cff04e46a012fc7"
DBG send Continue packet: 1392 frameNumber: 1350 continue(12): "16ffb80100e551e500721e8b"
DBG send Continue packet: 1393 frameNumber: 1350 continue(12): "01026df6e000201601d20aff"
DBG send Continue packet: 1395 frameNumber: 1350 continue(12): "54308f86d470d355ddab0064"
DBG send Continue packet: 1396 frameNumber: 1350 continue(12): "000340adb9e1c000d02b6e68"
DBG send Continue packet: 1397 frameNumber: 1350 continue(12): "e050141e6c33b4c9d7fa749c"
DBG send Continue packet: 1398 frameNumber: 1350 continue(12): "38594e04810cef2968239e14"
DBG send Continue packet: 1400 frameNumber: 1350 continue(12): "001e027605c3d222eae8b1fc"
DBG send Continue packet: 1401 frameNumber: 1350 continue(12): "fa980b281d41126d363ff5b0"
DBG send Continue packet: 1402 frameNumber: 1350 continue(12): "231a0002012ad9917bae125a"
DBG send Continue packet: 1403 frameNumber: 1350 continue(12): "9e5e3fad9f01200cb8a8c17d"
DBG send Continue packet: 1405 frameNumber: 1350 continue(12): "f23f21480b8183196d6b5e88"
DBG send Continue packet: 1406 frameNumber: 1350 continue(12): "54744389214d48e2cc494173"
DBG send Continue packet: 1407 frameNumber: 1350 continue(12): "82bce10eef386f05dc7d8646"
DBG send Continue packet: 1408 frameNumber: 1350 continue(12): "11bb53381800cae4af685d82"
DBG send Continue packet: 1410 frameNumber: 1350 continue(12): "4196be387a2a2fe71fec0c1a"
DBG send Continue packet: 1411 frameNumber: 1350 continue(12): "052c380052163ac73ff20b87"
DBG send Continue packet: 1412 frameNumber: 1350 continue(12): "ffe3d47a9a96f0f0ff299299"
DBG send Continue packet: 1413 frameNumber: 1350 continue(12): "dd320b4dcac715f975109e3b"
DBG send Continue packet: 1415 frameNumber: 1350 continue(12): "9708876c1dcb090816164564"
DBG send Continue packet: 1416 frameNumber: 1350 continue(12): "b76000b3ab60002017247000"
DBG send End packet: 1417 frameNumber: 1350 end(12): "b365db8345c9804a9cb90303"
StreamerWidget: Sent frame 1350 for stream "QGZMKE"
Sending frame 1351 size: 5936 first packet: 1418 firstBytes(hex): "00000001419a20a803dbcd806efb1003a359d718"
DBG send Start packet: 1418 frameNumber: 1351 frameSize: 5936 start(13): "00000001419a20a803dbcd806e"
DBG send Continue packet: 1420 frameNumber: 1351 continue(12): "b7630013b548567feefffe21"
DBG send Continue packet: 1421 frameNumber: 1351 continue(12): "6df50a66d889dffd3fd7007f"
DBG send Continue packet: 1422 frameNumber: 1351 continue(12): "96556e596a8914267211caad"
DBG send Continue packet: 1423 frameNumber: 1351 continue(12): "7fea6bb4d6adb6db6924d35c"
DBG send End packet: 1425 frameNumber: 1351 end(12): "103298cdd7bddb36891b5378"
Sending frame 1352 size: 6116 first packet: 1426 firstBytes(hex): "00000001419a40e8036fc5f4406cd4b6366a586c"
DBG send Start packet: 1426 frameNumber: 1352 frameSize: 6116 start(13): "00000001419a40e8036fc5f440"
DBG send Continue packet: 1427 frameNumber: 1352 continue(12): "a98087f16e6ca4ffc1833d98"
DBG send Continue packet: 1428 frameNumber: 1352 continue(12): "6fc785f00524892228892a03"
DBG send Continue packet: 1430 frameNumber: 1352 continue(12): "ff707fac135bcd81efc4662a"
DBG send Continue packet: 1431 frameNumber: 1352 continue(12): "fed04e22608e87d123766aff"
DBG send End packet: 1432 frameNumber: 1352 end(12): "5e280017f0de007c2be143c9"
=== New Protocol Statistics (Stream: 52323248) ===
Time: 37.3s | Frames: 149 sent, 0 received (1433% loss)
Packets: 0 sent, 0 received | Data Rate: 0/0 KB/s
FEC: %10 groups sent, %11 recovered, %12 packets recovered
=================================
Sending frame 1353 size: 8822 first packet: 1433 firstBytes(hex): "00000001419a604a00c1717008595ff5f1ea1e96"
DBG send Start packet: 1433 frameNumber: 1353 frameSize: 8822 start(13): "00000001419a604a00c1717008"
DBG send Continue packet: 1435 frameNumber: 1353 continue(12): "4ddd73bbe7ff049407422fb8"
DBG send Continue packet: 1436 frameNumber: 1353 continue(12): "196be17c8b4f508cbcac30e2"
DBG send Continue packet: 1437 frameNumber: 1353 continue(12): "572260c700c689e7de703801"
DBG send Continue packet: 1438 frameNumber: 1353 continue(12): "8aa8effbcb7fcec06f8a6885"
DBG send Continue packet: 1440 frameNumber: 1353 continue(12): "f582a1ea70cbd5453feef0fd"
DBG send Continue packet: 1441 frameNumber: 1353 continue(12): "946045ff57f87c36e0008784"
DBG send End packet: 1442 frameNumber: 1353 end(12): "e7d21c45a3bef00ac6439a41"
Sending frame 1354 size: 12237 first packet: 1443 firstBytes(hex): "00000001419a804a00a784f000480015807b7d1d"
DBG send Start packet: 1443 frameNumber: 1354 frameSize: 12237 start(13): "00000001419a804a00a784f000"
DBG send Continue packet: 1445 frameNumber: 1354 continue(12): "850901d5d2dffde4d084d621"
DBG send Continue packet: 1446 frameNumber: 1354 continue(12): "4044609d45197a1aef0aa0b0"
DBG send Continue packet: 1447 frameNumber: 1354 continue(12): "7eefcd035b81a386e836d120"
DBG send Continue packet: 1448 frameNumber: 1354 continue(12): "bc396a1ce81e323cb0db758a"
DBG send Continue packet: 1450 frameNumber: 1354 continue(12): "9daf4e88a96ee9e1d8252576"
DBG send Continue packet: 1451 frameNumber: 1354 continue(12): "737fd1abd21fd81a067270f3"
DBG send Continue packet: 1452 frameNumber: 1354 continue(12): "3bc3a1b24002ca32940052aa"
DBG send Continue packet: 1453 frameNumber: 1354 continue(12): "4661646ec2c331062c02f202"
DBG send Continue packet: 1455 frameNumber: 1354 continue(12): "6a232e44788f11e23c4788f0"
DBG send End packet: 1456 frameNumber: 1354 end(12): "1388f104fc4520031ebda6ff"
Sending frame 1355 size: 11601 first packet: 1457 firstBytes(hex): "00000001419aa04a008e717e008557b4fcc7817e"
DBG send Start packet: 1457 frameNumber: 1355 frameSize: 11601 start(13): "00000001419aa04a008e717e00"
DBG send Continue packet: 1458 frameNumber: 1355 continue(12): "fd00ac1037cd79641bfe6c96"
DBG send Continue packet: 1460 frameNumber: 1355 continue(12): "972df802bda4646d4cea9ee8"
DBG send Continue packet: 1461 frameNumber: 1355 continue(12): "96c5efc8bbc45def15301605"
DBG send Continue packet: 1462 frameNumber: 1355 continue(12): "5d0d7ffffdfd2700be088804"
DBG send Continue packet: 1463 frameNumber: 1355 continue(12): "03488cfadeee541bfe5cc58b"
DBG send Continue packet: 1465 frameNumber: 1355 continue(12): "4f960708a53e5879111a5879"
DBG send Continue packet: 1466 frameNumber: 1355 continue(12): "9fcfe7f3f9fcef0e73603fe4"
DBG send Continue packet: 1467 frameNumber: 1355 continue(12): "687d9c1e741a5c6e19a248b2"
DBG send End packet: 1468 frameNumber: 1355 end(12): "adc7a13c36b8da88000402b5"
Sending frame 1356 size: 7577 first packet: 1470 firstBytes(hex): "00000001419ac05a008e717e008bfa4df98f016c"
DBG send Start packet: 1470 frameNumber: 1356 frameSize: 7577 start(13): "00000001419ac05a008e717e00"
DBG send Continue packet: 1471 frameNumber: 1356 continue(12): "16e5c972413348c04346dff7"
DBG send Continue packet: 1472 frameNumber: 1356 continue(12): "0f108ec980f312a60f44764c"
DBG send Continue packet: 1473 frameNumber: 1356 continue(12): "700ba7c384bb806a70ec534b"
DBG send Continue packet: 1475 frameNumber: 1356 continue(12): "40625c6bff7dc98fd9b508f7"
DBG send Continue packet: 1476 frameNumber: 1356 continue(12): "04303451452b2ada1a3ec044"
DBG send End packet: 1477 frameNumber: 1356 end(12): "c1883119c398990731320123"
Sending frame 1357 size: 7216 first packet: 1478 firstBytes(hex): "00000001419ae05a009872f251411708f81ab72d"
DBG send Start packet: 1478 frameNumber: 1357 frameSize: 7216 start(13): "00000001419ae05a009872f251"
DBG send Continue packet: 1480 frameNumber: 1357 continue(12): "ff51e63a7ab4389ffd6f8a21"
DBG send Continue packet: 1481 frameNumber: 1357 continue(12): "c08c873838682a50c43a9f2a"
DBG send Continue packet: 1482 frameNumber: 1357 continue(12): "cef9fcfe7f3f9fcfe7f3f9fc"
DBG send Continue packet: 1483 frameNumber: 1357 continue(12): "dde9393ec0bff45664a991fb"
DBG send Continue packet: 1485 frameNumber: 1357 continue(12): "a8ffefc5a839eca31ae6dfeb"
DBG send End packet: 1486 frameNumber: 1357 end(12): "cbd261940397a4ce881cbd26"
Sending frame 1358 size: 8598 first packet: 1487 firstBytes(hex): "00000001419b007a067df5701f7cbcc411d6a087"
DBG send Start packet: 1487 frameNumber: 1358 frameSize: 8598 start(13): "00000001419b007a067df5701f"
DBG send Continue packet: 1488 frameNumber: 1358 continue(12): "008653b019df03f49431bddb"
DBG send Continue packet: 1490 frameNumber: 1358 continue(12): "6f19252c324a5bc0705624b0"
DBG send Continue packet: 1491 frameNumber: 1358 continue(12): "cb908acad55592554580032c"
DBG send Continue packet: 1492 frameNumber: 1358 continue(12): "b60266ad6576f3fa0f4681e8"
DBG send Continue packet: 1493 frameNumber: 1358 continue(12): "65a0996894ef872fa801fea9"
DBG send Continue packet: 1495 frameNumber: 1358 continue(12): "05d36849e80c783a1b060638"
DBG send End packet: 1496 frameNumber: 1358 end(12): "e80c27e3e9d0647201e32181"
Sending frame 1359 size: 2758 first packet: 1497 firstBytes(hex): "00000001419b20228024bcbce413904157171b07"
DBG send Start packet: 1497 frameNumber: 1359 frameSize: 2758 start(13): "00000001419b20228024bcbce4"
DBG send Continue packet: 1498 frameNumber: 1359 continue(12): "2ae7043699786a8694e975f8"
DBG send End packet: 1500 frameNumber: 1359 end(12): "88c0c1f061c44c0804a12861"
Sending frame 1360 size: 5315 first packet: 1501 firstBytes(hex): "00000001419b402a81b72f1780f8e6e17b286b97"
DBG send Start packet: 1501 frameNumber: 1360 frameSize: 5315 start(13): "00000001419b402a81b72f1780"
DBG send Continue packet: 1502 frameNumber: 1360 continue(12): "1f8675ddded669eac4b8066d"
DBG send Continue packet: 1503 frameNumber: 1360 continue(12): "d1c41f17581c9c15e1f43d37"
DBG send Continue packet: 1505 frameNumber: 1360 continue(12): "c001520004604a18154bdfcc"
DBG send End packet: 1506 frameNumber: 1360 end(12): "4e9d30cf0ace54a3590f1c36"
Sending frame 1361 size: 2786 first packet: 1507 firstBytes(hex): "00000001419b602e8054f274920d7366519fbeaa"
DBG send Start packet: 1507 frameNumber: 1361 frameSize: 2786 start(13): "00000001419b602e8054f27492"
DBG send Continue packet: 1508 frameNumber: 1361 continue(12): "2ddf1fc5d08ca109ca1f73f0"
DBG send End packet: 1510 frameNumber: 1361 end(12): "b4470c11c7fad07d401b7183"
Sending frame 1362 size: 7704 first packet: 1511 firstBytes(hex): "00000001419b8032bc766733594783de3942a2b8"
DBG send Start packet: 1511 frameNumber: 1362 frameSize: 7704 start(13): "00000001419b8032bc76673359"
DBG send Continue packet: 1512 frameNumber: 1362 continue(12): "3b3fca183e12b4ca8d0eb7cb"
DBG send Continue packet: 1513 frameNumber: 1362 continue(12): "3a9f7ff7ca0808c8097857a0"
DBG send Continue packet: 1515 frameNumber: 1362 continue(12): "f8e0403befc7c5df8dda846e"
DBG send Continue packet: 1516 frameNumber: 1362 continue(12): "703829e08c7cb55206d707ab"
DBG send Continue packet: 1517 frameNumber: 1362 continue(12): "31e0000b905a023e3107dc3f"
DBG send End packet: 1518 frameNumber: 1362 end(12): "fc16d821c14e72180680c6c6"
Sending frame 1363 size: 125 first packet: 1520 firstBytes(hex): "00000001419ba032802a9cd5bc0e3c9e2e065ea9"
DBG send Start packet: 1520 frameNumber: 1363 frameSize: 125 start(13): "00000001419ba032802a9cd5bc"
Sending frame 1364 size: 46 first packet: 1521 firstBytes(hex): "00000001419bc0328012e05d7fff8006657a7234"
DBG send Start packet: 1521 frameNumber: 1364 frameSize: 46 start(13): "00000001419bc0328012e05d7f"
Sending frame 1365 size: 97806 first packet: 1522 firstBytes(hex): "000000016742c01eda0360f79b84000003000400"
Found NAL unit at offset 0 type: 7 (SPS)
Found NAL unit at offset 28 type: 8 (PPS)
DBG send Start packet: 1522 frameNumber: 1365 frameSize: 97806 start(13): "000000016742c01eda0360f79b"
DBG send Continue packet: 1523 frameNumber: 1365 continue(12): "d6240bbef0268f00c506e557"
DBG send Continue packet: 1525 frameNumber: 1365 continue(12): "923ba6b7a08fb2e175d00450"
DBG send Continue packet: 1526 frameNumber: 1365 continue(12): "ed0003031fc2a0adfd77ea71"
DBG send Continue packet: 1527 frameNumber: 1365 continue(12): "f3d31f3fee10b3800383199c"
DBG send Continue packet: 1528 frameNumber: 1365 continue(12): "2e086b4af594ef700030459a"
DBG send Continue packet: 1530 frameNumber: 1365 continue(12): "b45b176bdb21267a554d060a"
DBG send Continue packet: 1531 frameNumber: 1365 continue(12): "87516a188ce3b19abcc00180"
DBG send Continue packet: 1532 frameNumber: 1365 continue(12): "2e905539202e2a1a34e81e99"
DBG send Continue packet: 1533 frameNumber: 1365 continue(12): "3c9f2528e0006e4341802aee"
DBG send Continue packet: 1535 frameNumber: 1365 continue(12): "000307c8c19f28bb9508d9df"
DBG send Continue packet: 1536 frameNumber: 1365 continue(12): "ab610ff9b04120b412080940"
DBG send Continue packet: 1537 frameNumber: 1365 continue(12): "f00002012002210727852aba"
DBG send Continue packet: 1538 frameNumber: 1365 continue(12): "6e827cb570256008e929e41a"
DBG send Continue packet: 1540 frameNumber: 1365 continue(12): "712308b4b844aedc3654422b"
DBG send Continue packet: 1541 frameNumber: 1365 continue(12): "76a0a8c4bf6c3096a18a579d"
DBG send Continue packet: 1542 frameNumber: 1365 continue(12): "5ebb6c4169bdc04d80b9abc3"
DBG send Continue packet: 1543 frameNumber: 1365 continue(12): "ed3c6b4aab5e8a2eab046c02"
DBG send Continue packet: 1545 frameNumber: 1365 continue(12): "0464b828e06e1c5f689e175d"
DBG send Continue packet: 1546 frameNumber: 1365 continue(12): "02fbda133d43c7e948d96388"
DBG send Continue packet: 1547 frameNumber: 1365 continue(12): "6dfffbc199f8edfdfc4cbceb"
DBG send Continue packet: 1548 frameNumber: 1365 continue(12): "b90339fa5d4e1dc0060ce208"
DBG send Continue packet: 1550 frameNumber: 1365 continue(12): "2ef3fe7c059f5020b0007211"
DBG send Continue packet: 1551 frameNumber: 1365 continue(12): "c5c17f8006f41a803bb8455d"
DBG send Continue packet: 1552 frameNumber: 1365 continue(12): "8922396c0a7bf9ca21ffc52a"
DBG send Continue packet: 1553 frameNumber: 1365 continue(12): "1682c84b8f7145eb4c332813"
DBG send Continue packet: 1555 frameNumber: 1365 continue(12): "e1930385c58f487d4b7e676f"
DBG send Continue packet: 1556 frameNumber: 1365 continue(12): "cd93464c8688a22906327e08"
DBG send Continue packet: 1557 frameNumber: 1365 continue(12): "355494c25a49fa0a740004e0"
DBG send Continue packet: 1558 frameNumber: 1365 continue(12): "89cdeed7b6804c03a5a321f2"
DBG send Continue packet: 1560 frameNumber: 1365 continue(12): "1ffffd0482d04821f80041ff"
DBG send Continue packet: 1561 frameNumber: 1365 continue(12): "ff7010602e52f2fed167e2e9"
DBG send Continue packet: 1562 frameNumber: 1365 continue(12): "4ff13e59d76ed93cefc2ca06"
DBG send Continue packet: 1563 frameNumber: 1365 continue(12): "f002a9be440c12ee06c31d80"
DBG send Continue packet: 1565 frameNumber: 1365 continue(12): "a9333fd7a89562c2035f5aa6"
DBG send Continue packet: 1566 frameNumber: 1365 continue(12): "af0939a200004008001c03a5"
DBG send Continue packet: 1567 frameNumber: 1365 continue(12): "92f3404afa9bb67fb400101b"
DBG send Continue packet: 1568 frameNumber: 1365 continue(12): "5e26df845c33e60280fc4061"
DBG send Continue packet: 1570 frameNumber: 1365 continue(12): "0ccd4090877389726ad9e3c9"
DBG send Continue packet: 1571 frameNumber: 1365 continue(12): "ba00078074b338422468ca1b"
DBG send Continue packet: 1572 frameNumber: 1365 continue(12): "ef7bb7c7ef04776d370aff5f"
DBG send Continue packet: 1573 frameNumber: 1365 continue(12): "9902d07cc80a061d950f447d"
DBG send Continue packet: 1575 frameNumber: 1365 continue(12): "ddc598b0a699bb42c81b538c"
DBG send Continue packet: 1576 frameNumber: 1365 continue(12): "35006409065f3ae5ff78db77"
DBG send Continue packet: 1577 frameNumber: 1365 continue(12): "2d52b356da0862c21223ff30"
DBG send Continue packet: 1578 frameNumber: 1365 continue(12): "6b6e9f998c82ce0008043b9c"
DBG send Continue packet: 1580 frameNumber: 1365 continue(12): "286f56feb8175702277259c9"
DBG send Continue packet: 1581 frameNumber: 1365 continue(12): "0c3f1ce52ecc8f88187a06a0"
DBG send Continue packet: 1582 frameNumber: 1365 continue(12): "aa7e1b32732001fb222b7983"
DBG send Continue packet: 1583 frameNumber: 1365 continue(12): "5ec028a9d346cb70f6d77087"
DBG send Continue packet: 1585 frameNumber: 1365 continue(12): "82b97fc7fba10a4454f6eaf0"
DBG send Continue packet: 1586 frameNumber: 1365 continue(12): "2755f6dad3ddffe175005091"
DBG send Continue packet: 1587 frameNumber: 1365 continue(12): "a4dfcecf1adddad3a6fa3beb"
DBG send Continue packet: 1588 frameNumber: 1365 continue(12): "84f8bbc048006006c3a8f420"
DBG send Continue packet: 1590 frameNumber: 1365 continue(12): "67870002e1557030e0005c2a"
DBG send Continue packet: 1591 frameNumber: 1365 continue(12): "3e3a4b3e4d1b757c3c00c152"
DBG send Continue packet: 1592 frameNumber: 1365 continue(12): "3754513a5be150a301400400"
DBG send Continue packet: 1593 frameNumber: 1365 continue(12): "212825ec28613feed681e010"
DBG send Continue packet: 1595 frameNumber: 1365 continue(12): "9289723cc596de3e8c8e92fe"
DBG send Continue packet: 1596 frameNumber: 1365 continue(12): "519822f0461c29673d5e6000"
DBG send Continue packet: 1597 frameNumber: 1365 continue(12): "562c92469f82460a988cbc51"
DBG send Continue packet: 1598 frameNumber: 1365 continue(12): "9f2cc9fa5328e0177f4ba97f"
DBG send Continue packet: 1600 frameNumber: 1365 continue(12): "cf80bda7945031541a7ff706"
DBG send Continue packet: 1601 frameNumber: 1365 continue(12): "a04b3768004c31a98f3c5b34"
DBG send Continue packet: 1602 frameNumber: 1365 continue(12): "a1dc8750ee060c807732900e"
DBG send Continue packet: 1603 frameNumber: 1365 continue(12): "ba720099cead57826e30a8bf"
DBG send Continue packet: 1605 frameNumber: 1365 continue(12): "d611d26dc00074208d244977"
DBG send Continue packet: 1606 frameNumber: 1365 continue(12): "e5ef02efc0814df028c74693"
DBG send Continue packet: 1607 frameNumber: 1365 continue(12): "530b53003d822c5efeaf680a"
DBG send Continue packet: 1608 frameNumber: 1365 continue(12): "488dfdfdf6800180add02855"
DBG send Continue packet: 1610 frameNumber: 1365 continue(12): "94a714efbf6138d8d5948a04"
DBG send Continue packet: 1611 frameNumber: 1365 continue(12): "701ea2969646e3f6c4d1cc3b"
DBG send Continue packet: 1612 frameNumber: 1365 continue(12): "85785cc9e628b6e3d4670b3a"
DBG send Continue packet: 1613 frameNumber: 1365 continue(12): "1da73b1b8854faa2d974a869"
DBG send Continue packet: 1615 frameNumber: 1365 continue(12): "d175a9a0034046dace340b4d"
DBG send Continue packet: 1616 frameNumber: 1365 continue(12): "e025000c8071a0da0aeef374"
DBG send Continue packet: 1617 frameNumber: 1365 continue(12): "21396e657ec096083d31af59"
DBG send Continue packet: 1618 frameNumber: 1365 continue(12): "e95f2affdbfc1cab4b00f665"
DBG send Continue packet: 1620 frameNumber: 1365 continue(12): "99612465e1e864383d04e256"
DBG send Continue packet: 1621 frameNumber: 1365 continue(12): "fad85c9000e68180027cd5a8"
DBG send Continue packet: 1622 frameNumber: 1365 continue(12): "fd440f7c3f201b90c08605f1"
DBG send Continue packet: 1623 frameNumber: 1365 continue(12): "0004010036a06810d0390614"
DBG send End packet: 1625 frameNumber: 1365 end(12): "4062b351cd634877f4bceff8"
Sending frame 1366 size: 89 first packet: 1626 firstBytes(hex): "00000001419a20e8032223835e4c005e2193c792"
DBG send Start packet: 1626 frameNumber: 1366 frameSize: 89 start(13): "00000001419a20e8032223835e"
Sending frame 1367 size: 6611 first packet: 1627 firstBytes(hex): "00000001419a404a00b1f3755f17c4f87ca6b3ce"
DBG send Start packet: 1627 frameNumber: 1367 frameSize: 6611 start(13): "00000001419a404a00b1f3755f"
DBG send Continue packet: 1628 frameNumber: 1367 continue(12): "2de69130b9515ff375c04ddd"
DBG send Continue packet: 1630 frameNumber: 1367 continue(12): "674c514d301c8cce98a29a60"
DBG send Continue packet: 1631 frameNumber: 1367 continue(12): "e22338d340036fbae68dfde8"
DBG send Continue packet: 1632 frameNumber: 1367 continue(12): "6202f003779620975939f680"
DBG send End packet: 1633 frameNumber: 1367 end(12): "d6d803462f6c455f96279a11"
Sending frame 1368 size: 6318 first packet: 1635 firstBytes(hex): "00000001419a605a00c2f1780e05fb4b488f7607"
DBG send Start packet: 1635 frameNumber: 1368 frameSize: 6318 start(13): "00000001419a605a00c2f1780e"
DBG send Continue packet: 1636 frameNumber: 1368 continue(12): "fa8b1f06d936f1b35edb9398"
DBG send Continue packet: 1637 frameNumber: 1368 continue(12): "2636ff708d2941e867b2b68f"
DBG send Continue packet: 1638 frameNumber: 1368 continue(12): "5e7eb245cbfff85369a6b69a"
DBG send Continue packet: 1640 frameNumber: 1368 continue(12): "983da983da983da9f89a74e9"
DBG send End packet: 1641 frameNumber: 1368 end(12): "145ffe0118d2b2ff5ff10b85"
Sending frame 1369 size: 7893 first packet: 1642 firstBytes(hex): "00000001419a806a067df570098f3720e0c848f2"
DBG send Start packet: 1642 frameNumber: 1369 frameSize: 7893 start(13): "00000001419a806a067df57009"
DBG send Continue packet: 1643 frameNumber: 1369 continue(12): "c009792581c02ea496f8007f"
DBG send Continue packet: 1645 frameNumber: 1369 continue(12): "72a700297aec23791b50f1fa"
DBG send Continue packet: 1646 frameNumber: 1369 continue(12): "452ba1d08305597fe8bc506a"
DBG send Continue packet: 1647 frameNumber: 1369 continue(12): "905dda6deaab880c701c2fd2"
DBG send Continue packet: 1648 frameNumber: 1369 continue(12): "1fe98114308aefb896e11dfe"
DBG send End packet: 1650 frameNumber: 1369 end(12): "545844c5465cf0e715b75837"
Sending frame 1370 size: 5989 first packet: 1651 firstBytes(hex): "00000001419aa06a00c1f370046dfd47bc2dc39b"
DBG send Start packet: 1651 frameNumber: 1370 frameSize: 5989 start(13): "00000001419aa06a00c1f37004"
DBG send Continue packet: 1652 frameNumber: 1370 continue(12): "e04f7fae7b92ba9f7c8b483a"
DBG send Continue packet: 1653 frameNumber: 1370 continue(12): "82219b5eb293340533405330"
DBG send Continue packet: 1655 frameNumber: 1370 continue(12): "05ad48ebae517de5b975307f"
DBG send Continue packet: 1656 frameNumber: 1370 continue(12): "f501ea048dd15747effdffba"
DBG send End packet: 1657 frameNumber: 1370 end(12): "f241afca19fe78000400b821"
Sending frame 1371 size: 7245 first packet: 1658 firstBytes(hex): "00000001419ac07a00b2f37360f8f50f734118d6"
DBG send Start packet: 1658 frameNumber: 1371 frameSize: 7245 start(13): "00000001419ac07a00b2f37360"
DBG send Continue packet: 1660 frameNumber: 1371 continue(12): "8d065b221c4c8d02f7563e89"
DBG send Continue packet: 1661 frameNumber: 1371 continue(12): "3c8e9203fcb0e1be581b6579"
DBG send Continue packet: 1662 frameNumber: 1371 continue(12): "131f2c5a1fe3afca0f50f04f"
DBG send Continue packet: 1663 frameNumber: 1371 continue(12): "6c5e0474de784dee470ee027"
DBG send Continue packet: 1665 frameNumber: 1371 continue(12): "96072b72c21d01deac8199d4"
DBG send End packet: 1666 frameNumber: 1371 end(12): "c1a11569c0ab54e7bfd78401"
Sending frame 1372 size: 8231 first packet: 1667 firstBytes(hex): "00000001419ae06a00a6f0c4002479aa2d6669e4"
DBG send Start packet: 1667 frameNumber: 1372 frameSize: 8231 start(13): "00000001419ae06a00a6f0c400"
DBG send Continue packet: 1668 frameNumber: 1372 continue(12): "d08c8378d388303d60fc22e1"
DBG send Continue packet: 1670 frameNumber: 1372 continue(12): "0bad9b70a1b9d67871479952"
DBG send Continue packet: 1671 frameNumber: 1372 continue(12): "410f97061f00fbe580b051ae"
DBG send Continue packet: 1672 frameNumber: 1372 continue(12): "83f668e2a18ef5bb7b3336d2"
DBG send Continue packet: 1673 frameNumber: 1372 continue(12): "b03c23125bd30e0b9ad7523c"
DBG send End packet: 1675 frameNumber: 1372 end(12): "02800c19189ef4a83eb84259"
Sending frame 1373 size: 10190 first packet: 1676 firstBytes(hex): "00000001419b006a008b40c003206c001a607321"
DBG send Start packet: 1676 frameNumber: 1373 frameSize: 10190 start(13): "00000001419b006a008b40c003"
DBG send Continue packet: 1677 frameNumber: 1373 continue(12): "e000d7df2a17fc0a00320740"
DBG send Continue packet: 1678 frameNumber: 1373 continue(12): "142077a8ab2a15e5d784d701"
DBG send Continue packet: 1680 frameNumber: 1373 continue(12): "d01ed3400ea65abf7c4a2a7d"
DBG send Continue packet: 1681 frameNumber: 1373 continue(12): "be5905f5456545745908590c"
DBG send Continue packet: 1682 frameNumber: 1373 continue(12): "a4940bf2ec1306bf33db08b6"
DBG send Continue packet: 1683 frameNumber: 1373 continue(12): "a95af0a1296ef1effffd0360"
DBG send Continue packet: 1685 frameNumber: 1373 continue(12): "0594575ac69c44904b0951ea"
DBG send End packet: 1686 frameNumber: 1373 end(12): "050a1688b82788c02ca6a2db"
Sending frame 1374 size: 6688 first packet: 1687 firstBytes(hex): "00000001419b206a01c1c5f4301c004b9a59e004"
DBG send Start packet: 1687 frameNumber: 1374 frameSize: 6688 start(13): "00000001419b206a01c1c5f430"
DBG send Continue packet: 1688 frameNumber: 1374 continue(12): "7a021fe100401582b1d3afbf"
DBG send Continue packet: 1690 frameNumber: 1374 continue(12): "593074330dab0fc6f5a61d50"
DBG send Continue packet: 1691 frameNumber: 1374 continue(12): "e9ffefb0f31fbd7db6bff3f5"
DBG send Continue packet: 1692 frameNumber: 1374 continue(12): "902dc68f9700b01dc8959db3"
DBG send End packet: 1693 frameNumber: 1374 end(12): "5bffc5c1d2ef1ce3cc43f7fd"
Sending frame 1375 size: 2727 first packet: 1695 firstBytes(hex): "00000001419b40228070717972cd24106911efc5"
DBG send Start packet: 1695 frameNumber: 1375 frameSize: 2727 start(13): "00000001419b40228070717972"
DBG send Continue packet: 1696 frameNumber: 1375 continue(12): "64003aa0a0882002d4658e01"
DBG send End packet: 1697 frameNumber: 1375 end(12): "67dc96c718e3f5f04efa3dff"
Sending frame 1376 size: 8324 first packet: 1698 firstBytes(hex): "00000001419b607a01c1c145c137c0b4d8012fc8"
DBG send Start packet: 1698 frameNumber: 1376 frameSize: 8324 start(13): "00000001419b607a01c1c145c1"
DBG send Continue packet: 1700 frameNumber: 1376 continue(12): "bf6e561ceaa2a2088cd5bbf5"
DBG send Continue packet: 1701 frameNumber: 1376 continue(12): "9d16e2685c0415abd914a676"
DBG send Continue packet: 1702 frameNumber: 1376 continue(12): "c3ea5e1f52c3ea5fffe24908"
DBG send Continue packet: 1703 frameNumber: 1376 continue(12): "a03497a7daf7ef9bf16971e3"
DBG send Continue packet: 1705 frameNumber: 1376 continue(12): "a0c64daa09e4b48f1de7fc08"
DBG send Continue packet: 1706 frameNumber: 1376 continue(12): "722e7a1fe6cf97f04df095f1"
DBG send End packet: 1707 frameNumber: 1376 end(12): "9c94429094429c9442909441"
Sending frame 1377 size: 8216 first packet: 1708 firstBytes(hex): "00000001419b807a01c1c5c681e803b7cbac4752"
DBG send Start packet: 1708 frameNumber: 1377 frameSize: 8216 start(13): "00000001419b807a01c1c5c681"
DBG send Continue packet: 1710 frameNumber: 1377 continue(12): "959a2dd09a91073be23220e6"
DBG send Continue packet: 1711 frameNumber: 1377 continue(12): "8bdb8602d02968774f496d33"
DBG send Continue packet: 1712 frameNumber: 1377 continue(12): "61f43ec84ae8afc053220345"
DBG send Continue packet: 1713 frameNumber: 1377 continue(12): "446fc61820f8f9cb0bd4c9da"
DBG send Continue packet: 1715 frameNumber: 1377 continue(12): "6154301f8887b6060bfa357b"
DBG send End packet: 1716 frameNumber: 1377 end(12): "0efff8cea441333abdf20c18"
Sending frame 1378 size: 8917 first packet: 1717 firstBytes(hex): "00000001419ba06a01bfcdd0c757c146056e06ea"
DBG send Start packet: 1717 frameNumber: 1378 frameSize: 8917 start(13): "00000001419ba06a01bfcdd0c7"
DBG send Continue packet: 1718 frameNumber: 1378 continue(12): "ed234c457f947d4e4170e879"
DBG send Continue packet: 1720 frameNumber: 1378 continue(12): "1d1f8d804fbe8377d63c5ca5"
DBG send Continue packet: 1721 frameNumber: 1378 continue(12): "3a7ff94ce346cbee1a030011"
DBG send Continue packet: 1722 frameNumber: 1378 continue(12): "d5cbf0e972c3ab97e3700259"
DBG send Continue packet: 1723 frameNumber: 1378 continue(12): "251a5ffff8003b410bf13685"
DBG send Continue packet: 1725 frameNumber: 1378 continue(12): "724b03884724b60e211c92c0"
DBG send End packet: 1726 frameNumber: 1378 end(12): "1087e81a060009664b51b4d9"
Sending frame 1379 size: 10183 first packet: 1727 firstBytes(hex): "00000001419bc06a01c1c5c741e846dc06730013"
DBG send Start packet: 1727 frameNumber: 1379 frameSize: 10183 start(13): "00000001419bc06a01c1c5c741"
DBG send Continue packet: 1728 frameNumber: 1379 continue(12): "097faf37801cafd368fad97c"
DBG send Continue packet: 1730 frameNumber: 1379 continue(12): "364e44bbff523177547c5e22"
DBG send Continue packet: 1731 frameNumber: 1379 continue(12): "6f06da2e1ab22df061795f19"
DBG send Continue packet: 1732 frameNumber: 1379 continue(12): "e499b917dff7802b4dab03ff"
DBG send Continue packet: 1733 frameNumber: 1379 continue(12): "db6069e16a156a6362cb3ffe"
DBG send Continue packet: 1735 frameNumber: 1379 continue(12): "61fa69f001336625a674db2c"
DBG send Continue packet: 1736 frameNumber: 1379 continue(12): "cd274856bd9cef18000800ba"
DBG send End packet: 1737 frameNumber: 1379 end(12): "ff5b0038160b942a378e2ead"
Sending frame 1380 size: 79894 first packet: 1738 firstBytes(hex): "000000016742c01eda0360f79b84000003000400"
Found NAL unit at offset 0 type: 7 (SPS)
Found NAL unit at offset 28 type: 8 (PPS)
DBG send Start packet: 1738 frameNumber: 1380 frameSize: 79894 start(13): "000000016742c01eda0360f79b"
DBG send Continue packet: 1740 frameNumber: 1380 continue(12): "d2cc0c0be7a00010076fd107"
DBG send Continue packet: 1741 frameNumber: 1380 continue(12): "2efa1d7b8abff8e495515396"
DBG send Continue packet: 1742 frameNumber: 1380 continue(12): "252c53524d9a9263ad079cff"
DBG send Continue packet: 1743 frameNumber: 1380 continue(12): "48d0360129278e5fea7fd5ec"
DBG send Continue packet: 1745 frameNumber: 1380 continue(12): "46320279eb328d89d0000400"
DBG send Continue packet: 1746 frameNumber: 1380 continue(12): "ee9b4080ddd5bfc34401b31a"
DBG send Continue packet: 1747 frameNumber: 1380 continue(12): "6ef54860cc00c4cc25a5c017"
DBG send Continue packet: 1748 frameNumber: 1380 continue(12): "6697237758e2b6d3be1517fe"
DBG send Continue packet: 1750 frameNumber: 1380 continue(12): "007e11d7756229185f0f0007"
DBG send Continue packet: 1751 frameNumber: 1380 continue(12): "800020179b01001946462582"
DBG send Continue packet: 1752 frameNumber: 1380 continue(12): "e000040082f8fe6750eecdf9"
DBG send Continue packet: 1753 frameNumber: 1380 continue(12): "95ee5acae1f00073410d4d5f"
DBG send Continue packet: 1755 frameNumber: 1380 continue(12): "6750b6dc34e1ed5ae25b6d69"
DBG send Continue packet: 1756 frameNumber: 1380 continue(12): "50295a9298a7a5a127318de6"
DBG send Continue packet: 1757 frameNumber: 1380 continue(12): "cfa755fbf8cfc7f8f28965c9"
DBG send Continue packet: 1758 frameNumber: 1380 continue(12): "e5586a9e7b9840d76c238e3a"
DBG send Continue packet: 1760 frameNumber: 1380 continue(12): "b6499751621dae9ffb4cb004"
DBG send Continue packet: 1761 frameNumber: 1380 continue(12): "aa748762836b938d0c72e704"
DBG send Continue packet: 1762 frameNumber: 1380 continue(12): "ffda41958c50785685285db6"
DBG send Continue packet: 1763 frameNumber: 1380 continue(12): "1c02f055e8478fdc0987317b"
DBG send Continue packet: 1765 frameNumber: 1380 continue(12): "5b7fd03083548f74f85c9fc6"
DBG send Continue packet: 1766 frameNumber: 1380 continue(12): "07ff062a7dbf37dd11887597"
DBG send Continue packet: 1767 frameNumber: 1380 continue(12): "8753c015003c62e500dc2e79"
DBG send Continue packet: 1768 frameNumber: 1380 continue(12): "6832d700c6d299a43ff100c0"
DBG send Continue packet: 1770 frameNumber: 1380 continue(12): "006f6a8c78a7de0d0c01d1ba"
DBG send Continue packet: 1771 frameNumber: 1380 continue(12): "b2ce007bfd85ec36880b236e"
DBG send Continue packet: 1772 frameNumber: 1380 continue(12): "c364b79a221c8c97993e217a"
DBG send Continue packet: 1773 frameNumber: 1380 continue(12): "854d3a845ffd800780039220"
DBG send Continue packet: 1775 frameNumber: 1380 continue(12): "001c8eb4832d755fa8a443d4"
DBG send Continue packet: 1776 frameNumber: 1380 continue(12): "829981bff9c323f4747b1e2f"
DBG send Continue packet: 1777 frameNumber: 1380 continue(12): "82cd0fe2ab07f464506a826e"
DBG send Continue packet: 1778 frameNumber: 1380 continue(12): "25a0059babe05e2315dfffe8"
DBG send Continue packet: 1780 frameNumber: 1380 continue(12): "0b6141ac97ed618516c07ace"
DBG send Continue packet: 1781 frameNumber: 1380 continue(12): "bfe0e04af83812bc763b0baf"
DBG send Continue packet: 1782 frameNumber: 1380 continue(12): "015a8478ab1ca89c75af834c"
DBG send Continue packet: 1783 frameNumber: 1380 continue(12): "850578a827a75c7c920f800c"
DBG send Continue packet: 1785 frameNumber: 1380 continue(12): "b2000200667fff1ea1001aa6"
DBG send Continue packet: 1786 frameNumber: 1380 continue(12): "f5d75d70b6000891817202a4"
DBG send Continue packet: 1787 frameNumber: 1380 continue(12): "7acb5f3cb14b0be08a5d0729"
DBG send Continue packet: 1788 frameNumber: 1380 continue(12): "300efd6bedbdfff84f38e2ff"
DBG send Continue packet: 1790 frameNumber: 1380 continue(12): "191f97f7740a7eee758175e0"
DBG send Continue packet: 1791 frameNumber: 1380 continue(12): "6356800bba68db4c7efdc082"
DBG send Continue packet: 1792 frameNumber: 1380 continue(12): "f24a6c680280019a437c0c6a"
DBG send Continue packet: 1793 frameNumber: 1380 continue(12): "c58b41ad0ca66b257810461b"
DBG send Continue packet: 1795 frameNumber: 1380 continue(12): "0990724150c49e1c00098e8b"
DBG send Continue packet: 1796 frameNumber: 1380 continue(12): "a5b90be910771b43de877405"
DBG send Continue packet: 1797 frameNumber: 1380 continue(12): "2899f5bbc970780baa94e070"
DBG send Continue packet: 1798 frameNumber: 1380 continue(12): "f0f003e6ffda000e80af4828"
DBG send Continue packet: 1800 frameNumber: 1380 continue(12): "cf0f71bc918000805f06e3b0"
DBG send Continue packet: 1801 frameNumber: 1380 continue(12): "bffd86907239910ca5fddb14"
DBG send Continue packet: 1802 frameNumber: 1380 continue(12): "51b5d51a3c81529d4da00018"
DBG send Continue packet: 1803 frameNumber: 1380 continue(12): "1c20e641c20e64b0a2c28004"
DBG send Continue packet: 1805 frameNumber: 1380 continue(12): "1ac2c6d4e964328964b0966e"
DBG send Continue packet: 1806 frameNumber: 1380 continue(12): "f5b0058105544109f4244fb1"
DBG send Continue packet: 1807 frameNumber: 1380 continue(12): "b43bba527fcfffa2570d5adc"
DBG send Continue packet: 1808 frameNumber: 1380 continue(12): "800a5d94a046b701d835aa1e"
DBG send Continue packet: 1810 frameNumber: 1380 continue(12): "ad04953d00144da6ce101238"
DBG send Continue packet: 1811 frameNumber: 1380 continue(12): "002511ab4d3309511f9da067"
DBG send Continue packet: 1812 frameNumber: 1380 continue(12): "5781f879f2009b7d9a13ffc2"
DBG send Continue packet: 1813 frameNumber: 1380 continue(12): "680050316408761955b6fa10"
DBG send Continue packet: 1815 frameNumber: 1380 continue(12): "7d29b6562d4bdd0c96e9046b"
DBG send Continue packet: 1816 frameNumber: 1380 continue(12): "629ffee467c618af256a1c98"
DBG send Continue packet: 1817 frameNumber: 1380 continue(12): "8bbf22a49f0bfe2091080a1c"
DBG send Continue packet: 1818 frameNumber: 1380 continue(12): "31544c7626a720c3c8a74fb7"
DBG send Continue packet: 1820 frameNumber: 1380 continue(12): "206287e92a8b92a2e7484233"
DBG send Continue packet: 1821 frameNumber: 1380 continue(12): "130001010b0000416e2f8005"
DBG send End packet: 1822 frameNumber: 1380 end(12): "79717f3d61c001c0004010e0"
StreamerWidget: Sent frame 1380 for stream "QGZMKE"
Sending frame 1381 size: 6663 first packet: 1823 firstBytes(hex): "00000001419a20a80229c56000e4e556ba114d4e"
DBG send Start packet: 1823 frameNumber: 1381 frameSize: 6663 start(13): "00000001419a20a80229c56000"
DBG send Continue packet: 1825 frameNumber: 1381 continue(12): "3f5be5beff5be5bef1900543"
DBG send Continue packet: 1826 frameNumber: 1381 continue(12): "fde08b1934efaea7feb6042c"
DBG send Continue packet: 1827 frameNumber: 1381 continue(12): "bc38afa471f8e3ffec7f8140"
DBG send Continue packet: 1828 frameNumber: 1381 continue(12): "0de55ebb55e55ebfc675a98a"
DBG send End packet: 1830 frameNumber: 1381 end(12): "2189a14f24fdffcd7d335191"
Sending frame 1382 size: 8488 first packet: 1831 firstBytes(hex): "00000001419a40e80229c56360007007f39f2821"
DBG send Start packet: 1831 frameNumber: 1382 frameSize: 8488 start(13): "00000001419a40e80229c56360"
DBG send Continue packet: 1832 frameNumber: 1382 continue(12): "ca342e0c027effe32f3e11b0"
DBG send Continue packet: 1833 frameNumber: 1382 continue(12): "66c53dfffb6a802eac740ec2"
DBG send Continue packet: 1835 frameNumber: 1382 continue(12): "32df10bc42e21709a80ed698"
DBG send Continue packet: 1836 frameNumber: 1382 continue(12): "2d1e7dd8cf121df885aa3f07"
DBG send Continue packet: 1837 frameNumber: 1382 continue(12): "bdcfce7ef0861373c967f7f4"
DBG send Continue packet: 1838 frameNumber: 1382 continue(12): "ea217e378f00317a641c00c5"
DBG send End packet: 1840 frameNumber: 1382 end(12): "32b17b704b87a34a6a28f57b"
Sending frame 1383 size: 5032 first packet: 1841 firstBytes(hex): "00000001419a605a008a71598f224ac4d237699a"
DBG send Start packet: 1841 frameNumber: 1383 frameSize: 5032 start(13): "00000001419a605a008a71598f"
DBG send Continue packet: 1842 frameNumber: 1383 continue(12): "d8b87ddfbf81b1246495099a"
DBG send Continue packet: 1843 frameNumber: 1383 continue(12): "c994e5b29cb40d15f4a73917"
DBG send Continue packet: 1845 frameNumber: 1383 continue(12): "af7b5b42c5aff406fead22fd"
DBG send End packet: 1846 frameNumber: 1383 end(12): "f840d03c5773c6caa9abaf83"
Sending frame 1384 size: 2883 first packet: 1847 firstBytes(hex): "00000001419a807a01afd5e17e6eaa09b9ebc25f"
DBG send Start packet: 1847 frameNumber: 1384 frameSize: 2883 start(13): "00000001419a807a01afd5e17e"
DBG send Continue packet: 1848 frameNumber: 1384 continue(12): "30f0edab2804aee0056cef90"
DBG send End packet: 1850 frameNumber: 1384 end(12): "e452f178db82e1841f27051a"
Sending frame 1385 size: 3571 first packet: 1851 firstBytes(hex): "00000001419aa02681ff049aadcae4befe09357c"
DBG send Start packet: 1851 frameNumber: 1385 frameSize: 3571 start(13): "00000001419aa02681ff049aad"
DBG send Continue packet: 1852 frameNumber: 1385 continue(12): "b000127ccd5ddd7dcc57fe04"
DBG send Continue packet: 1853 frameNumber: 1385 continue(12): "56c06a83a79be0a21d87cb41"
DBG send End packet: 1855 frameNumber: 1385 end(12): "bbd5efbaea3baea4e5dd7eb5"
Sending frame 1386 size: 763 first packet: 1856 firstBytes(hex): "00000001419ac02a81ff5476f822dd951d82bea9"
DBG send Start packet: 1856 frameNumber: 1386 frameSize: 763 start(13): "00000001419ac02a81ff5476f8"
Sending frame 1387 size: 2395 first packet: 1857 firstBytes(hex): "00000001419ae02ebcd8d8513a5c1972777f117b"
DBG send Start packet: 1857 frameNumber: 1387 frameSize: 2395 start(13): "00000001419ae02ebcd8d8513a"
DBG send Continue packet: 1858 frameNumber: 1387 continue(12): "be93c30550ae5287036844ff"
DBG send End packet: 1860 frameNumber: 1387 end(12): "f27755cd769e5ef69eb8b91f"
Sending frame 1388 size: 9819 first packet: 1861 firstBytes(hex): "00000001419b0032bc6ca0bd4154e10104df3fef"
DBG send Start packet: 1861 frameNumber: 1388 frameSize: 9819 start(13): "00000001419b0032bc6ca0bd41"
DBG send Continue packet: 1862 frameNumber: 1388 continue(12): "e9b8f0c4a58316c0002d3bca"
DBG send Continue packet: 1863 frameNumber: 1388 continue(12): "1562e2c3e114aaa2d67c3d58"
DBG send Continue packet: 1865 frameNumber: 1388 continue(12): "6300d4a01abc14dc64340941"
DBG send Continue packet: 1866 frameNumber: 1388 continue(12): "1af05ca7e23b915235058f41"
DBG send Continue packet: 1867 frameNumber: 1388 continue(12): "6d35f8cb02406a729943ad35"
DBG send Continue packet: 1868 frameNumber: 1388 continue(12): "222b0a98100500c6010f86f7"
DBG send Continue packet: 1870 frameNumber: 1388 continue(12): "2857e2340b1d320d21f06bf1"
DBG send End packet: 1871 frameNumber: 1388 end(12): "726f10617f7ff9b3060287f9"
Sending frame 1389 size: 205 first packet: 1872 firstBytes(hex): "00000001419b203280f5d4c2836e4dd0e16e5928"
DBG send Start packet: 1872 frameNumber: 1389 frameSize: 205 start(13): "00000001419b203280f5d4c283"
Sending frame 1390 size: 6546 first packet: 1873 firstBytes(hex): "00000001419b402680229cdc04bd5da4b7cb78be"
DBG send Start packet: 1873 frameNumber: 1390 frameSize: 6546 start(13): "00000001419b402680229cdc04"
DBG send Continue packet: 1875 frameNumber: 1390 continue(12): "1e492f60380095092c0e0025"
DBG send Continue packet: 1876 frameNumber: 1390 continue(12): "5e202dc62f7343ffd7c0056d"
DBG send Continue packet: 1877 frameNumber: 1390 continue(12): "a42aac9ab6e1884d10c32212"
DBG send Continue packet: 1878 frameNumber: 1390 continue(12): "4da90d596aacef58010de76f"
DBG send End packet: 1880 frameNumber: 1390 end(12): "151e7fffeab84861f308bfc6"
Sending frame 1391 size: 7978 first packet: 1881 firstBytes(hex): "00000001419b607a01add5e0fb9b804db69afe72"
DBG send Start packet: 1881 frameNumber: 1391 frameSize: 7978 start(13): "00000001419b607a01add5e0fb"
DBG send Continue packet: 1882 frameNumber: 1391 continue(12): "006000889aae509041549ac2"
DBG send Continue packet: 1883 frameNumber: 1391 continue(12): "c6c018ae6c9335f83dad3298"
DBG send Continue packet: 1885 frameNumber: 1391 continue(12): "86a0012dce4ce1e05bacb346"
DBG send Continue packet: 1886 frameNumber: 1391 continue(12): "f7c30e2483f49264ab79c15e"
DBG send Continue packet: 1887 frameNumber: 1391 continue(12): "333af865d636511be702b189"
DBG send End packet: 1888 frameNumber: 1391 end(12): "11c8f21199331e1219933aaa"
Sending frame 1392 size: 6485 first packet: 1890 firstBytes(hex): "00000001419b807a00a54200c431000411f85634"
DBG send Start packet: 1890 frameNumber: 1392 frameSize: 6485 start(13): "00000001419b807a00a54200c4"
DBG send Continue packet: 1891 frameNumber: 1392 continue(12): "211ce563325efafffef88894"
DBG send Continue packet: 1892 frameNumber: 1392 continue(12): "5d0f414278008eff2bbfbdc0"
DBG send Continue packet: 1893 frameNumber: 1392 continue(12): "a044bacd224727fe5c41a86d"
DBG send Continue packet: 1895 frameNumber: 1392 continue(12): "39be1f217071d72293408d36"
DBG send End packet: 1896 frameNumber: 1392 end(12): "5bec8d749fd6464253a1b3dd"
Sending frame 1393 size: 5499 first packet: 1897 firstBytes(hex): "00000001419ba0228023bcbc6da1f43717c6da15"
DBG send Start packet: 1897 frameNumber: 1393 frameSize: 5499 start(13): "00000001419ba0228023bcbc6d"
DBG send Continue packet: 1898 frameNumber: 1393 continue(12): "dbf043e4aafc79d6daf02a05"
DBG send Continue packet: 1900 frameNumber: 1393 continue(12): "01653838002ca54814041dac"
DBG send Continue packet: 1901 frameNumber: 1393 continue(12): "8cf0ca7ddb3e3292678ca498"
DBG send End packet: 1902 frameNumber: 1393 end(12): "c8030541ac3099af9c7a9093"
Sending frame 1394 size: 8883 first packet: 1903 firstBytes(hex): "00000001419bc07a00a573602bf80ddf812ef1a9"
DBG send Start packet: 1903 frameNumber: 1394 frameSize: 8883 start(13): "00000001419bc07a00a573602b"
DBG send Continue packet: 1905 frameNumber: 1394 continue(12): "07042175f3772affef0000c0"
DBG send Continue packet: 1906 frameNumber: 1394 continue(12): "30429c1acb4a0a5a2744b358"
DBG send Continue packet: 1907 frameNumber: 1394 continue(12): "b7f5d71bdfc602b91319e0a0"
DBG send Continue packet: 1908 frameNumber: 1394 continue(12): "c8cbc8d1ffeb0d11aa6419fd"
DBG send Continue packet: 1910 frameNumber: 1394 continue(12): "f7a64d89f2151d90329df3bc"
DBG send Continue packet: 1911 frameNumber: 1394 continue(12): "d02c10c88ec21040ac77fd5a"
DBG send End packet: 1912 frameNumber: 1394 end(12): "c68a5f8d14978ba30d1cf820"
Sending frame 1395 size: 86551 first packet: 1913 firstBytes(hex): "000000016742c01eda0360f79b84000003000400"
Found NAL unit at offset 0 type: 7 (SPS)
Found NAL unit at offset 28 type: 8 (PPS)
DBG send Start packet: 1913 frameNumber: 1395 frameSize: 86551 start(13): "000000016742c01eda0360f79b"
DBG send Continue packet: 1915 frameNumber: 1395 continue(12): "d6240bbef0268f00c506e557"
DBG send Continue packet: 1916 frameNumber: 1395 continue(12): "923ba6b7a08fb2e175d00450"
DBG send Continue packet: 1917 frameNumber: 1395 continue(12): "ed0003031fc2a0adfd77ea71"
DBG send Continue packet: 1918 frameNumber: 1395 continue(12): "f3d31f3fee10b3800383199c"
DBG send Continue packet: 1920 frameNumber: 1395 continue(12): "2e086b4af594ef700030459a"
DBG send Continue packet: 1921 frameNumber: 1395 continue(12): "b45b176bdb21267a554d060a"
DBG send Continue packet: 1922 frameNumber: 1395 continue(12): "87516a188ce3b19abcc00180"
DBG send Continue packet: 1923 frameNumber: 1395 continue(12): "2e905539202e2a1a34e81e99"
DBG send Continue packet: 1925 frameNumber: 1395 continue(12): "3c9f2528e0006e4341802aee"
DBG send Continue packet: 1926 frameNumber: 1395 continue(12): "000307c8c19f28bb9508d9df"
DBG send Continue packet: 1927 frameNumber: 1395 continue(12): "ab610ff9b04120b412080940"
DBG send Continue packet: 1928 frameNumber: 1395 continue(12): "f00002012002210727852aba"
DBG send Continue packet: 1930 frameNumber: 1395 continue(12): "6e827cb570256008e929e41a"
DBG send Continue packet: 1931 frameNumber: 1395 continue(12): "712308b4b844aedc3654422b"
DBG send Continue packet: 1932 frameNumber: 1395 continue(12): "76a0a8c4bf6c3096a18a579d"
DBG send Continue packet: 1933 frameNumber: 1395 continue(12): "5ebb6c4169bdc04d80b9abc3"
DBG send Continue packet: 1935 frameNumber: 1395 continue(12): "ed3c6b4aab5e8a2eab046c02"
DBG send Continue packet: 1936 frameNumber: 1395 continue(12): "0464b828e06e1c5f689e175d"
DBG send Continue packet: 1937 frameNumber: 1395 continue(12): "02fbda133d43c7e948d96388"
DBG send Continue packet: 1938 frameNumber: 1395 continue(12): "6dfffbc199f8edfdfc4cbceb"
DBG send Continue packet: 1940 frameNumber: 1395 continue(12): "b90339fa5d4e1dc0060ce208"
DBG send Continue packet: 1941 frameNumber: 1395 continue(12): "2ef3fe7c059f5020b0007211"
DBG send Continue packet: 1942 frameNumber: 1395 continue(12): "c5c17f8006f41a803bb8455d"
DBG send Continue packet: 1943 frameNumber: 1395 continue(12): "8922396c0a7bf9ca21ffc52a"
DBG send Continue packet: 1945 frameNumber: 1395 continue(12): "1682c84b8f7145eb4c332813"
DBG send Continue packet: 1946 frameNumber: 1395 continue(12): "e1930385c58f487d4b7e676f"
DBG send Continue packet: 1947 frameNumber: 1395 continue(12): "ca000100ea93800a00f0437f"
DBG send Continue packet: 1948 frameNumber: 1395 continue(12): "02700424a20f3c12d62a2b09"
DBG send Continue packet: 1950 frameNumber: 1395 continue(12): "c2d526f691d4d5c55c7fbeb7"
DBG send Continue packet: 1951 frameNumber: 1395 continue(12): "5a0213d5b0241a703204c5bf"
DBG send Continue packet: 1952 frameNumber: 1395 continue(12): "7040057f4b38d85fb986c04f"
DBG send Continue packet: 1953 frameNumber: 1395 continue(12): "01742124df1c6a77adccbd66"
DBG send Continue packet: 1955 frameNumber: 1395 continue(12): "cffeb7493778cf18f937efce"
DBG send Continue packet: 1956 frameNumber: 1395 continue(12): "56ddb58ad0916153d7bfac2a"
DBG send Continue packet: 1957 frameNumber: 1395 continue(12): "4fa817e91741aef6f05dc013"
DBG send Continue packet: 1958 frameNumber: 1395 continue(12): "d75d74f5c2ce00111fa80004"
DBG send Continue packet: 1960 frameNumber: 1395 continue(12): "f8088e3b7d00f658507fb521"
DBG send Continue packet: 1961 frameNumber: 1395 continue(12): "0bc0c458b43a865e13436227"
DBG send Continue packet: 1962 frameNumber: 1395 continue(12): "0001004004aea0183934c9d4"
DBG send Continue packet: 1963 frameNumber: 1395 continue(12): "bd74a8fb5fcf82cfc6b00010"
DBG send Continue packet: 1965 frameNumber: 1395 continue(12): "100244964009125fe4009125"
DBG send Continue packet: 1966 frameNumber: 1395 continue(12): "c38c71ac58c49efc0601a401"
DBG send Continue packet: 1967 frameNumber: 1395 continue(12): "8051c404fe0cb5c378e92ef6"
DBG send Continue packet: 1968 frameNumber: 1395 continue(12): "fc9a14fb44030a911a53c817"
DBG send Continue packet: 1970 frameNumber: 1395 continue(12): "0b757e2c00802e9000081026"
DBG send Continue packet: 1971 frameNumber: 1395 continue(12): "66eee3ba60ce87edbc76d865"
DBG send Continue packet: 1972 frameNumber: 1395 continue(12): "b46419d9391d8a8325f68629"
DBG send Continue packet: 1973 frameNumber: 1395 continue(12): "105fbdd010526a30aa2137fc"
DBG send Continue packet: 1975 frameNumber: 1395 continue(12): "effcf82ea0016217f38006ea"
DBG send Continue packet: 1976 frameNumber: 1395 continue(12): "50f480001010003aee20a4e0"
DBG send Continue packet: 1977 frameNumber: 1395 continue(12): "1a065ff8e32c7629ddb0c3d0"
DBG send Continue packet: 1978 frameNumber: 1395 continue(12): "086a9119bf71701815000912"
DBG send Continue packet: 1980 frameNumber: 1395 continue(12): "64e2f7a69270da5491cfa8c4"
DBG send Continue packet: 1981 frameNumber: 1395 continue(12): "8eb4bd063d756ba063d7f387"
DBG send Continue packet: 1982 frameNumber: 1395 continue(12): "93aecd88d56a482c7ec33013"
DBG send Continue packet: 1983 frameNumber: 1395 continue(12): "c9173a1dd58664161ecc1aa4"
DBG send Continue packet: 1985 frameNumber: 1395 continue(12): "a3f81405079b0ced3275fe9d"
DBG send Continue packet: 1986 frameNumber: 1395 continue(12): "009fe36a3514f76112d4b2c0"
DBG send Continue packet: 1987 frameNumber: 1395 continue(12): "08d7bb4298157d833047d0c3"
DBG send Continue packet: 1988 frameNumber: 1395 continue(12): "9a63fffe8241682410ffffb6"
DBG send Continue packet: 1990 frameNumber: 1395 continue(12): "a94e55bfea37c1fad81ce5b8"
DBG send Continue packet: 1991 frameNumber: 1395 continue(12): "ee544f304a35a0e7a61c8ffb"
DBG send Continue packet: 1992 frameNumber: 1395 continue(12): "dad1000504bf6d47204a8b3b"
DBG send Continue packet: 1993 frameNumber: 1395 continue(12): "bc75cb3d32e3f6f59fffdf30"
DBG send Continue packet: 1995 frameNumber: 1395 continue(12): "b6b768050c673c97bb90ab29"
DBG send Continue packet: 1996 frameNumber: 1395 continue(12): "3cd535286851bd740d462f8b"
DBG send Continue packet: 1997 frameNumber: 1395 continue(12): "1798c4927b582bcaa3aa5323"
DBG send Continue packet: 1998 frameNumber: 1395 continue(12): "5d75d75d75c760043d7f59ff"
DBG send Continue packet: 2000 frameNumber: 1395 continue(12): "e6d4c7afffb7b71ee1dcb7fe"
DBG send Continue packet: 2001 frameNumber: 1395 continue(12): "088881861f0ba80034000402"
DBG send Continue packet: 2002 frameNumber: 1395 continue(12): "01ea051139e53887000c00bd"
DBG send Continue packet: 2003 frameNumber: 1395 continue(12): "55de01731391d446f289435d"
DBG send End packet: 2005 frameNumber: 1395 end(12): "9dd1713f29258382730cdbed"
Sending frame 1396 size: 3650 first packet: 2006 firstBytes(hex): "00000001419a20a80297cbc003683f591765a9f3"
DBG send Start packet: 2006 frameNumber: 1396 frameSize: 3650 start(13): "00000001419a20a80297cbc003"
DBG send Continue packet: 2007 frameNumber: 1396 continue(12): "5e08f044d9f34d01ff0ac295"
DBG send Continue packet: 2008 frameNumber: 1396 continue(12): "8048f7c9ed78be0acfee9191"
DBG send End packet: 2010 frameNumber: 1396 end(12): "652c3cca580ea023f366f0fe"
Sending frame 1397 size: 6424 first packet: 2011 firstBytes(hex): "00000001419a404a00a5f175811ee199dd9b0ad6"
DBG send Start packet: 2011 frameNumber: 1397 frameSize: 6424 start(13): "00000001419a404a00a5f17581"
DBG send Continue packet: 2012 frameNumber: 1397 continue(12): "f84ab531f353820e33822040"
DBG send Continue packet: 2013 frameNumber: 1397 continue(12): "110fcb801fa831afb0780905"
DBG send Continue packet: 2015 frameNumber: 1397 continue(12): "e4998912363c9b24ccc8136d"
DBG send Continue packet: 2016 frameNumber: 1397 continue(12): "e11c314ca0a6002a03234aaf"
DBG send End packet: 2017 frameNumber: 1397 end(12): "7cfe7f3f9fcfe7f3f9df3f9f"
Sending frame 1398 size: 1753 first packet: 2018 firstBytes(hex): "00000001419a606a067df57008c7174050e2070e"
DBG send Start packet: 2018 frameNumber: 1398 frameSize: 1753 start(13): "00000001419a606a067df57008"
DBG send End packet: 2020 frameNumber: 1398 end(12): "2fe3ccce665e04c8071d0d21"
Device 0 FPS: 29.7089
Sending frame 1399 size: 1880 first packet: 2021 firstBytes(hex): "00000001419a802280297c144eab4660cd964459"
DBG send Start packet: 2021 frameNumber: 1399 frameSize: 1880 start(13): "00000001419a802280297c144e"
DBG send End packet: 2022 frameNumber: 1399 end(12): "57dce0803410b953f2ca1e87"
Sending frame 1400 size: 2028 first packet: 2023 firstBytes(hex): "00000001419aa02a81b72f17804539b365978625"
DBG send Start packet: 2023 frameNumber: 1400 frameSize: 2028 start(13): "00000001419aa02a81b72f1780"
DBG send End packet: 2025 frameNumber: 1400 end(12): "d258e8727af28b781408922a"
Sending frame 1401 size: 1103 first packet: 2026 firstBytes(hex): "00000001419ac02e8054f274920d7366519fbeaa"
DBG send Start packet: 2026 frameNumber: 1401 frameSize: 1103 start(13): "00000001419ac02e8054f27492"
Sending frame 1402 size: 50 first packet: 2027 firstBytes(hex): "00000001419ae02e80309dcf4e010009b86299ff"
DBG send Start packet: 2027 frameNumber: 1402 frameSize: 50 start(13): "00000001419ae02e80309dcf4e"
Sending frame 1403 size: 5067 first packet: 2028 firstBytes(hex): "00000001419b0032bc766733594783de3942a2b8"
DBG send Start packet: 2028 frameNumber: 1403 frameSize: 5067 start(13): "00000001419b0032bc76673359"
DBG send Continue packet: 2030 frameNumber: 1403 continue(12): "3b3fca183e12b4ca8d0eb7cb"
DBG send Continue packet: 2031 frameNumber: 1403 continue(12): "70cde420701afcc1a1d0811e"
DBG send Continue packet: 2032 frameNumber: 1403 continue(12): "9a3c6838e843c3c940d6f82f"
DBG send End packet: 2033 frameNumber: 1403 end(12): "1c5fc5da601ce91bdfc5ce21"
Sending frame 1404 size: 51 first packet: 2035 firstBytes(hex): "00000001419b20328030dd4f4060f74d3c1e84dc"
DBG send Start packet: 2035 frameNumber: 1404 frameSize: 51 start(13): "00000001419b20328030dd4f40"
Sending frame 1405 size: 33 first packet: 2036 firstBytes(hex): "00000001419b40328014204dc314cffc0045fa72"
DBG send Start packet: 2036 frameNumber: 1405 frameSize: 33 start(13): "00000001419b40328014204dc3"
Sending frame 1406 size: 33 first packet: 2037 firstBytes(hex): "00000001419b60328014204dc314cffc0045fa72"
DBG send Start packet: 2037 frameNumber: 1406 frameSize: 33 start(13): "00000001419b60328014204dc3"
Sending frame 1407 size: 33 first packet: 2038 firstBytes(hex): "00000001419b80328014204dc314cffc0045fa72"
DBG send Start packet: 2038 frameNumber: 1407 frameSize: 33 start(13): "00000001419b80328014204dc3"
Sending frame 1408 size: 33 first packet: 2040 firstBytes(hex): "00000001419ba0328014204dc314cffc0045fa72"
DBG send Start packet: 2040 frameNumber: 1408 frameSize: 33 start(13): "00000001419ba0328014204dc3"
Sending frame 1409 size: 7337 first packet: 2041 firstBytes(hex): "00000001419bc036bc93958011c1a7f0f423d3c3"
DBG send Start packet: 2041 frameNumber: 1409 frameSize: 7337 start(13): "00000001419bc036bc93958011"
DBG send Continue packet: 2042 frameNumber: 1409 continue(12): "1c2c001a04f26c10d8e68141"
DBG send Continue packet: 2043 frameNumber: 1409 continue(12): "041998998528b8e8a0f33163"
DBG send Continue packet: 2045 frameNumber: 1409 continue(12): "b3d0f4a59e87a78806135ef1"
DBG send Continue packet: 2046 frameNumber: 1409 continue(12): "227da6a3c2379e025f69abae"
DBG send Continue packet: 2047 frameNumber: 1409 continue(12): "9f7f87e6cf404af38204e798"
DBG send End packet: 2048 frameNumber: 1409 end(12): "0aa4018ac0cd70f5fcffc359"
Sending frame 1410 size: 96949 first packet: 2050 firstBytes(hex): "000000016742c01eda0360f79b84000003000400"
Found NAL unit at offset 0 type: 7 (SPS)
Found NAL unit at offset 28 type: 8 (PPS)
DBG send Start packet: 2050 frameNumber: 1410 frameSize: 96949 start(13): "000000016742c01eda0360f79b"
DBG send Continue packet: 2051 frameNumber: 1410 continue(12): "b071f252de6c289c5487dc19"
DBG send Continue packet: 2052 frameNumber: 1410 continue(12): "47fdfff05bd00040185b2fc8"
DBG send Continue packet: 2053 frameNumber: 1410 continue(12): "01e5015cf3bfc4583593ff01"
DBG send Continue packet: 2055 frameNumber: 1410 continue(12): "0349f403120065205551ee6b"
DBG send Continue packet: 2056 frameNumber: 1410 continue(12): "80d31c1b2b1c55cd1f7ea0f3"
DBG send Continue packet: 2057 frameNumber: 1410 continue(12): "a239914f3c00040102206894"
DBG send Continue packet: 2058 frameNumber: 1410 continue(12): "c00040119c1561de2f610a77"
DBG send Continue packet: 2060 frameNumber: 1410 continue(12): "a8099ed7df5f7fe901787000"
DBG send Continue packet: 2061 frameNumber: 1410 continue(12): "8ed3bdd0cba7df37d4e1c25e"
DBG send Continue packet: 2062 frameNumber: 1410 continue(12): "4000200010104b400a44354a"
DBG send Continue packet: 2063 frameNumber: 1410 continue(12): "aa6393c4c18fe67ff7e06e3f"
DBG send Continue packet: 2065 frameNumber: 1410 continue(12): "39eee7856002e8c3b7afda4e"
DBG send Continue packet: 2066 frameNumber: 1410 continue(12): "00b02c84eaf3512f6dbf8050"
DBG send Continue packet: 2067 frameNumber: 1410 continue(12): "ea577bc35d4b3ff7e859c001"
DBG send Continue packet: 2068 frameNumber: 1410 continue(12): "c5800de828291337544adc5e"
DBG send Continue packet: 2070 frameNumber: 1410 continue(12): "a25f24b430aa44716f6757d5"
DBG send Continue packet: 2071 frameNumber: 1410 continue(12): "bb6766f412b983818324488d"
DBG send Continue packet: 2072 frameNumber: 1410 continue(12): "a1b41824d0385ed57b4e4dd0"
DBG send Continue packet: 2073 frameNumber: 1410 continue(12): "b8df5e754ba00871cae5f2d4"
DBG send Continue packet: 2075 frameNumber: 1410 continue(12): "01ece01000266daaab004268"
DBG send Continue packet: 2076 frameNumber: 1410 continue(12): "02822e89080f578c0dd287c0"
DBG send Continue packet: 2077 frameNumber: 1410 continue(12): "00433e3e6c87c1c01ae0dbae"
DBG send Continue packet: 2078 frameNumber: 1410 continue(12): "00d9c031486c48e5d16baffe"
DBG send Continue packet: 2080 frameNumber: 1410 continue(12): "b8d65348fcff0c195574b8f3"
DBG send Continue packet: 2081 frameNumber: 1410 continue(12): "3400c02026156711210e923f"
DBG send Continue packet: 2082 frameNumber: 1410 continue(12): "866631a16ab91f87c00100e7"
DBG send Continue packet: 2083 frameNumber: 1410 continue(12): "d14485bffb800e28507fabbd"
DBG send Continue packet: 2085 frameNumber: 1410 continue(12): "bdaf902161429b945d1e88ff"
DBG send Continue packet: 2086 frameNumber: 1410 continue(12): "ac17108d47b35c64ffe7710c"
DBG send Continue packet: 2087 frameNumber: 1410 continue(12): "cee6f8795ec3000100e04d25"
DBG send Continue packet: 2088 frameNumber: 1410 continue(12): "00c34c0087399d5a0f7dc920"
DBG send Continue packet: 2090 frameNumber: 1410 continue(12): "400010040fcbc04b481a2960"
DBG send Continue packet: 2091 frameNumber: 1410 continue(12): "0e032900520b17674a289a6f"
DBG send Continue packet: 2092 frameNumber: 1410 continue(12): "96e4b2d343deef073767e7af"
DBG send Continue packet: 2093 frameNumber: 1410 continue(12): "3049e31fc3f904139fe42465"
DBG send Continue packet: 2095 frameNumber: 1410 continue(12): "00200e247b076919a96940d3"
DBG send Continue packet: 2096 frameNumber: 1410 continue(12): "b0011ddee01703022b463592"
DBG send Continue packet: 2097 frameNumber: 1410 continue(12): "bb8b8bf8285a5b50eefeb056"
DBG send Continue packet: 2098 frameNumber: 1410 continue(12): "c2a788b4366c048a8532b22c"
DBG send Continue packet: 2100 frameNumber: 1410 continue(12): "264e717d462092cd63f2001f"
DBG send Continue packet: 2101 frameNumber: 1410 continue(12): "008c55cc80231573080011d8"
DBG send Continue packet: 2102 frameNumber: 1410 continue(12): "f484cd9d9513a430f9014c04"
DBG send Continue packet: 2103 frameNumber: 1410 continue(12): "2ebdd1fe38090290bd4a086b"
DBG send Continue packet: 2105 frameNumber: 1410 continue(12): "ec516cdd7a5b88471d305905"
DBG send Continue packet: 2106 frameNumber: 1410 continue(12): "52527c1750078d003818119a"
DBG send Continue packet: 2107 frameNumber: 1410 continue(12): "dfbaa817129f3c305a85fbff"
DBG send Continue packet: 2108 frameNumber: 1410 continue(12): "91e3cbf037dd38a43b7bf82c"
DBG send Continue packet: 2110 frameNumber: 1410 continue(12): "45250be8455e1c000833684f"
DBG send Continue packet: 2111 frameNumber: 1410 continue(12): "9fb8f5aae8dffdc08e00e151"
DBG send Continue packet: 2112 frameNumber: 1410 continue(12): "35a109197ff1918c8e871350"
DBG send Continue packet: 2113 frameNumber: 1410 continue(12): "e64680010a000951f00264f3"
DBG send Continue packet: 2115 frameNumber: 1410 continue(12): "0b83ee08ca13ad2711b56758"
DBG send Continue packet: 2116 frameNumber: 1410 continue(12): "bf77cc02724a14004b03094b"
DBG send Continue packet: 2117 frameNumber: 1410 continue(12): "7139a463e090c805d400701a"
DBG send Continue packet: 2118 frameNumber: 1410 continue(12): "b83ec0026303f1612ecc72d6"
DBG send Continue packet: 2120 frameNumber: 1410 continue(12): "0a61a2cce4a9f58d0031e655"
DBG send Continue packet: 2121 frameNumber: 1410 continue(12): "34e701521df663fe8116a1b3"
DBG send Continue packet: 2122 frameNumber: 1410 continue(12): "01044d09272bb30400107192"
DBG send Continue packet: 2123 frameNumber: 1410 continue(12): "02baaa8f8158931adc662b81"
DBG send Continue packet: 2125 frameNumber: 1410 continue(12): "63d4f484a572f78010085d0f"
DBG send Continue packet: 2126 frameNumber: 1410 continue(12): "9d2cfe9e1001808057c5639a"
DBG send Continue packet: 2127 frameNumber: 1410 continue(12): "7861b1c66acc2c303bce1aa2"
DBG send Continue packet: 2128 frameNumber: 1410 continue(12): "ae0949bdf57b8c1281ada6a0"
DBG send Continue packet: 2130 frameNumber: 1410 continue(12): "529cbd5527f958f680018e22"
DBG send Continue packet: 2131 frameNumber: 1410 continue(12): "00002016c004aa703952e896"
DBG send Continue packet: 2132 frameNumber: 1410 continue(12): "e0641ced2387f18cbad5b501"
DBG send Continue packet: 2133 frameNumber: 1410 continue(12): "bfc859b437ae3f757c2c111c"
DBG send Continue packet: 2135 frameNumber: 1410 continue(12): "80cd783fb06355539c080af8"
DBG send Continue packet: 2136 frameNumber: 1410 continue(12): "dd2db3077a702f80ba80a000"
DBG send Continue packet: 2137 frameNumber: 1410 continue(12): "35ff894900bb4f6299abe453"
DBG send Continue packet: 2138 frameNumber: 1410 continue(12): "843e5bcf80949ad9f22f0050"
DBG send Continue packet: 2140 frameNumber: 1410 continue(12): "69000c679a681efe306c5051"
DBG send Continue packet: 2141 frameNumber: 1410 continue(12): "39f6bfc17700700010111e80"
DBG send Continue packet: 2142 frameNumber: 1410 continue(12): "e0000400c022c907593ca244"
DBG send Continue packet: 2143 frameNumber: 1410 continue(12): "2bd8a801ed3200a1b220000a"
DBG send Continue packet: 2145 frameNumber: 1410 continue(12): "cc7241b33fb8aa54b3d431c2"
DBG send Continue packet: 2146 frameNumber: 1410 continue(12): "8f4b5d2c7e7a7ff02e82410f"
DBG send Continue packet: 2147 frameNumber: 1410 continue(12): "00098735e37d5f7085e6ffe0"
DBG send Continue packet: 2148 frameNumber: 1410 continue(12): "11494997feffd8d8d7c8f820"
DBG send Continue packet: 2150 frameNumber: 1410 continue(12): "dce8f1bf9c98f802a32bfc01"
DBG send End packet: 2151 frameNumber: 1410 end(12): "1726367428800285739b0169"
StreamerWidget: Sent frame 1410 for stream "QGZMKE"
Sending frame 1411 size: 11 first packet: 2152 firstBytes(hex): "00000001419a20e800cab0"
DBG send Start packet: 2152 frameNumber: 1411 frameSize: 11 start(13): "00000001419a20e800cab000ae"
Sending frame 1412 size: 11 first packet: 2153 firstBytes(hex): "00000001419a405a0032ac"
DBG send Start packet: 2153 frameNumber: 1412 frameSize: 11 start(13): "00000001419a405a0032ac00ae"
Sending frame 1413 size: 11 first packet: 2155 firstBytes(hex): "00000001419a607a0032ac"
DBG send Start packet: 2155 frameNumber: 1413 frameSize: 11 start(13): "00000001419a607a0032ac00ae"
Sending frame 1414 size: 22 first packet: 2156 firstBytes(hex): "00000001419a802680109756805d7bbd600b03ab"
DBG send Start packet: 2156 frameNumber: 1414 frameSize: 22 start(13): "00000001419a80268010975680"
Sending frame 1415 size: 99 first packet: 2157 firstBytes(hex): "00000001419aa02a803831220640019b426872f6"
DBG send Start packet: 2157 frameNumber: 1415 frameSize: 99 start(13): "00000001419aa02a8038312206"
Sending frame 1416 size: 7613 first packet: 2158 firstBytes(hex): "00000001419ac02280303c6f8003a0d6912bea66"
DBG send Start packet: 2158 frameNumber: 1416 frameSize: 7613 start(13): "00000001419ac02280303c6f80"
DBG send Continue packet: 2160 frameNumber: 1416 continue(12): "f53e09487a416511fbe024f1"
DBG send Continue packet: 2161 frameNumber: 1416 continue(12): "03e2c02a64b00a99f0ac1514"
DBG send Continue packet: 2162 frameNumber: 1416 continue(12): "b67ec5e246eb3be9f8de0f21"
DBG send Continue packet: 2163 frameNumber: 1416 continue(12): "218a94cc1c4315299f80323d"
DBG send Continue packet: 2165 frameNumber: 1416 continue(12): "24e587152d0ee8802492c074"
DBG send End packet: 2166 frameNumber: 1416 end(12): "592e592e595552caaa96f02f"
Sending frame 1417 size: 9286 first packet: 2167 firstBytes(hex): "00000001419ae06a00c0f1be099d10c01186e1a1"
DBG send Start packet: 2167 frameNumber: 1417 frameSize: 9286 start(13): "00000001419ae06a00c0f1be09"
DBG send Continue packet: 2168 frameNumber: 1417 continue(12): "2ba661fe08200bf449062918"
DBG send Continue packet: 2170 frameNumber: 1417 continue(12): "52b933ecaff04a8808aef00a"
DBG send Continue packet: 2171 frameNumber: 1417 continue(12): "92795fffff005154fcbed5f3"
DBG send Continue packet: 2172 frameNumber: 1417 continue(12): "2216581c00488596f0700122"
DBG send Continue packet: 2173 frameNumber: 1417 continue(12): "8a1310296f1926a1de592c0c"
DBG send Continue packet: 2175 frameNumber: 1417 continue(12): "0c85ae50f3205ae6c051866e"
DBG send End packet: 2176 frameNumber: 1417 end(12): "1f0e3800200210d13baea9b6"
Sending frame 1418 size: 7044 first packet: 2177 firstBytes(hex): "00000001419b007a00c0f04f8e8314d1a38a91c3"
DBG send Start packet: 2177 frameNumber: 1418 frameSize: 7044 start(13): "00000001419b007a00c0f04f8e"
DBG send Continue packet: 2178 frameNumber: 1418 continue(12): "0bd77aed0078e39fe210ff71"
DBG send Continue packet: 2180 frameNumber: 1418 continue(12): "98328ff167bcd2499faa9e00"
DBG send Continue packet: 2181 frameNumber: 1418 continue(12): "0ba0f0ae314fb8c8fdfe07ee"
DBG send Continue packet: 2182 frameNumber: 1418 continue(12): "f34b1a6737567e0fbea61111"
DBG send End packet: 2183 frameNumber: 1418 end(12): "3a7a087d15f40769bc02139f"
Sending frame 1419 size: 5279 first packet: 2185 firstBytes(hex): "00000001419b207a00c170bc00b06a682277517b"
DBG send Start packet: 2185 frameNumber: 1419 frameSize: 5279 start(13): "00000001419b207a00c170bc00"
DBG send Continue packet: 2186 frameNumber: 1419 continue(12): "1fd8301335c6feec0c49a618"
DBG send Continue packet: 2187 frameNumber: 1419 continue(12): "048ee9981201472ebd58f67b"
DBG send Continue packet: 2188 frameNumber: 1419 continue(12): "601b40006400cbd6f57d3d80"
DBG send End packet: 2190 frameNumber: 1419 end(12): "8e671ff7f5461168a6667c0a"
Sending frame 1420 size: 2373 first packet: 2191 firstBytes(hex): "00000001419b40268029bcdc64cb069c66c04482"
DBG send Start packet: 2191 frameNumber: 1420 frameSize: 2373 start(13): "00000001419b40268029bcdc64"
DBG send Continue packet: 2192 frameNumber: 1420 continue(12): "25040f409781c09c31200005"
DBG send End packet: 2193 frameNumber: 1420 end(12): "475010139164f01e9d5a3a00"
Sending frame 1421 size: 820 first packet: 2195 firstBytes(hex): "00000001419b602a80303df0ca037faa51f3cb50"
DBG send Start packet: 2195 frameNumber: 1421 frameSize: 820 start(13): "00000001419b602a80303df0ca"
Sending frame 1422 size: 1714 first packet: 2196 firstBytes(hex): "00000001419b802e80295deb506fcd211983cd78"
DBG send Start packet: 2196 frameNumber: 1422 frameSize: 1714 start(13): "00000001419b802e80295deb50"
DBG send End packet: 2197 frameNumber: 1422 end(12): "201576604030d459ce74c820"
Sending frame 1423 size: 2431 first packet: 2198 firstBytes(hex): "00000001419ba0328fc4524b492c18f269d33736"
DBG send Start packet: 2198 frameNumber: 1423 frameSize: 2431 start(13): "00000001419ba0328fc4524b49"
DBG send Continue packet: 2200 frameNumber: 1423 continue(12): "04dd2cc1d86b41034bcf102c"
DBG send End packet: 2201 frameNumber: 1423 end(12): "920460e9f04b401c0c3a8194"
Sending frame 1424 size: 42 first packet: 2202 firstBytes(hex): "00000001419bc0328014204dc314cffc0045fa72"
DBG send Start packet: 2202 frameNumber: 1424 frameSize: 42 start(13): "00000001419bc0328014204dc3"
Sending frame 1425 size: 100179 first packet: 2203 firstBytes(hex): "000000016742c01eda0360f79b84000003000400"
Found NAL unit at offset 0 type: 7 (SPS)
Found NAL unit at offset 28 type: 8 (PPS)
DBG send Start packet: 2203 frameNumber: 1425 frameSize: 100179 start(13): "000000016742c01eda0360f79b"
DBG send Continue packet: 2205 frameNumber: 1425 continue(12): "2c1c7c94b79b0a271521f706"
DBG send Continue packet: 2206 frameNumber: 1425 continue(12): "e691ff7ffc16f400100616cb"
DBG send Continue packet: 2207 frameNumber: 1425 continue(12): "20007940573ceff1160d64ff"
DBG send Continue packet: 2208 frameNumber: 1425 continue(12): "5f80d27d00c480194815547b"
DBG send Continue packet: 2210 frameNumber: 1425 continue(12): "8be034c706cac7157347dfa8"
DBG send Continue packet: 2211 frameNumber: 1425 continue(12): "e5288e6453cf00010040881a"
DBG send Continue packet: 2212 frameNumber: 1425 continue(12): "fe30001004670558778bd842"
DBG send Continue packet: 2213 frameNumber: 1425 continue(12): "076a0267b5f7d7dffa405e1c"
DBG send Continue packet: 2215 frameNumber: 1425 continue(12): "80e3b4ef7432e9f7cdf53870"
DBG send Continue packet: 2216 frameNumber: 1425 continue(12): "af50000800040412d002910d"
DBG send Continue packet: 2217 frameNumber: 1425 continue(12): "14ea98e4f13063f99ffdf81b"
DBG send Continue packet: 2218 frameNumber: 1425 continue(12): "448e7bb9e15800ba30edebf6"
DBG send Continue packet: 2220 frameNumber: 1425 continue(12): "46c02c0b213abcd44bdb6fe0"
DBG send Continue packet: 2221 frameNumber: 1425 continue(12): "be7a95def0d752cffdfa1670"
DBG send Continue packet: 2222 frameNumber: 1425 continue(12): "d47160037a0a0a44cdd512b7"
DBG send Continue packet: 2223 frameNumber: 1425 continue(12): "4b2897c92d0c2a911c5bd9d5"
DBG send Continue packet: 2225 frameNumber: 1425 continue(12): "90aed9d9bd04ae60e060c912"
DBG send Continue packet: 2226 frameNumber: 1425 continue(12): "e1a86d0609340e17b55ed393"
DBG send Continue packet: 2227 frameNumber: 1425 continue(12): "aeae37d79d52e8021c72b97c"
DBG send Continue packet: 2228 frameNumber: 1425 continue(12): "00c07b380400099b6aaac010"
DBG send Continue packet: 2230 frameNumber: 1425 continue(12): "f800a08ba24203d5e30374a1"
DBG send Continue packet: 2231 frameNumber: 1425 continue(12): "dbc010cf8f9b21f07006b836"
DBG send Continue packet: 2232 frameNumber: 1425 continue(12): "010036700c521b1239745aeb"
DBG send Continue packet: 2233 frameNumber: 1425 continue(12): "37ee3594d23f3fc306555d2e"
DBG send Continue packet: 2235 frameNumber: 1425 continue(12): "bbcd003008098559c44843a4"
DBG send Continue packet: 2236 frameNumber: 1425 continue(12): "05e1998c685aae47e1f00040"
DBG send Continue packet: 2237 frameNumber: 1425 continue(12): "c03451216ffee0038a141fea"
DBG send Continue packet: 2238 frameNumber: 1425 continue(12): "e3cf6f6be4085850a6e51747"
DBG send Continue packet: 2240 frameNumber: 1425 continue(12): "a26feb05c42351ecd7193ff9"
DBG send Continue packet: 2241 frameNumber: 1425 continue(12): "d150536373b9be3e57b0c000"
DBG send Continue packet: 2242 frameNumber: 1425 continue(12): "3845e9e700c34c0087399d5a"
DBG send Continue packet: 2243 frameNumber: 1425 continue(12): "696d9100bd9948d025a2e00e"
DBG send Continue packet: 2245 frameNumber: 1425 continue(12): "afeebff8003e84eb2d665c8b"
DBG send Continue packet: 2246 frameNumber: 1425 continue(12): "2bb7d9873675cf1c72c52c3b"
DBG send Continue packet: 2247 frameNumber: 1425 continue(12): "de11fc89828dbb93c7f83f06"
DBG send Continue packet: 2248 frameNumber: 1425 continue(12): "0bad82e42727276210ffd6dc"
DBG send Continue packet: 2250 frameNumber: 1425 continue(12): "b211b350f08f8fc9821bffad"
DBG send Continue packet: 2251 frameNumber: 1425 continue(12): "001ca0c120ba0009a531d4c8"
DBG send Continue packet: 2252 frameNumber: 1425 continue(12): "000402527f0562507b26f89f"
DBG send Continue packet: 2253 frameNumber: 1425 continue(12): "087e000ab1680b6a977f9ae1"
DBG send Continue packet: 2255 frameNumber: 1425 continue(12): "bccd615f341ee5b1e1870300"
DBG send Continue packet: 2256 frameNumber: 1425 continue(12): "ca20b90e150754a364659e88"
DBG send Continue packet: 2257 frameNumber: 1425 continue(12): "2d8e4ca972b736d0ded562e9"
DBG send Continue packet: 2258 frameNumber: 1425 continue(12): "66420ba81aa62c4fbdf68cc0"
DBG send Continue packet: 2260 frameNumber: 1425 continue(12): "f984c5bf7998639ec533fffc"
DBG send Continue packet: 2261 frameNumber: 1425 continue(12): "3c62676b5f8afeee06c10d5a"
DBG send Continue packet: 2262 frameNumber: 1425 continue(12): "e0ceb83a01303d47809477cb"
DBG send Continue packet: 2263 frameNumber: 1425 continue(12): "374212cc28f7100c3a082167"
DBG send Continue packet: 2265 frameNumber: 1425 continue(12): "0085dc5a200d47dcf8db4167"
DBG send Continue packet: 2266 frameNumber: 1425 continue(12): "5ee4c059b2e7212e54048c80"
DBG send Continue packet: 2267 frameNumber: 1425 continue(12): "840010303536884e61955aca"
DBG send Continue packet: 2268 frameNumber: 1425 continue(12): "d75d75d75d74e65c760123f2"
DBG send Continue packet: 2270 frameNumber: 1425 continue(12): "53dbeb73f7f6abb7ed1ee3bf"
DBG send Continue packet: 2271 frameNumber: 1425 continue(12): "b91ee5f2f32f463580008000"
DBG send Continue packet: 2272 frameNumber: 1425 continue(12): "249088a3bb98127f0e000200"
DBG send Continue packet: 2273 frameNumber: 1425 continue(12): "a15e7081d5ba675411332080"
DBG send Continue packet: 2275 frameNumber: 1425 continue(12): "842a822965a66ebe5847d580"
DBG send Continue packet: 2276 frameNumber: 1425 continue(12): "fadc05064c0a9b0a9bc0f192"
DBG send Continue packet: 2277 frameNumber: 1425 continue(12): "5827e2596976e4d3174eb621"
DBG send Continue packet: 2278 frameNumber: 1425 continue(12): "a1800a210ac83a233b997995"
DBG send Continue packet: 2280 frameNumber: 1425 continue(12): "fef91f53e62f9c52b116ca90"
DBG send Continue packet: 2281 frameNumber: 1425 continue(12): "5ec4ecd0a77e7114f8809c69"
DBG send Continue packet: 2282 frameNumber: 1425 continue(12): "0934a460c915223b0c0fdc08"
DBG send Continue packet: 2283 frameNumber: 1425 continue(12): "6555fdd808f5edabb96ae4f0"
DBG send Continue packet: 2285 frameNumber: 1425 continue(12): "0348f9dd0b8847c0e143a205"
DBG send Continue packet: 2286 frameNumber: 1425 continue(12): "60e88b3fa19f5c005864d01e"
DBG send Continue packet: 2287 frameNumber: 1425 continue(12): "783885203fcd920a28c511c4"
DBG send Continue packet: 2288 frameNumber: 1425 continue(12): "2a7295684e76adabf0140519"
DBG send Continue packet: 2290 frameNumber: 1425 continue(12): "809c60cec743f9fd662d7758"
DBG send Continue packet: 2291 frameNumber: 1425 continue(12): "e13e3ed077940409213e10c1"
DBG send Continue packet: 2292 frameNumber: 1425 continue(12): "81f44c26c3573b40d913ff70"
DBG send Continue packet: 2293 frameNumber: 1425 continue(12): "f588e7b0eb3d0f8090006741"
DBG send Continue packet: 2295 frameNumber: 1425 continue(12): "897006269c983df22234b0f1"
DBG send Continue packet: 2296 frameNumber: 1425 continue(12): "d49e5cb3064a45123eb00640"
DBG send Continue packet: 2297 frameNumber: 1425 continue(12): "fe18781c001a3894b90655c4"
DBG send Continue packet: 2298 frameNumber: 1425 continue(12): "bcef1d374ff0465e5110bdc4"
DBG send Continue packet: 2300 frameNumber: 1425 continue(12): "08b0828c78baf7f81b00182c"
DBG send Continue packet: 2301 frameNumber: 1425 continue(12): "07407e6084a623946d4c8004"
DBG send Continue packet: 2302 frameNumber: 1425 continue(12): "4190712cd9bcabc302c4a882"
DBG send Continue packet: 2303 frameNumber: 1425 continue(12): "ff94c884ce204c83c6652aeb"
DBG send Continue packet: 2305 frameNumber: 1425 continue(12): "02608017007e84034d0b412d"
DBG send Continue packet: 2306 frameNumber: 1425 continue(12): "000805800a970805128cb389"
DBG send Continue packet: 2307 frameNumber: 1425 continue(12): "1ad891141e0b600080002010"
DBG send End packet: 2308 frameNumber: 1425 end(12): "d942d8f99fb02efca203ddff"
Sending frame 1426 size: 11 first packet: 2310 firstBytes(hex): "00000001419a20e800cab0"
DBG send Start packet: 2310 frameNumber: 1426 frameSize: 11 start(13): "00000001419a20e800cab000ae"
Sending frame 1427 size: 11 first packet: 2311 firstBytes(hex): "00000001419a405a0032ac"
DBG send Start packet: 2311 frameNumber: 1427 frameSize: 11 start(13): "00000001419a405a0032ac0000"
Sending frame 1428 size: 11 first packet: 2312 firstBytes(hex): "00000001419a607a0032ac"
DBG send Start packet: 2312 frameNumber: 1428 frameSize: 11 start(13): "00000001419a607a0032ac00ae"
Sending frame 1429 size: 28 first packet: 2313 firstBytes(hex): "00000001419a80268032bdddf03ef568123ab201"
DBG send Start packet: 2313 frameNumber: 1429 frameSize: 28 start(13): "00000001419a80268032bdddf0"
Sending frame 1430 size: 11 first packet: 2315 firstBytes(hex): "00000001419aa02a800cab"
DBG send Start packet: 2315 frameNumber: 1430 frameSize: 11 start(13): "00000001419aa02a800cab00ae"
Sending frame 1431 size: 103 first packet: 2316 firstBytes(hex): "00000001419ac02e80295deb502772f7702b7255"
DBG send Start packet: 2316 frameNumber: 1431 frameSize: 103 start(13): "00000001419ac02e80295deb50"
Sending frame 1432 size: 247 first packet: 2317 firstBytes(hex): "00000001419ae0328fc4524b492c18f269d33736"
DBG send Start packet: 2317 frameNumber: 1432 frameSize: 247 start(13): "00000001419ae0328fc4524b49"
Sending frame 1433 size: 5700 first packet: 2318 firstBytes(hex): "00000001419b002680305c540010183662c7b1ec"
DBG send Start packet: 2318 frameNumber: 1433 frameSize: 5700 start(13): "00000001419b002680305c5400"
DBG send Continue packet: 2320 frameNumber: 1433 continue(12): "d9026bfc003b59a5e93dbbff"
DBG send Continue packet: 2321 frameNumber: 1433 continue(12): "618c0115a94c0709c65a60f0"
DBG send Continue packet: 2322 frameNumber: 1433 continue(12): "a53056b6007edfc938ff77ff"
DBG send End packet: 2323 frameNumber: 1433 end(12): "e480646764d67b7dff9de34e"
Sending frame 1434 size: 6084 first packet: 2325 firstBytes(hex): "00000001419b202680305c16408ff18d80508e3b"
DBG send Start packet: 2325 frameNumber: 1434 frameSize: 6084 start(13): "00000001419b202680305c1640"
DBG send Continue packet: 2326 frameNumber: 1434 continue(12): "1ca5a01531527eef12afc2b0"
DBG send Continue packet: 2327 frameNumber: 1434 continue(12): "805bbffdf75e1f857c1005d9"
DBG send Continue packet: 2328 frameNumber: 1434 continue(12): "6ef87b9d7d8800fc85bfd9bc"
DBG send Continue packet: 2330 frameNumber: 1434 continue(12): "41159446f24a4b5c9007c600"
DBG send End packet: 2331 frameNumber: 1434 end(12): "86f0f7a7b2c046da1efa7be0"
Sending frame 1435 size: 772 first packet: 2332 firstBytes(hex): "00000001419b402a80307c56340346080b486345"
DBG send Start packet: 2332 frameNumber: 1435 frameSize: 772 start(13): "00000001419b402a80307c5634"
Sending frame 1436 size: 7645 first packet: 2333 firstBytes(hex): "00000001419b602280305c56000e45860e67dc7f"
DBG send Start packet: 2333 frameNumber: 1436 frameSize: 7645 start(13): "00000001419b602280305c5600"
DBG send Continue packet: 2335 frameNumber: 1436 continue(12): "378a84d30e02b1e00cd061d7"
DBG send Continue packet: 2336 frameNumber: 1436 continue(12): "e0004044b6581c00080896cb"
DBG send Continue packet: 2337 frameNumber: 1436 continue(12): "a00080082bc4f0a927104b65"
DBG send Continue packet: 2338 frameNumber: 1436 continue(12): "99054c838002641533b0e380"
DBG send Continue packet: 2340 frameNumber: 1436 continue(12): "00811ca998380010239530c1"
DBG send End packet: 2341 frameNumber: 1436 end(12): "00680e524e40922199fbb3ff"
Sending frame 1437 size: 7177 first packet: 2342 firstBytes(hex): "00000001419b807a00a6f17c0db52c36d4b6314c"
DBG send Start packet: 2342 frameNumber: 1437 frameSize: 7177 start(13): "00000001419b807a00a6f17c0d"
DBG send Continue packet: 2343 frameNumber: 1437 continue(12): "bfeff89f99b30d5554c05734"
DBG send Continue packet: 2345 frameNumber: 1437 continue(12): "d598492f793ddfbe1049084d"
DBG send Continue packet: 2346 frameNumber: 1437 continue(12): "a5b16f24dda0fc4b4e80c4b5"
DBG send Continue packet: 2347 frameNumber: 1437 continue(12): "7208444b039042225bc1c821"
DBG send Continue packet: 2348 frameNumber: 1437 continue(12): "492c1c48aa02216d232e7441"
DBG send End packet: 2350 frameNumber: 1437 end(12): "f11e23f103352992e14b3cc5"
Sending frame 1438 size: 7144 first packet: 2351 firstBytes(hex): "00000001419ba07a00a6f1770ca76000ef98bbfa"
DBG send Start packet: 2351 frameNumber: 1438 frameSize: 7144 start(13): "00000001419ba07a00a6f1770c"
DBG send Continue packet: 2352 frameNumber: 1438 continue(12): "e3c4ab64909683c486023000"
DBG send Continue packet: 2353 frameNumber: 1438 continue(12): "727bb421d93f2df75fb7c29b"
DBG send Continue packet: 2355 frameNumber: 1438 continue(12): "27d1713fd6adffa42310f8d3"
DBG send Continue packet: 2356 frameNumber: 1438 continue(12): "1dbeff2e466ef9fff898e8f3"
DBG send Continue packet: 2357 frameNumber: 1438 continue(12): "c0f2a584b552c7e7e1f8f016"
DBG send End packet: 2358 frameNumber: 1438 end(12): "6f1349b9349bffc42c0710a8"
Sending frame 1439 size: 6044 first packet: 2360 firstBytes(hex): "00000001419bc07a00a6f17a47b00c1335983ea6"
DBG send Start packet: 2360 frameNumber: 1439 frameSize: 6044 start(13): "00000001419bc07a00a6f17a47"
DBG send Continue packet: 2361 frameNumber: 1439 continue(12): "6c1e44a581e42496f28c5798"
DBG send Continue packet: 2362 frameNumber: 1439 continue(12): "32622bf28124b14a6d79603f"
DBG send Continue packet: 2363 frameNumber: 1439 continue(12): "d307f02f99fb53dcdffeb000"
DBG send Continue packet: 2365 frameNumber: 1439 continue(12): "acd0ee68181b3474cd074f97"
DBG send End packet: 2366 frameNumber: 1439 end(12): "e3626e58d89b96f8d1372c47"
Sending frame 1440 size: 100961 first packet: 2367 firstBytes(hex): "000000016742c01eda0360f79b84000003000400"
Found NAL unit at offset 0 type: 7 (SPS)
Found NAL unit at offset 28 type: 8 (PPS)
DBG send Start packet: 2367 frameNumber: 1440 frameSize: 100961 start(13): "000000016742c01eda0360f79b"
DBG send Continue packet: 2368 frameNumber: 1440 continue(12): "b071f252de6c289c5487dc19"
DBG send Continue packet: 2370 frameNumber: 1440 continue(12): "47fdfff05bd00040185b2fc8"
DBG send Continue packet: 2371 frameNumber: 1440 continue(12): "01e5015cf3bfc4583593ff01"
DBG send Continue packet: 2372 frameNumber: 1440 continue(12): "0349f403120065205551ee6b"
DBG send Continue packet: 2373 frameNumber: 1440 continue(12): "80d31c1b2b1c55cd1f7ea0f3"
DBG send Continue packet: 2375 frameNumber: 1440 continue(12): "a239914f3c00040102206894"
DBG send Continue packet: 2376 frameNumber: 1440 continue(12): "c00040119c1561de2f610a77"
DBG send Continue packet: 2377 frameNumber: 1440 continue(12): "a8099ed7df5f7fe901787000"
DBG send Continue packet: 2378 frameNumber: 1440 continue(12): "8ed3bdd0cba7df37d4e1c25e"
DBG send Continue packet: 2380 frameNumber: 1440 continue(12): "4000200010104b400a44354a"
DBG send Continue packet: 2381 frameNumber: 1440 continue(12): "aa6393c4c18fe67ff7e06e3f"
DBG send Continue packet: 2382 frameNumber: 1440 continue(12): "39eee7856002e8c3b7afda4e"
DBG send Continue packet: 2383 frameNumber: 1440 continue(12): "00b02c84eaf3512f6dbf8050"
DBG send Continue packet: 2385 frameNumber: 1440 continue(12): "ea577bc35d4b3ff7e859c001"
DBG send Continue packet: 2386 frameNumber: 1440 continue(12): "c5800de828291337544adc5e"
DBG send Continue packet: 2387 frameNumber: 1440 continue(12): "a25f24b430aa44716f6757d5"
DBG send Continue packet: 2388 frameNumber: 1440 continue(12): "bb6766f412b983818324488d"
DBG send Continue packet: 2390 frameNumber: 1440 continue(12): "a1b41824d0385ed57b4e4dd0"
DBG send Continue packet: 2391 frameNumber: 1440 continue(12): "b8df5e754ba00871cae5f2d4"
DBG send Continue packet: 2392 frameNumber: 1440 continue(12): "01ece01000266daaab004268"
DBG send Continue packet: 2393 frameNumber: 1440 continue(12): "02822e89080f578c0dd287c0"
DBG send Continue packet: 2395 frameNumber: 1440 continue(12): "00433e3e6c87c1c01ae0dbae"
DBG send Continue packet: 2396 frameNumber: 1440 continue(12): "00d9c031486c48e5d16baffe"
DBG send Continue packet: 2397 frameNumber: 1440 continue(12): "b8d65348fcff0c195574b8f3"
DBG send Continue packet: 2398 frameNumber: 1440 continue(12): "3400c02026156711210e923f"
DBG send Continue packet: 2400 frameNumber: 1440 continue(12): "866631a16ab91f87c00100e7"
DBG send Continue packet: 2401 frameNumber: 1440 continue(12): "d14485bffb800e28507fabbd"
DBG send Continue packet: 2402 frameNumber: 1440 continue(12): "bdaf902161429b945d1e88ff"
DBG send Continue packet: 2403 frameNumber: 1440 continue(12): "ac17108d47b35c64ffe7710c"
DBG send Continue packet: 2405 frameNumber: 1440 continue(12): "bf82137cfebeb096f18affd6"
DBG send Continue packet: 2406 frameNumber: 1440 continue(12): "f340fd0eeca1aa5b137001e0"
DBG send Continue packet: 2407 frameNumber: 1440 continue(12): "12088bd8dac6763c3082968f"
DBG send Continue packet: 2408 frameNumber: 1440 continue(12): "0ab733ec5018380402990700"
DBG send Continue packet: 2410 frameNumber: 1440 continue(12): "c4054e885c31781696c06198"
DBG send Continue packet: 2411 frameNumber: 1440 continue(12): "024ff7e7077de6da6a0677ab"
DBG send Continue packet: 2412 frameNumber: 1440 continue(12): "a24638283135b62700058586"
DBG send Continue packet: 2413 frameNumber: 1440 continue(12): "02be905f0b0230161c2e6996"
DBG send Continue packet: 2415 frameNumber: 1440 continue(12): "f0185154a95242ff67dfc0b8"
DBG send Continue packet: 2416 frameNumber: 1440 continue(12): "acd39daff7b7f83f126dcf6b"
DBG send Continue packet: 2417 frameNumber: 1440 continue(12): "802100c2ee6489169950b774"
DBG send Continue packet: 2418 frameNumber: 1440 continue(12): "072de6afe0c0406b1dbbbf96"
DBG send Continue packet: 2420 frameNumber: 1440 continue(12): "a3188deec4f68ab80303d6ac"
DBG send Continue packet: 2421 frameNumber: 1440 continue(12): "310010be81345ba8b88326b0"
DBG send Continue packet: 2422 frameNumber: 1440 continue(12): "f95d73f7c417a60332105b40"
DBG send Continue packet: 2423 frameNumber: 1440 continue(12): "d87d783d7c8008c8c7f3098b"
DBG send Continue packet: 2425 frameNumber: 1440 continue(12): "b0ba3f80480031927478c4ce"
DBG send Continue packet: 2426 frameNumber: 1440 continue(12): "75f0adc187861e060c4038e6"
DBG send Continue packet: 2427 frameNumber: 1440 continue(12): "5237fa0c3e187eb357a01356"
DBG send Continue packet: 2428 frameNumber: 1440 continue(12): "0e008205cbd0000982d079b9"
DBG send Continue packet: 2430 frameNumber: 1440 continue(12): "c4314559d9ae3ba603aa643c"
DBG send Continue packet: 2431 frameNumber: 1440 continue(12): "6661ef8b674f36666351c1c5"
DBG send Continue packet: 2432 frameNumber: 1440 continue(12): "e0272cb9496e791b7d6fc380"
DBG send Continue packet: 2433 frameNumber: 1440 continue(12): "bd783fe081dc213b909c94d6"
DBG send Continue packet: 2435 frameNumber: 1440 continue(12): "32b678d45ffdc15082271d4e"
DBG send Continue packet: 2436 frameNumber: 1440 continue(12): "3a494ada683abff7795fc2f8"
DBG send Continue packet: 2437 frameNumber: 1440 continue(12): "f1a2077f7a66feeddb2174b0"
DBG send Continue packet: 2438 frameNumber: 1440 continue(12): "7ee002601c23bdba0a328ed4"
DBG send Continue packet: 2440 frameNumber: 1440 continue(12): "b8202a01248c1ff175256733"
DBG send Continue packet: 2441 frameNumber: 1440 continue(12): "1ac08000402800e0a3700a71"
DBG send Continue packet: 2442 frameNumber: 1440 continue(12): "fff0149052937f8e25a943fa"
DBG send Continue packet: 2443 frameNumber: 1440 continue(12): "ffb80001005014620b20e7fc"
DBG send Continue packet: 2445 frameNumber: 1440 continue(12): "bff7001f0140ba7757893c32"
DBG send Continue packet: 2446 frameNumber: 1440 continue(12): "0801956ab5b3ea27d34b9af5"
DBG send Continue packet: 2447 frameNumber: 1440 continue(12): "f526ce0000200793031b8933"
DBG send Continue packet: 2448 frameNumber: 1440 continue(12): "01c0cef0984b675e6808a5c4"
DBG send Continue packet: 2450 frameNumber: 1440 continue(12): "e4e5a1e5351719c129844dbf"
DBG send Continue packet: 2451 frameNumber: 1440 continue(12): "de20d8d227da000301c45d65"
DBG send Continue packet: 2452 frameNumber: 1440 continue(12): "a493064320040e026e7e0c53"
DBG send Continue packet: 2453 frameNumber: 1440 continue(12): "7054a9fed212b0af87693270"
DBG send Continue packet: 2455 frameNumber: 1440 continue(12): "b401860044d4cbc4ee7593c8"
DBG send Continue packet: 2456 frameNumber: 1440 continue(12): "47c00310d0a148c9b2fa713c"
DBG send Continue packet: 2457 frameNumber: 1440 continue(12): "00921511489446d89a10f214"
DBG send Continue packet: 2458 frameNumber: 1440 continue(12): "e01ab501c5af057411fe1de1"
DBG send Continue packet: 2460 frameNumber: 1440 continue(12): "a49a842825a79dc21806b777"
DBG send Continue packet: 2461 frameNumber: 1440 continue(12): "8e590e784eebcfec0005c00a"
DBG send Continue packet: 2462 frameNumber: 1440 continue(12): "7fd95070f322052e3ef82ca0"
DBG send Continue packet: 2463 frameNumber: 1440 continue(12): "07f9680002003000a3cb3ec4"
DBG send Continue packet: 2465 frameNumber: 1440 continue(12): "75d75d75d74f0c7800c23a06"
DBG send Continue packet: 2466 frameNumber: 1440 continue(12): "0a8a50123d3c346dd6fedffa"
DBG send Continue packet: 2467 frameNumber: 1440 continue(12): "c73fb26b3f74f3f75c000080"
DBG send Continue packet: 2468 frameNumber: 1440 continue(12): "38f62a9291248320001020f9"
DBG send Continue packet: 2470 frameNumber: 1440 continue(12): "55dc4820ca85a0e1e5d6fd5d"
DBG send Continue packet: 2471 frameNumber: 1440 continue(12): "8e2d59efe2b01e58e83e244c"
DBG send Continue packet: 2472 frameNumber: 1440 continue(12): "c8d20c5186c25620dc85099c"
DBG send End packet: 2473 frameNumber: 1440 end(12): "80038007d8d00038014d08d7"
StreamerWidget: Sent frame 1440 for stream "QGZMKE"
Sending frame 1441 size: 11 first packet: 2475 firstBytes(hex): "00000001419a20e800cab0"
DBG send Start packet: 2475 frameNumber: 1441 frameSize: 11 start(13): "00000001419a20e800cab000ae"
Sending frame 1442 size: 11 first packet: 2476 firstBytes(hex): "00000001419a405a0032ac"
DBG send Start packet: 2476 frameNumber: 1442 frameSize: 11 start(13): "00000001419a405a0032ac00ae"
Sending frame 1443 size: 11 first packet: 2477 firstBytes(hex): "00000001419a607a0032ac"
DBG send Start packet: 2477 frameNumber: 1443 frameSize: 11 start(13): "00000001419a607a0032ac00ae"
Sending frame 1444 size: 29 first packet: 2478 firstBytes(hex): "00000001419a80268010975680efeb14043777ac"
DBG send Start packet: 2478 frameNumber: 1444 frameSize: 29 start(13): "00000001419a80268010975680"
Sending frame 1445 size: 11 first packet: 2480 firstBytes(hex): "00000001419aa02a800cab"
DBG send Start packet: 2480 frameNumber: 1445 frameSize: 11 start(13): "00000001419aa02a800cab00ae"
Sending frame 1446 size: 82 first packet: 2481 firstBytes(hex): "00000001419ac02e80295deb50109dd570287255"
DBG send Start packet: 2481 frameNumber: 1446 frameSize: 82 start(13): "00000001419ac02e80295deb50"
Sending frame 1447 size: 161 first packet: 2482 firstBytes(hex): "00000001419ae0328fc4524b492c18f269d33736"
DBG send Start packet: 2482 frameNumber: 1447 frameSize: 161 start(13): "00000001419ae0328fc4524b49"
Sending frame 1448 size: 26 first packet: 2483 firstBytes(hex): "00000001419b00328014204dc314cffc0045fa72"
DBG send Start packet: 2483 frameNumber: 1448 frameSize: 26 start(13): "00000001419b00328014204dc3"
Sending frame 1449 size: 26 first packet: 2485 firstBytes(hex): "00000001419b20328014204dc314cffc0045fa72"
DBG send Start packet: 2485 frameNumber: 1449 frameSize: 26 start(13): "00000001419b20328014204dc3"
Sending frame 1450 size: 110 first packet: 2486 firstBytes(hex): "00000001419b403280319cd8002000081b000e04"
DBG send Start packet: 2486 frameNumber: 1450 frameSize: 110 start(13): "00000001419b403280319cd800"
Sending frame 1451 size: 6650 first packet: 2487 firstBytes(hex): "00000001419b60268029b881bc0011b115a6e566"
DBG send Start packet: 2487 frameNumber: 1451 frameSize: 6650 start(13): "00000001419b60268029b881bc"
DBG send Continue packet: 2488 frameNumber: 1451 continue(12): "9607904d2dec956fe5bffc20"
DBG send Continue packet: 2490 frameNumber: 1451 continue(12): "65ba862dbd8aad5fff7e6c10"
DBG send Continue packet: 2491 frameNumber: 1451 continue(12): "830ec343baf99607992c0f33"
DBG send Continue packet: 2492 frameNumber: 1451 continue(12): "d99b63eaaa1875f9bf5f087c"
DBG send End packet: 2493 frameNumber: 1451 end(12): "9275bfeb0e4088d219068b82"
Sending frame 1452 size: 6237 first packet: 2495 firstBytes(hex): "00000001419b80228029bc14400aa4a9eca740b0"
DBG send Start packet: 2495 frameNumber: 1452 frameSize: 6237 start(13): "00000001419b80228029bc1440"
DBG send Continue packet: 2496 frameNumber: 1452 continue(12): "b03e54b0f004885961e00910"
DBG send Continue packet: 2497 frameNumber: 1452 continue(12): "001b1007adc09b334ad3ffee"
DBG send Continue packet: 2498 frameNumber: 1452 continue(12): "22893df1b27dd477f6840099"
DBG send Continue packet: 2500 frameNumber: 1452 continue(12): "003933e123aa0fa088d07315"
DBG send End packet: 2501 frameNumber: 1452 end(12): "e47bfe3a116868414bbe348a"
Sending frame 1453 size: 1301 first packet: 2502 firstBytes(hex): "00000001419ba02a8029bc5c6c0814cce4175a01"
DBG send Start packet: 2502 frameNumber: 1453 frameSize: 1301 start(13): "00000001419ba02a8029bc5c6c"
DBG send End packet: 2503 frameNumber: 1453 end(12): "18626bc01b139f288234081f"
Sending frame 1454 size: 861 first packet: 2505 firstBytes(hex): "00000001419bc02e8029bc27c783aec1468007fc"
DBG send Start packet: 2505 frameNumber: 1454 frameSize: 861 start(13): "00000001419bc02e8029bc27c7"
Sending frame 1455 size: 100768 first packet: 2506 firstBytes(hex): "000000016742c01eda0360f79b84000003000400"
Found NAL unit at offset 0 type: 7 (SPS)
Found NAL unit at offset 28 type: 8 (PPS)
DBG send Start packet: 2506 frameNumber: 1455 frameSize: 100768 start(13): "000000016742c01eda0360f79b"
DBG send Continue packet: 2507 frameNumber: 1455 continue(12): "2c1c7c94b79b0a271521f706"
DBG send Continue packet: 2508 frameNumber: 1455 continue(12): "e691ff7ffc16f400100616cb"
DBG send Continue packet: 2510 frameNumber: 1455 continue(12): "20007940573ceff1160d64ff"
DBG send Continue packet: 2511 frameNumber: 1455 continue(12): "5f80d27d00c480194815547b"
DBG send Continue packet: 2512 frameNumber: 1455 continue(12): "8be034c706cac7157347dfa8"
DBG send Continue packet: 2513 frameNumber: 1455 continue(12): "e5288e6453cf00010040881a"
DBG send Continue packet: 2515 frameNumber: 1455 continue(12): "fe30001004670558778bd842"
DBG send Continue packet: 2516 frameNumber: 1455 continue(12): "076a0267b5f7d7dffa405e1c"
DBG send Continue packet: 2517 frameNumber: 1455 continue(12): "80e3b4ef7432e9f7cdf53870"
DBG send Continue packet: 2518 frameNumber: 1455 continue(12): "af50000800040412d002910d"
DBG send Continue packet: 2520 frameNumber: 1455 continue(12): "14ea98e4f13063f99ffdf81b"
DBG send Continue packet: 2521 frameNumber: 1455 continue(12): "448e7bb9e15800ba30edebf6"
DBG send Continue packet: 2522 frameNumber: 1455 continue(12): "46c02c0b213abcd44bdb6fe0"
DBG send Continue packet: 2523 frameNumber: 1455 continue(12): "be7a95def0d752cffdfa1670"
DBG send Continue packet: 2525 frameNumber: 1455 continue(12): "d47160037a0a0a44cdd512b7"
DBG send Continue packet: 2526 frameNumber: 1455 continue(12): "4b2897c92d0c2a911c5bd9d5"
DBG send Continue packet: 2527 frameNumber: 1455 continue(12): "90aed9d9bd04ae60e060c912"
DBG send Continue packet: 2528 frameNumber: 1455 continue(12): "e1a86d0609340e17b55ed393"
DBG send Continue packet: 2530 frameNumber: 1455 continue(12): "aeae37d79d52e8021c72b97c"
DBG send Continue packet: 2531 frameNumber: 1455 continue(12): "00c07b380400099b6aaac010"
DBG send Continue packet: 2532 frameNumber: 1455 continue(12): "f800a08ba24203d5e30374a1"
DBG send Continue packet: 2533 frameNumber: 1455 continue(12): "dbc010cf8f9b21f07006b836"
DBG send Continue packet: 2535 frameNumber: 1455 continue(12): "010036700c521b1239745aeb"
DBG send Continue packet: 2536 frameNumber: 1455 continue(12): "37ee3594d23f3fc306555d2e"
DBG send Continue packet: 2537 frameNumber: 1455 continue(12): "bbcd003008098559c44843a4"
DBG send Continue packet: 2538 frameNumber: 1455 continue(12): "05e1998c685aae47e1f00040"
DBG send Continue packet: 2540 frameNumber: 1455 continue(12): "c03451216ffee0038a141fea"
DBG send Continue packet: 2541 frameNumber: 1455 continue(12): "e3cf6f6be4085850a6e51747"
DBG send Continue packet: 2542 frameNumber: 1455 continue(12): "a26feb05c42351ecd7193ff9"
DBG send Continue packet: 2543 frameNumber: 1455 continue(12): "b2dc40414a7ac4000080380c"
DBG send Continue packet: 2545 frameNumber: 1455 continue(12): "ff28432b2dc730c191c35c63"
DBG send Continue packet: 2546 frameNumber: 1455 continue(12): "706a94000100d9700008204e"
DBG send Continue packet: 2547 frameNumber: 1455 continue(12): "ba980008e6192c186400218f"
DBG send Continue packet: 2548 frameNumber: 1455 continue(12): "3c74a9b430f40018a29d4791"
DBG send Continue packet: 2550 frameNumber: 1455 continue(12): "53834d19caa7b21d00346070"
DBG send Continue packet: 2551 frameNumber: 1455 continue(12): "2a0554cd7c6e1419819aa0d6"
DBG send Continue packet: 2552 frameNumber: 1455 continue(12): "2a35d652fcf059c001c181c1"
DBG send Continue packet: 2553 frameNumber: 1455 continue(12): "421b2c380210d9654275f0ae"
DBG send Continue packet: 2555 frameNumber: 1455 continue(12): "36bac96802c60041514dd0cf"
DBG send Continue packet: 2556 frameNumber: 1455 continue(12): "943f1e5268f3825ff8000200"
DBG send Continue packet: 2557 frameNumber: 1455 continue(12): "10a95cf546bd7fffffe021b6"
DBG send Continue packet: 2558 frameNumber: 1455 continue(12): "99ddd7dee336257453620ca0"
DBG send Continue packet: 2560 frameNumber: 1455 continue(12): "8ee42f9642dcbf0bafa4a404"
DBG send Continue packet: 2561 frameNumber: 1455 continue(12): "fac163eac93405131dfeb4f2"
DBG send Continue packet: 2562 frameNumber: 1455 continue(12): "0a8f0800781b395bb23caa58"
DBG send Continue packet: 2563 frameNumber: 1455 continue(12): "60024bd1539294ac3106da03"
DBG send Continue packet: 2565 frameNumber: 1455 continue(12): "3ffe81fcb14516ff1dde8382"
DBG send Continue packet: 2566 frameNumber: 1455 continue(12): "f851c72c8f1e5f81bee9c521"
DBG send Continue packet: 2567 frameNumber: 1455 continue(12): "00375e62000040b800c00365"
DBG send Continue packet: 2568 frameNumber: 1455 continue(12): "3a1c368fd36594546b9e113e"
DBG send Continue packet: 2570 frameNumber: 1455 continue(12): "1e095ced891450fb80018001"
DBG send Continue packet: 2571 frameNumber: 1455 continue(12): "01e61d9902f801d1001a540e"
DBG send Continue packet: 2572 frameNumber: 1455 continue(12): "147fe9000080182218835041"
DBG send Continue packet: 2573 frameNumber: 1455 continue(12): "98293a167dd1819fb3e79a96"
DBG send Continue packet: 2575 frameNumber: 1455 continue(12): "6096941c0ec564cbc5a7b0fb"
DBG send Continue packet: 2576 frameNumber: 1455 continue(12): "e000e18849a67d345071ae33"
DBG send Continue packet: 2577 frameNumber: 1455 continue(12): "36eddb4f302be905f0b02301"
DBG send Continue packet: 2578 frameNumber: 1455 continue(12): "8700107172c3800838b97e10"
DBG send Continue packet: 2580 frameNumber: 1455 continue(12): "7d01aefeb6f7c5dee3e9861d"
DBG send Continue packet: 2581 frameNumber: 1455 continue(12): "401c000403e5fff8849004f6"
DBG send Continue packet: 2582 frameNumber: 1455 continue(12): "26e2c157dfc46743e53c0101"
DBG send Continue packet: 2583 frameNumber: 1455 continue(12): "baebaebaebaebaebaebaebac"
DBG send Continue packet: 2585 frameNumber: 1455 continue(12): "0c80b7b3f74fe29bb803c009"
DBG send Continue packet: 2586 frameNumber: 1455 continue(12): "00209bff71898a2c26c80001"
DBG send Continue packet: 2587 frameNumber: 1455 continue(12): "544cdd55fffbf6fc376b3da7"
DBG send Continue packet: 2588 frameNumber: 1455 continue(12): "492f26126b2eb629e0170001"
DBG send Continue packet: 2590 frameNumber: 1455 continue(12): "95fff5f2f288659afeb8167f"
DBG send Continue packet: 2591 frameNumber: 1455 continue(12): "f030a485ffc8e08d368a3fef"
DBG send Continue packet: 2592 frameNumber: 1455 continue(12): "12219d70d20905ae1bb714a3"
DBG send Continue packet: 2593 frameNumber: 1455 continue(12): "d30ca70fda24f1dbdb03cfb9"
DBG send Continue packet: 2595 frameNumber: 1455 continue(12): "4bb37117bc400d800a5085c4"
DBG send Continue packet: 2596 frameNumber: 1455 continue(12): "31924f6af65a523bf6445e64"
DBG send Continue packet: 2597 frameNumber: 1455 continue(12): "5530258e8000200e00020026"
DBG send Continue packet: 2598 frameNumber: 1455 continue(12): "38f2a57fdb4fd40ba80a4ee8"
DBG send Continue packet: 2600 frameNumber: 1455 continue(12): "7cdbef4dffdc408c0056ed1c"
DBG send Continue packet: 2601 frameNumber: 1455 continue(12): "b6ca35bad5c5b3dfec91dc89"
DBG send Continue packet: 2602 frameNumber: 1455 continue(12): "31f0038221a8df0474bcd613"
DBG send Continue packet: 2603 frameNumber: 1455 continue(12): "4033cdf14d8040234a1b8aa7"
DBG send Continue packet: 2605 frameNumber: 1455 continue(12): "a5b66ba0451790788527383b"
DBG send Continue packet: 2606 frameNumber: 1455 continue(12): "acddae0000403817804e134f"
DBG send Continue packet: 2607 frameNumber: 1455 continue(12): "6124fa0006728006246843de"
DBG send Continue packet: 2608 frameNumber: 1455 continue(12): "80bf220b80a8ca3bf01a3518"
DBG send Continue packet: 2610 frameNumber: 1455 continue(12): "0a2a17eac04dd9451308a294"
DBG send Continue packet: 2611 frameNumber: 1455 continue(12): "2000cff82ac9e017f20a748a"
DBG send End packet: 2612 frameNumber: 1455 end(12): "33c00008010c660561719b99"
Sending frame 1456 size: 11 first packet: 2613 firstBytes(hex): "00000001419a20e800cab0"
DBG send Start packet: 2613 frameNumber: 1456 frameSize: 11 start(13): "00000001419a20e800cab000ae"
Sending frame 1457 size: 11 first packet: 2615 firstBytes(hex): "00000001419a405a0032ac"
DBG send Start packet: 2615 frameNumber: 1457 frameSize: 11 start(13): "00000001419a405a0032ac00ae"
Sending frame 1458 size: 11 first packet: 2616 firstBytes(hex): "00000001419a607a0032ac"
DBG send Start packet: 2616 frameNumber: 1458 frameSize: 11 start(13): "00000001419a607a0032ac00ae"
Sending frame 1459 size: 25 first packet: 2617 firstBytes(hex): "00000001419a80268010975681b7bbbe0108eef5"
DBG send Start packet: 2617 frameNumber: 1459 frameSize: 25 start(13): "00000001419a80268010975681"
Sending frame 1460 size: 11 first packet: 2618 firstBytes(hex): "00000001419aa02a800cab"
DBG send Start packet: 2618 frameNumber: 1460 frameSize: 11 start(13): "00000001419aa02a800cab00ae"
Sending frame 1461 size: 88 first packet: 2620 firstBytes(hex): "00000001419ac02e80295deb5027f2d6b010bc95"
DBG send Start packet: 2620 frameNumber: 1461 frameSize: 88 start(13): "00000001419ac02e80295deb50"
Sending frame 1462 size: 180 first packet: 2621 firstBytes(hex): "00000001419ae0328fc4524b492c18f269d33736"
DBG send Start packet: 2621 frameNumber: 1462 frameSize: 180 start(13): "00000001419ae0328fc4524b49"
Sending frame 1463 size: 26 first packet: 2622 firstBytes(hex): "00000001419b00328014204dc314cffc0045fa72"
DBG send Start packet: 2622 frameNumber: 1463 frameSize: 26 start(13): "00000001419b00328014204dc3"
Sending frame 1464 size: 26 first packet: 2623 firstBytes(hex): "00000001419b20328014204dc314cffc0045fa72"
DBG send Start packet: 2623 frameNumber: 1464 frameSize: 26 start(13): "00000001419b20328014204dc3"
Sending frame 1465 size: 26 first packet: 2625 firstBytes(hex): "00000001419b40328014204dc314cffc0045fa72"
DBG send Start packet: 2625 frameNumber: 1465 frameSize: 26 start(13): "00000001419b40328014204dc3"
Sending frame 1466 size: 26 first packet: 2626 firstBytes(hex): "00000001419b60328014204dc314cffc0045fa72"
DBG send Start packet: 2626 frameNumber: 1466 frameSize: 26 start(13): "00000001419b60328014204dc3"
Sending frame 1467 size: 26 first packet: 2627 firstBytes(hex): "00000001419b80328014204dc314cffc0045fa72"
DBG send Start packet: 2627 frameNumber: 1467 frameSize: 26 start(13): "00000001419b80328014204dc3"
Sending frame 1468 size: 26 first packet: 2628 firstBytes(hex): "00000001419ba0328014204dc314cffc0045fa72"
DBG send Start packet: 2628 frameNumber: 1468 frameSize: 26 start(13): "00000001419ba0328014204dc3"
Sending frame 1469 size: 480 first packet: 2630 firstBytes(hex): "00000001419bc03681df2c905c9c9c30b51f9aa8"
DBG send Start packet: 2630 frameNumber: 1469 frameSize: 480 start(13): "00000001419bc03681df2c905c"
Sending frame 1470 size: 104125 first packet: 2631 firstBytes(hex): "000000016742c01eda0360f79b84000003000400"
Found NAL unit at offset 0 type: 7 (SPS)
Found NAL unit at offset 28 type: 8 (PPS)
DBG send Start packet: 2631 frameNumber: 1470 frameSize: 104125 start(13): "000000016742c01eda0360f79b"
DBG send Continue packet: 2632 frameNumber: 1470 continue(12): "6001031e40bbfd0dc2455cd7"
DBG send Continue packet: 2633 frameNumber: 1470 continue(12): "cd0da5f80480008008448886"
DBG send Continue packet: 2635 frameNumber: 1470 continue(12): "000400000e32e277b787bc6b"
DBG send Continue packet: 2636 frameNumber: 1470 continue(12): "b404785388db702170bd2a61"
DBG send Continue packet: 2637 frameNumber: 1470 continue(12): "00808c4989137ef5592bcb06"
DBG send Continue packet: 2638 frameNumber: 1470 continue(12): "0a20aedb5bc8f6c69c000080"
DBG send Continue packet: 2640 frameNumber: 1470 continue(12): "80ee3be3a7e89171ef5fd640"
DBG send Continue packet: 2641 frameNumber: 1470 continue(12): "2e35680485644fb100814813"
DBG send Continue packet: 2642 frameNumber: 1470 continue(12): "d00004060ec00620043eb3e1"
DBG send Continue packet: 2643 frameNumber: 1470 continue(12): "05d76d56e8d6b413bff00a00"
DBG send Continue packet: 2645 frameNumber: 1470 continue(12): "893800030001027b440d16a5"
DBG send Continue packet: 2646 frameNumber: 1470 continue(12): "c0a8cb8a0ed9fff783e3bfae"
DBG send Continue packet: 2647 frameNumber: 1470 continue(12): "05590c85708fc60be2aa7013"
DBG send Continue packet: 2648 frameNumber: 1470 continue(12): "49e0f06e940eb0b4a959a9a3"
DBG send Continue packet: 2650 frameNumber: 1470 continue(12): "b9eb9a768f6bffee0f107810"
DBG send Continue packet: 2651 frameNumber: 1470 continue(12): "70474564069ef0060030b0e6"
DBG send Continue packet: 2652 frameNumber: 1470 continue(12): "a00680071f1fe93f172e50a2"
DBG send Continue packet: 2653 frameNumber: 1470 continue(12): "f12fe8e46d2c377200d70f27"
DBG send Continue packet: 2655 frameNumber: 1470 continue(12): "69f448d62e3641917982f38d"
DBG send Continue packet: 2656 frameNumber: 1470 continue(12): "eb919695bfaf53bd67fe96f9"
DBG send Continue packet: 2657 frameNumber: 1470 continue(12): "216c35cf954e4ddff2008038"
DBG send Continue packet: 2658 frameNumber: 1470 continue(12): "98890c30f01d755a71f5dfdf"
DBG send Continue packet: 2660 frameNumber: 1470 continue(12): "533b387fb00180613c4d7224"
DBG send Continue packet: 2661 frameNumber: 1470 continue(12): "50437834fa7e6f87970836e1"
DBG send Continue packet: 2662 frameNumber: 1470 continue(12): "497cd53e9bd45d7ea3895a9a"
DBG send Continue packet: 2663 frameNumber: 1470 continue(12): "517d5581e7dc000080170571"
DBG send Continue packet: 2665 frameNumber: 1470 continue(12): "54609d5700002006c7ea100b"
DBG send Continue packet: 2666 frameNumber: 1470 continue(12): "0fe4121610cf0cb655e1fb2e"
DBG send Continue packet: 2667 frameNumber: 1470 continue(12): "f40037000100c27f024b549a"
DBG send Continue packet: 2668 frameNumber: 1470 continue(12): "2b3b7a86b7419ff53f8dec23"
DBG send Continue packet: 2670 frameNumber: 1470 continue(12): "3c18771b0008b50803c99eb1"
DBG send Continue packet: 2671 frameNumber: 1470 continue(12): "03c014174da08d88d1569e47"
DBG send Continue packet: 2672 frameNumber: 1470 continue(12): "e68a3cbbcc6da9e82dc96415"
DBG send Continue packet: 2673 frameNumber: 1470 continue(12): "800080682021e4797e593ecd"
DBG send Continue packet: 2675 frameNumber: 1470 continue(12): "ef050d763b6fefd47416e71d"
DBG send Continue packet: 2676 frameNumber: 1470 continue(12): "0a0df54d79daf546fa000081"
DBG send Continue packet: 2677 frameNumber: 1470 continue(12): "022149265aa02924cc783100"
DBG send Continue packet: 2678 frameNumber: 1470 continue(12): "421bc455b84a60010180ca06"
DBG send Continue packet: 2680 frameNumber: 1470 continue(12): "611f448d8190dfc5faf33400"
DBG send Continue packet: 2681 frameNumber: 1470 continue(12): "08964ecb276599193585d400"
DBG send Continue packet: 2682 frameNumber: 1470 continue(12): "b40e6ce8e7b8fedb725dfef7"
DBG send Continue packet: 2683 frameNumber: 1470 continue(12): "b3f8279c5e3e61a7ee0dc5ce"
DBG send Continue packet: 2685 frameNumber: 1470 continue(12): "04c57cc05b735b26a199d58e"
DBG send Continue packet: 2686 frameNumber: 1470 continue(12): "fa83f0bae80002016302d2f0"
DBG send Continue packet: 2687 frameNumber: 1470 continue(12): "39bcfff70c3382bebb0b25f4"
DBG send Continue packet: 2688 frameNumber: 1470 continue(12): "c19252a0546be204ce5ef380"
DBG send Continue packet: 2690 frameNumber: 1470 continue(12): "b59c932c23d7040ef01ebaa7"
DBG send Continue packet: 2691 frameNumber: 1470 continue(12): "ffb010f54a5a6500d0004e04"
DBG send Continue packet: 2692 frameNumber: 1470 continue(12): "800f129c1119401916e6c7e3"
DBG send Continue packet: 2693 frameNumber: 1470 continue(12): "340dd64344355d644fd0d10d"
DBG send Continue packet: 2695 frameNumber: 1470 continue(12): "2501cf3b9bfdf60b62ec81ed"
DBG send Continue packet: 2696 frameNumber: 1470 continue(12): "b2cb8d5751c8eefad9a83dee"
DBG send Continue packet: 2697 frameNumber: 1470 continue(12): "5b185be17fc0219ce7005190"
DBG send Continue packet: 2698 frameNumber: 1470 continue(12): "383abfc2eff5802dc6d614c0"
DBG send Continue packet: 2700 frameNumber: 1470 continue(12): "983f97dc5f945797e515d086"
DBG send Continue packet: 2701 frameNumber: 1470 continue(12): "be886841a091736b16766b81"
DBG send Continue packet: 2702 frameNumber: 1470 continue(12): "6a937effefe0000c38b20558"
DBG send Continue packet: 2703 frameNumber: 1470 continue(12): "d1cc9d6c39629781d0c25e2f"
DBG send Continue packet: 2705 frameNumber: 1470 continue(12): "e6814c15621b70a1b84c2ce0"
DBG send Continue packet: 2706 frameNumber: 1470 continue(12): "7dda3bbc0ba8002690000817"
DBG send Continue packet: 2707 frameNumber: 1470 continue(12): "c200462cb70a2677adf16e01"
DBG send Continue packet: 2708 frameNumber: 1470 continue(12): "02bee401ccd0b000080100dd"
DBG send Continue packet: 2710 frameNumber: 1470 continue(12): "17c5383b0dff70010e25aa2b"
DBG send Continue packet: 2711 frameNumber: 1470 continue(12): "97d9597d3d75d75d75d75d75"
DBG send Continue packet: 2712 frameNumber: 1470 continue(12): "538af8d000080850102ed4b0"
DBG send Continue packet: 2713 frameNumber: 1470 continue(12): "0248133688c024587ec22232"
DBG send Continue packet: 2715 frameNumber: 1470 continue(12): "d04f213b212353e9801c2060"
DBG send Continue packet: 2716 frameNumber: 1470 continue(12): "60ad5525d1b977e1ca1a0000"
DBG send Continue packet: 2717 frameNumber: 1470 continue(12): "e62e71c000080a15c0080613"
DBG send Continue packet: 2718 frameNumber: 1470 continue(12): "a2a14be304a4ff07fc606ae0"
DBG send Continue packet: 2720 frameNumber: 1470 continue(12): "6b64c669f8c7012131410a10"
DBG send Continue packet: 2721 frameNumber: 1470 continue(12): "066ccd0ca5e3b1bd75d75d75"
DBG send Continue packet: 2722 frameNumber: 1470 continue(12): "10efd90499e1ce87c0018878"
DBG send Continue packet: 2723 frameNumber: 1470 continue(12): "3d35b05cfc1600cf1448857c"
DBG send Continue packet: 2725 frameNumber: 1470 continue(12): "04d4b72eced805888464430d"
DBG send Continue packet: 2726 frameNumber: 1470 continue(12): "000c652666217b3488640021"
DBG send Continue packet: 2727 frameNumber: 1470 continue(12): "ebb47aa12980040600cb614e"
DBG send Continue packet: 2728 frameNumber: 1470 continue(12): "0ba953ba0d96dfc1f8214ce8"
DBG send Continue packet: 2730 frameNumber: 1470 continue(12): "08f0083d0d46eff60fe114de"
DBG send Continue packet: 2731 frameNumber: 1470 continue(12): "fd60700250169e2288fde11b"
DBG send Continue packet: 2732 frameNumber: 1470 continue(12): "94cab4c8d2f86833d251572c"
DBG send Continue packet: 2733 frameNumber: 1470 continue(12): "5d75d75d75d75d75d75d75d7"
DBG send Continue packet: 2735 frameNumber: 1470 continue(12): "b80020ca4290286219c61126"
DBG send Continue packet: 2736 frameNumber: 1470 continue(12): "bca015fa3ba63b09275fc24f"
DBG send Continue packet: 2737 frameNumber: 1470 continue(12): "c629f784f33853f4dc140001"
DBG send Continue packet: 2738 frameNumber: 1470 continue(12): "e1898e3ac5a0863ab9c17ca0"
DBG send Continue packet: 2740 frameNumber: 1470 continue(12): "7ac388089e003cc4244325f8"
DBG send End packet: 2741 frameNumber: 1470 end(12): "0912517f4643352587a80031"
StreamerWidget: Sent frame 1470 for stream "QGZMKE"
Sending frame 1471 size: 11 first packet: 2742 firstBytes(hex): "00000001419a20e800cab0"
DBG send Start packet: 2742 frameNumber: 1471 frameSize: 11 start(13): "00000001419a20e800cab000ae"
Sending frame 1472 size: 11 first packet: 2743 firstBytes(hex): "00000001419a405a0032ac"
DBG send Start packet: 2743 frameNumber: 1472 frameSize: 11 start(13): "00000001419a405a0032ac00ae"
Sending frame 1473 size: 11 first packet: 2745 firstBytes(hex): "00000001419a607a0032ac"
DBG send Start packet: 2745 frameNumber: 1473 frameSize: 11 start(13): "00000001419a607a0032ac00ae"
Sending frame 1474 size: 20 first packet: 2746 firstBytes(hex): "00000001419a8026801097568010d7ab4bd75130"
DBG send Start packet: 2746 frameNumber: 1474 frameSize: 20 start(13): "00000001419a80268010975680"
Sending frame 1475 size: 14 first packet: 2747 firstBytes(hex): "00000001419aa02a800c99086260"
DBG send Start packet: 2747 frameNumber: 1475 frameSize: 14 start(13): "00000001419aa02a800c990862"
Sending frame 1476 size: 56 first packet: 2748 firstBytes(hex): "00000001419ac02e807ef277701f214ffff000e7"
DBG send Start packet: 2748 frameNumber: 1476 frameSize: 56 start(13): "00000001419ac02e807ef27770"
Sending frame 1477 size: 150 first packet: 2750 firstBytes(hex): "00000001419ae03281cf2dd70189ddeb02773557"
DBG send Start packet: 2750 frameNumber: 1477 frameSize: 150 start(13): "00000001419ae03281cf2dd701"
Sending frame 1478 size: 24 first packet: 2751 firstBytes(hex): "00000001419b00328014204dfff8008bf4e47347"
DBG send Start packet: 2751 frameNumber: 1478 frameSize: 24 start(13): "00000001419b00328014204dff"
Sending frame 1479 size: 24 first packet: 2752 firstBytes(hex): "00000001419b20328014204dfff8008bf4e47347"
DBG send Start packet: 2752 frameNumber: 1479 frameSize: 24 start(13): "00000001419b20328014204dff"
Sending frame 1480 size: 24 first packet: 2753 firstBytes(hex): "00000001419b40328014204dfff8008bf4e47347"
DBG send Start packet: 2753 frameNumber: 1480 frameSize: 24 start(13): "00000001419b40328014204dff"
Sending frame 1481 size: 24 first packet: 2755 firstBytes(hex): "00000001419b60328014204dfff8008bf4e47347"
DBG send Start packet: 2755 frameNumber: 1481 frameSize: 24 start(13): "00000001419b60328014204dff"
Sending frame 1482 size: 24 first packet: 2756 firstBytes(hex): "00000001419b80328014204dfff8008bf4e47347"
DBG send Start packet: 2756 frameNumber: 1482 frameSize: 24 start(13): "00000001419b80328014204dff"
Sending frame 1483 size: 24 first packet: 2757 firstBytes(hex): "00000001419ba0328014204dfff8008bf4e47347"
DBG send Start packet: 2757 frameNumber: 1483 frameSize: 24 start(13): "00000001419ba0328014204dff"
Sending frame 1484 size: 383 first packet: 2758 firstBytes(hex): "00000001419bc03689cdbbd7377705ddf8d5811d"
DBG send Start packet: 2758 frameNumber: 1484 frameSize: 383 start(13): "00000001419bc03689cdbbd737"
Sending frame 1485 size: 104125 first packet: 2760 firstBytes(hex): "000000016742c01eda0360f79b84000003000400"
Found NAL unit at offset 0 type: 7 (SPS)
Found NAL unit at offset 28 type: 8 (PPS)
DBG send Start packet: 2760 frameNumber: 1485 frameSize: 104125 start(13): "000000016742c01eda0360f79b"
DBG send Continue packet: 2761 frameNumber: 1485 continue(12): "180040c7902eff4370915735"
DBG send Continue packet: 2762 frameNumber: 1485 continue(12): "7343697e0120002002112221"
DBG send Continue packet: 2763 frameNumber: 1485 continue(12): "0001000003038cb89dede1ef"
DBG send Continue packet: 2765 frameNumber: 1485 continue(12): "766d011e14e236dc085c2f4a"
DBG send Continue packet: 2766 frameNumber: 1485 continue(12): "ae002023126244dfbd564af2"
DBG send Continue packet: 2767 frameNumber: 1485 continue(12): "8142882bb6d6f23db1a70000"
DBG send Continue packet: 2768 frameNumber: 1485 continue(12): "00203b8ef8e9fa245c7bd7f5"
DBG send Continue packet: 2770 frameNumber: 1485 continue(12): "3c0b8d5a01215913ec402052"
DBG send Continue packet: 2771 frameNumber: 1485 continue(12): "5c3400010183b00188010fac"
DBG send Continue packet: 2772 frameNumber: 1485 continue(12): "1b4175db55ba35ad04effc02"
DBG send Continue packet: 2773 frameNumber: 1485 continue(12): "a24e0000c000409ed10345a9"
DBG send Continue packet: 2775 frameNumber: 1485 continue(12): "702a32e283b67ffde0f8efeb"
DBG send Continue packet: 2776 frameNumber: 1485 continue(12): "015643215c23f182f8aa9c04"
DBG send Continue packet: 2777 frameNumber: 1485 continue(12): "12783c1ba503ac2d2a566a68"
DBG send Continue packet: 2778 frameNumber: 1485 continue(12): "ee7ae69da3dafffb83c41e04"
DBG send Continue packet: 2780 frameNumber: 1485 continue(12): "1c11d15901a7bc01800c2c39"
DBG send Continue packet: 2781 frameNumber: 1485 continue(12): "6801a001c7c7fa4fc5cb9428"
DBG send Continue packet: 2782 frameNumber: 1485 continue(12): "3c4bfa391b4b0ddc8035c3c9"
DBG send Continue packet: 2783 frameNumber: 1485 continue(12): "9a7d12358b8d90645e60bce3"
DBG send Continue packet: 2785 frameNumber: 1485 continue(12): "7ae465a56febd4ef59ffa5be"
DBG send Continue packet: 2786 frameNumber: 1485 continue(12): "c85b0d73e5539377fc80200e"
DBG send Continue packet: 2787 frameNumber: 1485 continue(12): "2622430c3c075d569c7d77f7"
DBG send Continue packet: 2788 frameNumber: 1485 continue(12): "94cece1fec0060184f135c89"
DBG send Continue packet: 2790 frameNumber: 1485 continue(12): "1410de0d3e9f9be1e5c20db8"
DBG send Continue packet: 2791 frameNumber: 1485 continue(12): "525f354fa6f5175fa8e256a6"
DBG send Continue packet: 2792 frameNumber: 1485 continue(12): "945f556079f700002005c15c"
DBG send Continue packet: 2793 frameNumber: 1485 continue(12): "95182755c0000801b1fa8402"
DBG send Continue packet: 2795 frameNumber: 1485 continue(12): "83f904858433c32d95787ecb"
DBG send Continue packet: 2796 frameNumber: 1485 continue(12): "3d000dc00040309fc092d526"
DBG send Continue packet: 2797 frameNumber: 1485 continue(12): "cacedea1add067fd4fe37b08"
DBG send Continue packet: 2798 frameNumber: 1485 continue(12): "0f061dc6c0022d4200f267ac"
DBG send Continue packet: 2800 frameNumber: 1485 continue(12): "00f00505d36823623455a791"
DBG send Continue packet: 2801 frameNumber: 1485 continue(12): "39a28f2ef31b6a7a0b725905"
DBG send Continue packet: 2802 frameNumber: 1485 continue(12): "a000201a0808791e5f964fb3"
DBG send Continue packet: 2803 frameNumber: 1485 continue(12): "bbc1435d8edbfbf51d05b9c7"
DBG send Continue packet: 2805 frameNumber: 1485 continue(12): "02837d535e76bd51be800020"
DBG send Continue packet: 2806 frameNumber: 1485 continue(12): "0088524996a80a49331e0c40"
DBG send Continue packet: 2807 frameNumber: 1485 continue(12): "5086f1156e12980040603281"
DBG send Continue packet: 2808 frameNumber: 1485 continue(12): "1847d123606437f17ebccd00"
DBG send Continue packet: 2810 frameNumber: 1485 continue(12): "822593b2c9d966464d617500"
DBG send Continue packet: 2811 frameNumber: 1485 continue(12): "ad039b3a39ee3fb6dc977fbd"
DBG send Continue packet: 2812 frameNumber: 1485 continue(12): "2cfe09e7178f9869fb837173"
DBG send Continue packet: 2813 frameNumber: 1485 continue(12): "81315f3016dcd6c9a8667563"
DBG send Continue packet: 2815 frameNumber: 1485 continue(12): "3ea0fc2eba00008058c0b4bc"
DBG send Continue packet: 2816 frameNumber: 1485 continue(12): "ce6f3ffdc30ce0afaec2c97d"
DBG send Continue packet: 2817 frameNumber: 1485 continue(12): "306494a8151af8813397bce0"
DBG send Continue packet: 2818 frameNumber: 1485 continue(12): "ad6724cb08f5c103bc07aea9"
DBG send Continue packet: 2820 frameNumber: 1485 continue(12): "7fec043d5296994034001381"
DBG send Continue packet: 2821 frameNumber: 1485 continue(12): "e003c4a70446500645b9b1f8"
DBG send Continue packet: 2822 frameNumber: 1485 continue(12): "0d037590d10d575913f43443"
DBG send Continue packet: 2823 frameNumber: 1485 continue(12): "894073cee6ff7d82d8bb207b"
DBG send Continue packet: 2825 frameNumber: 1485 continue(12): "acb2e355d4723bbeb66a0f7b"
DBG send Continue packet: 2826 frameNumber: 1485 continue(12): "d6c616f85ff0086739c01464"
DBG send Continue packet: 2827 frameNumber: 1485 continue(12): "8e0eaff0bbfd600b71b58530"
DBG send Continue packet: 2828 frameNumber: 1485 continue(12): "260fe5f717e515e5f9457421"
DBG send Continue packet: 2830 frameNumber: 1485 continue(12): "efa21a1068245cdac59d9ae0"
DBG send Continue packet: 2831 frameNumber: 1485 continue(12): "5aa4dfbffbf800030e2c8156"
DBG send Continue packet: 2832 frameNumber: 1485 continue(12): "b473275b0e58a5e07430978b"
DBG send Continue packet: 2833 frameNumber: 1485 continue(12): "39a053055886dc286e130b38"
DBG send Continue packet: 2835 frameNumber: 1485 continue(12): "5f768eef02ea0009a4000205"
DBG send Continue packet: 2836 frameNumber: 1485 continue(12): "f080118b2dc2899deb7c5b80"
DBG send Continue packet: 2837 frameNumber: 1485 continue(12): "00afb90073342c0002004037"
DBG send Continue packet: 2838 frameNumber: 1485 continue(12): "05f14e0ec37fdc0043896a8a"
DBG send Continue packet: 2840 frameNumber: 1485 continue(12): "65f6565f4f5d75d75d75d75d"
DBG send Continue packet: 2841 frameNumber: 1485 continue(12): "14e2be3400020214040bb52c"
DBG send Continue packet: 2842 frameNumber: 1485 continue(12): "009204cda23009161fb0888c"
DBG send Continue packet: 2843 frameNumber: 1485 continue(12): "b413c84ec848d4fa60070818"
DBG send Continue packet: 2845 frameNumber: 1485 continue(12): "182b5549746e5df872868000"
DBG send Continue packet: 2846 frameNumber: 1485 continue(12): "398b9c700002028570020184"
DBG send Continue packet: 2847 frameNumber: 1485 continue(12): "28a852f8c1293fc1ff181ab8"
DBG send Continue packet: 2848 frameNumber: 1485 continue(12): "9ad9319a7e31c0484c504284"
DBG send Continue packet: 2850 frameNumber: 1485 continue(12): "c19b33432978ec6f5d75d75d"
DBG send Continue packet: 2851 frameNumber: 1485 continue(12): "443bf641267873a1f000621e"
DBG send Continue packet: 2852 frameNumber: 1485 continue(12): "4f4d6c173f058033c512215f"
DBG send Continue packet: 2853 frameNumber: 1485 continue(12): "352dcbb3b60162211910c363"
DBG send Continue packet: 2855 frameNumber: 1485 continue(12): "03194999885ecd2219000863"
DBG send Continue packet: 2856 frameNumber: 1485 continue(12): "ed1ea84a6001018032d853aa"
DBG send Continue packet: 2857 frameNumber: 1485 continue(12): "ea54ee8365b7f07e08533a1d"
DBG send Continue packet: 2858 frameNumber: 1485 continue(12): "3c020f4351bbfd83f84537bb"
DBG send Continue packet: 2860 frameNumber: 1485 continue(12): "581c009405a788a23f7846ed"
DBG send Continue packet: 2861 frameNumber: 1485 continue(12): "32ad3234be1a0cf49455cb08"
DBG send Continue packet: 2862 frameNumber: 1485 continue(12): "5d75d75d75d75d75d75d75d7"
DBG send Continue packet: 2863 frameNumber: 1485 continue(12): "ee00083290a40a1886718449"
DBG send Continue packet: 2865 frameNumber: 1485 continue(12): "ef28057e8ee98ec249d7f093"
DBG send Continue packet: 2866 frameNumber: 1485 continue(12): "f18a7de13cce14fd37050000"
DBG send Continue packet: 2867 frameNumber: 1485 continue(12): "62638eb168218eae705f283b"
DBG send Continue packet: 2868 frameNumber: 1485 continue(12): "b0e20227800f310910c97e0b"
DBG send End packet: 2870 frameNumber: 1485 end(12): "44945fd190cd4961ea000c40"
Sending frame 1486 size: 11 first packet: 2871 firstBytes(hex): "00000001419a20e800cab0"
DBG send Start packet: 2871 frameNumber: 1486 frameSize: 11 start(13): "00000001419a20e800cab000ae"
Sending frame 1487 size: 11 first packet: 2872 firstBytes(hex): "00000001419a405a0032ac"
DBG send Start packet: 2872 frameNumber: 1487 frameSize: 11 start(13): "00000001419a405a0032ac0000"
Sending frame 1488 size: 11 first packet: 2873 firstBytes(hex): "00000001419a607a0032ac"
DBG send Start packet: 2873 frameNumber: 1488 frameSize: 11 start(13): "00000001419a607a0032ac00ae"
Sending frame 1489 size: 20 first packet: 2875 firstBytes(hex): "00000001419a8026801097568010d7ab4bd75130"
DBG send Start packet: 2875 frameNumber: 1489 frameSize: 20 start(13): "00000001419a80268010975680"
Sending frame 1490 size: 14 first packet: 2876 firstBytes(hex): "00000001419aa02a800c99086260"
DBG send Start packet: 2876 frameNumber: 1490 frameSize: 14 start(13): "00000001419aa02a800c990862"
Sending frame 1491 size: 56 first packet: 2877 firstBytes(hex): "00000001419ac02e807ef277701f214ffff000e7"
DBG send Start packet: 2877 frameNumber: 1491 frameSize: 56 start(13): "00000001419ac02e807ef27770"
Sending frame 1492 size: 150 first packet: 2878 firstBytes(hex): "00000001419ae03281cf2dd70189ddeb02773557"
DBG send Start packet: 2878 frameNumber: 1492 frameSize: 150 start(13): "00000001419ae03281cf2dd701"
Sending frame 1493 size: 24 first packet: 2880 firstBytes(hex): "00000001419b00328014204dfff8008bf4e47347"
DBG send Start packet: 2880 frameNumber: 1493 frameSize: 24 start(13): "00000001419b00328014204dff"
Sending frame 1494 size: 24 first packet: 2881 firstBytes(hex): "00000001419b20328014204dfff8008bf4e47347"
DBG send Start packet: 2881 frameNumber: 1494 frameSize: 24 start(13): "00000001419b20328014204dff"
Sending frame 1495 size: 24 first packet: 2882 firstBytes(hex): "00000001419b40328014204dfff8008bf4e47347"
DBG send Start packet: 2882 frameNumber: 1495 frameSize: 24 start(13): "00000001419b40328014204dff"
Sending frame 1496 size: 24 first packet: 2883 firstBytes(hex): "00000001419b60328014204dfff8008bf4e47347"
DBG send Start packet: 2883 frameNumber: 1496 frameSize: 24 start(13): "00000001419b60328014204dff"
Sending frame 1497 size: 24 first packet: 2885 firstBytes(hex): "00000001419b80328014204dfff8008bf4e47347"
DBG send Start packet: 2885 frameNumber: 1497 frameSize: 24 start(13): "00000001419b80328014204dff"
Sending frame 1498 size: 24 first packet: 2886 firstBytes(hex): "00000001419ba0328014204dfff8008bf4e47347"
DBG send Start packet: 2886 frameNumber: 1498 frameSize: 24 start(13): "00000001419ba0328014204dff"
Device 0 FPS: 30.003
Sending frame 1499 size: 383 first packet: 2887 firstBytes(hex): "00000001419bc03689cdbbd7377705ddf8d5811d"
DBG send Start packet: 2887 frameNumber: 1499 frameSize: 383 start(13): "00000001419bc03689cdbbd737"
Sending frame 1500 size: 108864 first packet: 2888 firstBytes(hex): "000000016742c01eda0360f79b84000003000400"
Found NAL unit at offset 0 type: 7 (SPS)
Found NAL unit at offset 28 type: 8 (PPS)
DBG send Start packet: 2888 frameNumber: 1500 frameSize: 108864 start(13): "000000016742c01eda0360f79b"
DBG send Continue packet: 2890 frameNumber: 1500 continue(12): "ffb91f4323945b529cf4e866"
DBG send Continue packet: 2891 frameNumber: 1500 continue(12): "ddc37c6d0adb9dff019c54c1"
DBG send Continue packet: 2892 frameNumber: 1500 continue(12): "2c1062fa63ba15a5efede031"
DBG send Continue packet: 2893 frameNumber: 1500 continue(12): "5f9d26ffd68865a6cf5d5287"
DBG send Continue packet: 2895 frameNumber: 1500 continue(12): "401800a34cbf111a51215db8"
DBG send Continue packet: 2896 frameNumber: 1500 continue(12): "0080b21174824b3d6af3f7a1"
DBG send Continue packet: 2897 frameNumber: 1500 continue(12): "ceaa5650179573e8d37723d6"
DBG send Continue packet: 2898 frameNumber: 1500 continue(12): "afdb2fffdb1681ccdddf5e7b"
DBG send Continue packet: 2900 frameNumber: 1500 continue(12): "73a417f80bbf808000409448"
DBG send Continue packet: 2901 frameNumber: 1500 continue(12): "2fbfa952375b21c167004080"
DBG send Continue packet: 2902 frameNumber: 1500 continue(12): "01c12a26c2d0e4bbd3a68000"
DBG send Continue packet: 2903 frameNumber: 1500 continue(12): "c000080480008044008e3b21"
DBG send Continue packet: 2905 frameNumber: 1500 continue(12): "489b6ab44d00f80038118050"
DBG send Continue packet: 2906 frameNumber: 1500 continue(12): "94df000a6c889865ec321ad0"
DBG send Continue packet: 2907 frameNumber: 1500 continue(12): "cd1e1562a6924b94e31a4dc0"
DBG send Continue packet: 2908 frameNumber: 1500 continue(12): "068a0be25623d57a602d8f00"
DBG send Continue packet: 2910 frameNumber: 1500 continue(12): "00cc04069b7c8943d9bd089a"
DBG send Continue packet: 2911 frameNumber: 1500 continue(12): "f02737e91a6e12f061b859eb"
DBG send Continue packet: 2912 frameNumber: 1500 continue(12): "960d7dcf6749577371bf5faf"
DBG send Continue packet: 2913 frameNumber: 1500 continue(12): "88e5a4ba144ea9961d718010"
DBG send Continue packet: 2915 frameNumber: 1500 continue(12): "9f08d2970fbff80407801cc1"
DBG send Continue packet: 2916 frameNumber: 1500 continue(12): "5f80c37864384fc45c37b76f"
DBG send Continue packet: 2917 frameNumber: 1500 continue(12): "7124c60feb5bfcf88b7af9fb"
DBG send Continue packet: 2918 frameNumber: 1500 continue(12): "dca254cc965cfefad007700c"
DBG send Continue packet: 2920 frameNumber: 1500 continue(12): "4c5748d20cd520b65c0a9012"
DBG send Continue packet: 2921 frameNumber: 1500 continue(12): "651762b0d3195fa3a1f71043"
DBG send Continue packet: 2922 frameNumber: 1500 continue(12): "00180100b85d9e44c43e686e"
DBG send Continue packet: 2923 frameNumber: 1500 continue(12): "22660c893fffa01940cec489"
DBG send Continue packet: 2925 frameNumber: 1500 continue(12): "c29425cd11e9741ec0d19cfa"
DBG send Continue packet: 2926 frameNumber: 1500 continue(12): "fedffc18004580519201c4f6"
DBG send Continue packet: 2927 frameNumber: 1500 continue(12): "2166567f8084dbed65a22b78"
DBG send Continue packet: 2928 frameNumber: 1500 continue(12): "9118006a4f86afffad80a69b"
DBG send Continue packet: 2930 frameNumber: 1500 continue(12): "1c21810558d9f17e8853d0de"
DBG send Continue packet: 2931 frameNumber: 1500 continue(12): "3a9770000200c1fac050fa24"
DBG send Continue packet: 2932 frameNumber: 1500 continue(12): "f001bbbcbbcb8149a671af81"
DBG send Continue packet: 2933 frameNumber: 1500 continue(12): "5294a060d28480f09812c3c6"
DBG send Continue packet: 2935 frameNumber: 1500 continue(12): "891a5532d25189ef012001e0"
DBG send Continue packet: 2936 frameNumber: 1500 continue(12): "92671d800400401da9213128"
DBG send Continue packet: 2937 frameNumber: 1500 continue(12): "580943512761aa70095ffa6b"
DBG send Continue packet: 2938 frameNumber: 1500 continue(12): "1ca11709d0eece21f3e70002"
DBG send Continue packet: 2940 frameNumber: 1500 continue(12): "3f0dca86a8e6bfad86c37166"
DBG send Continue packet: 2941 frameNumber: 1500 continue(12): "843978e18c368b647018014a"
DBG send Continue packet: 2942 frameNumber: 1500 continue(12): "0105c00e73c1772198129130"
DBG send Continue packet: 2943 frameNumber: 1500 continue(12): "e5a2713fc0041792b7a41000"
DBG send Continue packet: 2945 frameNumber: 1500 continue(12): "4c5942b77b690e7e89b580a1"
DBG send Continue packet: 2946 frameNumber: 1500 continue(12): "a88079ae8d762e9b69bea800"
DBG send Continue packet: 2947 frameNumber: 1500 continue(12): "aaa1990a3ffc004506741817"
DBG send Continue packet: 2948 frameNumber: 1500 continue(12): "060c8c198d8d0018002ca1fc"
DBG send Continue packet: 2950 frameNumber: 1500 continue(12): "b10efbc8c596d021343594a0"
DBG send Continue packet: 2951 frameNumber: 1500 continue(12): "cb769efd514428b922bffeb6"
DBG send Continue packet: 2952 frameNumber: 1500 continue(12): "e021cb97ffe7de7d8fc00100"
DBG send Continue packet: 2953 frameNumber: 1500 continue(12): "df3cd67befffc2ea00380101"
DBG send Continue packet: 2955 frameNumber: 1500 continue(12): "02226e165e9f190ded17e8cd"
DBG send Continue packet: 2956 frameNumber: 1500 continue(12): "21150a0bf69dc251c1fff0f4"
DBG send Continue packet: 2957 frameNumber: 1500 continue(12): "2959801d9680008094778200"
DBG send Continue packet: 2958 frameNumber: 1500 continue(12): "5af000101000cdd6621512fd"
DBG send Continue packet: 2960 frameNumber: 1500 continue(12): "6a54501043027427810e1c33"
DBG send Continue packet: 2961 frameNumber: 1500 continue(12): "150007f00313055176c17cb6"
DBG send Continue packet: 2962 frameNumber: 1500 continue(12): "e215ddedb1455347a1d46b8f"
DBG send Continue packet: 2963 frameNumber: 1500 continue(12): "0081b0064b0e0007000040d8"
DBG send Continue packet: 2965 frameNumber: 1500 continue(12): "a81b009c93c732a905fd5e0c"
DBG send Continue packet: 2966 frameNumber: 1500 continue(12): "add56e49eee01c1912d45133"
DBG send Continue packet: 2967 frameNumber: 1500 continue(12): "88de5fff88b421245a7a3a7b"
DBG send Continue packet: 2968 frameNumber: 1500 continue(12): "1129c1b4a9f91006b1f85a6f"
DBG send Continue packet: 2970 frameNumber: 1500 continue(12): "d6d477d6cb85d630c71c68a1"
DBG send Continue packet: 2971 frameNumber: 1500 continue(12): "1750b056ec159459c0c03102"
DBG send Continue packet: 2972 frameNumber: 1500 continue(12): "9a92491895cafb8035162402"
DBG send Continue packet: 2973 frameNumber: 1500 continue(12): "9027970101480487f5a3eadf"
DBG send Continue packet: 2975 frameNumber: 1500 continue(12): "2ea07e68f6993a9146b0f800"
DBG send Continue packet: 2976 frameNumber: 1500 continue(12): "cb000e1030107b2ce0c40049"
DBG send Continue packet: 2977 frameNumber: 1500 continue(12): "2f1e418d244001dc11a6fd40"
DBG send Continue packet: 2978 frameNumber: 1500 continue(12): "a37dfd43e3140b108effd34f"
DBG send Continue packet: 2980 frameNumber: 1500 continue(12): "e8af800d5a14b5dd913020da"
DBG send Continue packet: 2981 frameNumber: 1500 continue(12): "04c0043876faca41f7f3a5bd"
DBG send Continue packet: 2982 frameNumber: 1500 continue(12): "44b7feb7c000080628005054"
DBG send Continue packet: 2983 frameNumber: 1500 continue(12): "2ea3fb061bbb8ad1c2999dc2"
DBG send Continue packet: 2985 frameNumber: 1500 continue(12): "702a37c7f85d40010999d900"
DBG send Continue packet: 2986 frameNumber: 1500 continue(12): "11504b61c5234f0f8201860c"
DBG send Continue packet: 2987 frameNumber: 1500 continue(12): "fbb34523447898c9b992bc70"
DBG send Continue packet: 2988 frameNumber: 1500 continue(12): "80002016028a28c6546b0239"
DBG send Continue packet: 2990 frameNumber: 1500 continue(12): "0d2730bffb8808a084853cae"
DBG send Continue packet: 2991 frameNumber: 1500 continue(12): "1739a098a55d2a3a99df355a"
DBG send Continue packet: 2992 frameNumber: 1500 continue(12): "02ba742b7d577cb9b6a87a01"
DBG send Continue packet: 2993 frameNumber: 1500 continue(12): "315016689234320231800084"
DBG send Continue packet: 2995 frameNumber: 1500 continue(12): "12dc000080300a1f47123598"
DBG send Continue packet: 2996 frameNumber: 1500 continue(12): "29c383ec08b8e21af13c7fc2"
DBG send Continue packet: 2997 frameNumber: 1500 continue(12): "c7411d341f5a0328121e87c0"
DBG send Continue packet: 2998 frameNumber: 1500 continue(12): "24cbf80013a8282414cd1b4b"
DBG send Continue packet: 3000 frameNumber: 1500 continue(12): "3846dd34f0036d40244044c1"
DBG send Continue packet: 3001 frameNumber: 1500 continue(12): "a9040400020212f6c9aaad00"
DBG send Continue packet: 3002 frameNumber: 1500 continue(12): "e87a147620000401c0004008"
DBG send End packet: 3003 frameNumber: 1500 end(12): "1015000478a865d34da11a04"
StreamerWidget: Sent frame 1500 for stream "QGZMKE"
Sending frame 1501 size: 11 first packet: 3005 firstBytes(hex): "00000001419a20e800cab0"
DBG send Start packet: 3005 frameNumber: 1501 frameSize: 11 start(13): "00000001419a20e800cab000ae"
Sending frame 1502 size: 11 first packet: 3006 firstBytes(hex): "00000001419a405a0032ac"
DBG send Start packet: 3006 frameNumber: 1502 frameSize: 11 start(13): "00000001419a405a0032ac00ae"
=== New Protocol Statistics (Stream: 52323248) ===
Time: 42.3s | Frames: 299 sent, 0 received (3007% loss)
Packets: 0 sent, 0 received | Data Rate: 0/0 KB/s
FEC: %10 groups sent, %11 recovered, %12 packets recovered
=================================
Sending frame 1503 size: 11 first packet: 3007 firstBytes(hex): "00000001419a607a0032ac"
DBG send Start packet: 3007 frameNumber: 1503 frameSize: 11 start(13): "00000001419a607a0032ac0034"
Sending frame 1504 size: 14 first packet: 3008 firstBytes(hex): "00000001419a8026800c99d65130"
DBG send Start packet: 3008 frameNumber: 1504 frameSize: 14 start(13): "00000001419a8026800c99d651"
Sending frame 1505 size: 11 first packet: 3010 firstBytes(hex): "00000001419aa02a800cab"
DBG send Start packet: 3010 frameNumber: 1505 frameSize: 11 start(13): "00000001419aa02a800cab00ae"
Sending frame 1506 size: 38 first packet: 3011 firstBytes(hex): "00000001419ac02e81b7375501addddf0086725d"
DBG send Start packet: 3011 frameNumber: 1506 frameSize: 38 start(13): "00000001419ac02e81b7375501"
Sending frame 1507 size: 92 first packet: 3012 firstBytes(hex): "00000001419ae03280103717da6b69a15d4c9029"
DBG send Start packet: 3012 frameNumber: 1507 frameSize: 92 start(13): "00000001419ae03280103717da"
Sending frame 1508 size: 11 first packet: 3013 firstBytes(hex): "00000001419b0032800cab"
DBG send Start packet: 3013 frameNumber: 1508 frameSize: 11 start(13): "00000001419b0032800cab00ae"
Sending frame 1509 size: 11 first packet: 3015 firstBytes(hex): "00000001419b2032800cab"
DBG send Start packet: 3015 frameNumber: 1509 frameSize: 11 start(13): "00000001419b2032800cab00ae"
Sending frame 1510 size: 11 first packet: 3016 firstBytes(hex): "00000001419b4032800cab"
DBG send Start packet: 3016 frameNumber: 1510 frameSize: 11 start(13): "00000001419b4032800cab00ae"
Sending frame 1511 size: 11 first packet: 3017 firstBytes(hex): "00000001419b6032800cab"
DBG send Start packet: 3017 frameNumber: 1511 frameSize: 11 start(13): "00000001419b6032800cab00ae"
Sending frame 1512 size: 11 first packet: 3018 firstBytes(hex): "00000001419b8032800cab"
DBG send Start packet: 3018 frameNumber: 1512 frameSize: 11 start(13): "00000001419b8032800cab00ae"
Sending frame 1513 size: 11 first packet: 3020 firstBytes(hex): "00000001419ba032800cab"
DBG send Start packet: 3020 frameNumber: 1513 frameSize: 11 start(13): "00000001419ba032800cab00ae"
Sending frame 1514 size: 148 first packet: 3021 firstBytes(hex): "00000001419bc03680299cdd5d72eab010fc977c"
DBG send Start packet: 3021 frameNumber: 1514 frameSize: 148 start(13): "00000001419bc03680299cdd5d"
Sending frame 1515 size: 108858 first packet: 3022 firstBytes(hex): "000000016742c01eda0360f79b84000003000400"
Found NAL unit at offset 0 type: 7 (SPS)
Found NAL unit at offset 28 type: 8 (PPS)
DBG send Start packet: 3022 frameNumber: 1515 frameSize: 108858 start(13): "000000016742c01eda0360f79b"
DBG send Continue packet: 3023 frameNumber: 1515 continue(12): "ffee47d0c8e516d4a73d3a19"
DBG send Continue packet: 3025 frameNumber: 1515 continue(12): "3770df1b42b6e77fc0671530"
DBG send Continue packet: 3026 frameNumber: 1515 continue(12): "8b0418be98ee85697bfb780c"
DBG send Continue packet: 3027 frameNumber: 1515 continue(12): "97e749bff5a21969b3d754a1"
DBG send Continue packet: 3028 frameNumber: 1515 continue(12): "d0060028d32fc4469448576e"
DBG send Continue packet: 3030 frameNumber: 1515 continue(12): "00202c845d2092cf5abcfde8"
DBG send Continue packet: 3031 frameNumber: 1515 continue(12): "f3aa959405e55cfa34ddc8f5"
DBG send Continue packet: 3032 frameNumber: 1515 continue(12): "f6cbfff6c5a0733777d79ed2"
DBG send Continue packet: 3033 frameNumber: 1515 continue(12): "e905fe02efe0200010251224"
DBG send Continue packet: 3035 frameNumber: 1515 continue(12): "efea548dd6c87059c0102000"
DBG send Continue packet: 3036 frameNumber: 1515 continue(12): "704a89b0b4392ef4e9a00008"
DBG send Continue packet: 3037 frameNumber: 1515 continue(12): "0002012000201100238ec872"
DBG send Continue packet: 3038 frameNumber: 1515 continue(12): "26daad13403e000e04601418"
DBG send Continue packet: 3040 frameNumber: 1515 continue(12): "37c0029b2226197b0c86b43f"
DBG send Continue packet: 3041 frameNumber: 1515 continue(12): "478558a9a492e538c6937000"
DBG send Continue packet: 3042 frameNumber: 1515 continue(12): "a282f89588f55e980b63c000"
DBG send Continue packet: 3043 frameNumber: 1515 continue(12): "330101a6df2250f66f42269f"
DBG send Continue packet: 3045 frameNumber: 1515 continue(12): "09cdfa469b84bc186e167aef"
DBG send Continue packet: 3046 frameNumber: 1515 continue(12): "835f73d9d255dcdc6fd7ebce"
DBG send Continue packet: 3047 frameNumber: 1515 continue(12): "39692e8513aa65875c600400"
DBG send Continue packet: 3048 frameNumber: 1515 continue(12): "c234a5c3effe0101e007305c"
DBG send Continue packet: 3050 frameNumber: 1515 continue(12): "e030de190e13f1170deddbe7"
DBG send Continue packet: 3051 frameNumber: 1515 continue(12): "493183fad6ff3e22debe7ed2"
DBG send Continue packet: 3052 frameNumber: 1515 continue(12): "28953325973fbeb401dc030d"
DBG send Continue packet: 3053 frameNumber: 1515 continue(12): "d2348335482d9702a404817a"
DBG send Continue packet: 3055 frameNumber: 1515 continue(12): "d8ac34c657e8e87dc410de48"
DBG send Continue packet: 3056 frameNumber: 1515 continue(12): "00402e176791310f9a1bb168"
DBG send Continue packet: 3057 frameNumber: 1515 continue(12): "83224fffe8065033b12269b8"
DBG send Continue packet: 3058 frameNumber: 1515 continue(12): "0973447a5d07b034673eae20"
DBG send Continue packet: 3060 frameNumber: 1515 continue(12): "ff06001160146480713da43e"
DBG send Continue packet: 3061 frameNumber: 1515 continue(12): "959fe02136fb59688ade0200"
DBG send Continue packet: 3062 frameNumber: 1515 continue(12): "001a93e1abffeb6029a6c144"
DBG send Continue packet: 3063 frameNumber: 1515 continue(12): "604156367c5fa214f437949b"
DBG send Continue packet: 3065 frameNumber: 1515 continue(12): "dc000080307eb0143e891337"
DBG send Continue packet: 3066 frameNumber: 1515 continue(12): "ef2ef2e052699c6be0740004"
DBG send Continue packet: 3067 frameNumber: 1515 continue(12): "1834a1203c2604b0f19e22d8"
DBG send Continue packet: 3068 frameNumber: 1515 continue(12): "4cb494627bc048007833961b"
DBG send Continue packet: 3070 frameNumber: 1515 continue(12): "60010010076a484c4a3d2fc3"
DBG send Continue packet: 3071 frameNumber: 1515 continue(12): "d449d86a9c0257fe9ad52f71"
DBG send Continue packet: 3072 frameNumber: 1515 continue(12): "c2743bb3887cf9c000829d09"
DBG send Continue packet: 3073 frameNumber: 1515 continue(12): "a1aa39afeb61b0dc59857fd3"
DBG send Continue packet: 3075 frameNumber: 1515 continue(12): "38630da2d91c060052807925"
DBG send Continue packet: 3076 frameNumber: 1515 continue(12): "039cf05dc86604a44c00ecc0"
DBG send Continue packet: 3077 frameNumber: 1515 continue(12): "4ff00105e4ade90400008000"
DBG send Continue packet: 3078 frameNumber: 1515 continue(12): "deda439fa26d60284d1eb236"
DBG send Continue packet: 3080 frameNumber: 1515 continue(12): "a35d8ba6da6faa00350143f2"
DBG send Continue packet: 3081 frameNumber: 1515 continue(12): "8fff0011419d0605f080ca5b"
DBG send Continue packet: 3082 frameNumber: 1515 continue(12): "63634006000b287f19d0833f"
DBG send Continue packet: 3083 frameNumber: 1515 continue(12): "3165b4084d0d65282c978ff4"
DBG send Continue packet: 3085 frameNumber: 1515 continue(12): "54510a2e48afffad8d990bf6"
DBG send Continue packet: 3086 frameNumber: 1515 continue(12): "fff9f79f63f0004018402531"
DBG send Continue packet: 3087 frameNumber: 1515 continue(12): "fbfff0ba800e004073c5b503"
DBG send Continue packet: 3088 frameNumber: 1515 continue(12): "a7c6437b45fa33400040000b"
DBG send Continue packet: 3090 frameNumber: 1515 continue(12): "a77094707ffc3d03f58df451"
DBG send Continue packet: 3091 frameNumber: 1515 continue(12): "a00020251de080005c000404"
DBG send Continue packet: 3092 frameNumber: 1515 continue(12): "003375988544bf5345340256"
DBG send Continue packet: 3093 frameNumber: 1515 continue(12): "c09d09e043870cf76b800204"
DBG send Continue packet: 3095 frameNumber: 1515 continue(12): "c4c1545db05f2dacef0c3d00"
DBG send Continue packet: 3096 frameNumber: 1515 continue(12): "5154d1e8751ae3da56118868"
DBG send Continue packet: 3097 frameNumber: 1515 continue(12): "c38001c000103600c97f8003"
DBG send Continue packet: 3098 frameNumber: 1515 continue(12): "f1ccaa417f57830124615862"
DBG send Continue packet: 3100 frameNumber: 1515 continue(12): "b8070644b5144cf88bca1650"
DBG send Continue packet: 3101 frameNumber: 1515 continue(12): "2d0849169e8e9eec452ca452"
DBG send Continue packet: 3102 frameNumber: 1515 continue(12): "7e4401ac7e169be5664cff48"
DBG send Continue packet: 3103 frameNumber: 1515 continue(12): "e1758c31c71a2877ffc0197f"
DBG send Continue packet: 3105 frameNumber: 1515 continue(12): "05651670300c409138b59da6"
DBG send Continue packet: 3106 frameNumber: 1515 continue(12): "72bee00d458900809aeaa6a9"
DBG send Continue packet: 3107 frameNumber: 1515 continue(12): "520121fd68fab7eb14188431"
DBG send Continue packet: 3108 frameNumber: 1515 continue(12): "a64ea451ac3e000040240a4a"
DBG send Continue packet: 3110 frameNumber: 1515 continue(12): "041ecb383100125dc0000805"
DBG send Continue packet: 3111 frameNumber: 1515 continue(12): "1000770469bf5014aa6b9fe1"
DBG send Continue packet: 3112 frameNumber: 1515 continue(12): "c502c423bff4d3ee2d6daef7"
DBG send Continue packet: 3113 frameNumber: 1515 continue(12): "852d77644c0836844c1537c2"
DBG send Continue packet: 3115 frameNumber: 1515 continue(12): "beb2907dfce96f55a0000800"
DBG send Continue packet: 3116 frameNumber: 1515 continue(12): "0002018a0014153f16920907"
DBG send Continue packet: 3117 frameNumber: 1515 continue(12): "e2b470a66770967e60080026"
DBG send Continue packet: 3118 frameNumber: 1515 continue(12): "500042667640001011cfffd0"
DBG send Continue packet: 3120 frameNumber: 1515 continue(12): "d3c3e08061833ca0228e3396"
DBG send Continue packet: 3121 frameNumber: 1515 continue(12): "26326e64af1c3999c3833ce8"
DBG send Continue packet: 3122 frameNumber: 1515 continue(12): "8a31951ac08e6e5fb27ffb80"
DBG send Continue packet: 3123 frameNumber: 1515 continue(12): "022821214f2b84e64d132734"
DBG send Continue packet: 3125 frameNumber: 1515 continue(12): "4a8ea677cd568b7650d6ebd5"
DBG send Continue packet: 3126 frameNumber: 1515 continue(12): "df2e6daa1e804000100b08c3"
DBG send Continue packet: 3127 frameNumber: 1515 continue(12): "0c808c6000211ffe9f2dd5eb"
DBG send Continue packet: 3128 frameNumber: 1515 continue(12): "0287d1c48d6634bbe4fa4b80"
DBG send Continue packet: 3130 frameNumber: 1515 continue(12): "3886bc4f1ff0a34000100b00"
DBG send Continue packet: 3131 frameNumber: 1515 continue(12): "80ca0487a1f000711f338cd5"
DBG send Continue packet: 3132 frameNumber: 1515 continue(12): "0a09053346d2f4ddd643e820"
DBG send Continue packet: 3133 frameNumber: 1515 continue(12): "db50091011306867d18e0d8c"
DBG send Continue packet: 3135 frameNumber: 1515 continue(12): "84bdb26aab4000401800b5a8"
DBG send Continue packet: 3136 frameNumber: 1515 continue(12): "010070001002007cb2000040"
DBG send End packet: 3137 frameNumber: 1515 end(12): "1974d36846811b14c3d4000c"
Sending frame 1516 size: 11 first packet: 3138 firstBytes(hex): "00000001419a20e800cab0"
DBG send Start packet: 3138 frameNumber: 1516 frameSize: 11 start(13): "00000001419a20e800cab000ae"
Sending frame 1517 size: 11 first packet: 3140 firstBytes(hex): "00000001419a405a0032ac"
DBG send Start packet: 3140 frameNumber: 1517 frameSize: 11 start(13): "00000001419a405a0032ac00ae"
Sending frame 1518 size: 11 first packet: 3141 firstBytes(hex): "00000001419a607a0032ac"
DBG send Start packet: 3141 frameNumber: 1518 frameSize: 11 start(13): "00000001419a607a0032ac00a1"
Sending frame 1519 size: 14 first packet: 3142 firstBytes(hex): "00000001419a8026800c99d65130"
DBG send Start packet: 3142 frameNumber: 1519 frameSize: 14 start(13): "00000001419a8026800c99d651"
Sending frame 1520 size: 11 first packet: 3143 firstBytes(hex): "00000001419aa02a800cab"
DBG send Start packet: 3143 frameNumber: 1520 frameSize: 11 start(13): "00000001419aa02a800cab00ae"
Sending frame 1521 size: 38 first packet: 3145 firstBytes(hex): "00000001419ac02e81b7375501addddf0086725d"
DBG send Start packet: 3145 frameNumber: 1521 frameSize: 38 start(13): "00000001419ac02e81b7375501"
Sending frame 1522 size: 92 first packet: 3146 firstBytes(hex): "00000001419ae03280103717da6b69a15d4c9029"
DBG send Start packet: 3146 frameNumber: 1522 frameSize: 92 start(13): "00000001419ae03280103717da"
Sending frame 1523 size: 11 first packet: 3147 firstBytes(hex): "00000001419b0032800cab"
DBG send Start packet: 3147 frameNumber: 1523 frameSize: 11 start(13): "00000001419b0032800cab00ae"
Sending frame 1524 size: 11 first packet: 3148 firstBytes(hex): "00000001419b2032800cab"
DBG send Start packet: 3148 frameNumber: 1524 frameSize: 11 start(13): "00000001419b2032800cab00ae"
Sending frame 1525 size: 11 first packet: 3150 firstBytes(hex): "00000001419b4032800cab"
DBG send Start packet: 3150 frameNumber: 1525 frameSize: 11 start(13): "00000001419b4032800cab0031"
Sending frame 1526 size: 11 first packet: 3151 firstBytes(hex): "00000001419b6032800cab"
DBG send Start packet: 3151 frameNumber: 1526 frameSize: 11 start(13): "00000001419b6032800cab00a1"
Sending frame 1527 size: 11 first packet: 3152 firstBytes(hex): "00000001419b8032800cab"
DBG send Start packet: 3152 frameNumber: 1527 frameSize: 11 start(13): "00000001419b8032800cab00ae"
Sending frame 1528 size: 11 first packet: 3153 firstBytes(hex): "00000001419ba032800cab"
DBG send Start packet: 3153 frameNumber: 1528 frameSize: 11 start(13): "00000001419ba032800cab00ae"
Sending frame 1529 size: 148 first packet: 3155 firstBytes(hex): "00000001419bc03680299cdd5d72eab010fc977c"
DBG send Start packet: 3155 frameNumber: 1529 frameSize: 148 start(13): "00000001419bc03680299cdd5d"
Sending frame 1530 size: 108864 first packet: 3156 firstBytes(hex): "000000016742c01eda0360f79b84000003000400"
Found NAL unit at offset 0 type: 7 (SPS)
Found NAL unit at offset 28 type: 8 (PPS)
DBG send Start packet: 3156 frameNumber: 1530 frameSize: 108864 start(13): "000000016742c01eda0360f79b"
DBG send Continue packet: 3157 frameNumber: 1530 continue(12): "ffb91f4323945b529cf4e866"
DBG send Continue packet: 3158 frameNumber: 1530 continue(12): "ddc37c6d0adb9dff019c54c1"
DBG send Continue packet: 3160 frameNumber: 1530 continue(12): "2c1062fa63ba15a5efede031"
DBG send Continue packet: 3161 frameNumber: 1530 continue(12): "5f9d26ffd68865a6cf5d5287"
DBG send Continue packet: 3162 frameNumber: 1530 continue(12): "401800a34cbf111a51215db8"
DBG send Continue packet: 3163 frameNumber: 1530 continue(12): "0080b21174824b3d6af3f7a1"
DBG send Continue packet: 3165 frameNumber: 1530 continue(12): "ceaa5650179573e8d37723d6"
DBG send Continue packet: 3166 frameNumber: 1530 continue(12): "afdb2fffdb1681ccdddf5e7b"
DBG send Continue packet: 3167 frameNumber: 1530 continue(12): "73a417f80bbf808000409448"
DBG send Continue packet: 3168 frameNumber: 1530 continue(12): "2fbfa952375b21c167004080"
DBG send Continue packet: 3170 frameNumber: 1530 continue(12): "01c12a26c2d0e4bbd3a68000"
DBG send Continue packet: 3171 frameNumber: 1530 continue(12): "c000080480008044008e3b21"
DBG send Continue packet: 3172 frameNumber: 1530 continue(12): "489b6ab44d00f80038118050"
DBG send Continue packet: 3173 frameNumber: 1530 continue(12): "94df000a6c889865ec321ad0"
DBG send Continue packet: 3175 frameNumber: 1530 continue(12): "cd1e1562a6924b94e31a4dc0"
DBG send Continue packet: 3176 frameNumber: 1530 continue(12): "068a0be25623d57a602d8f00"
DBG send Continue packet: 3177 frameNumber: 1530 continue(12): "00cc04069b7c8943d9bd089a"
DBG send Continue packet: 3178 frameNumber: 1530 continue(12): "f02737e91a6e12f061b859eb"
DBG send Continue packet: 3180 frameNumber: 1530 continue(12): "960d7dcf6749577371bf5faf"
DBG send Continue packet: 3181 frameNumber: 1530 continue(12): "88e5a4ba144ea9961d718010"
DBG send Continue packet: 3182 frameNumber: 1530 continue(12): "9f08d2970fbff80407801cc1"
DBG send Continue packet: 3183 frameNumber: 1530 continue(12): "5f80c37864384fc45c37b76f"
DBG send Continue packet: 3185 frameNumber: 1530 continue(12): "7124c60feb5bfcf88b7af9fb"
DBG send Continue packet: 3186 frameNumber: 1530 continue(12): "dca254cc965cfefad007700c"
DBG send Continue packet: 3187 frameNumber: 1530 continue(12): "4c5748d20cd520b65c0a9012"
DBG send Continue packet: 3188 frameNumber: 1530 continue(12): "651762b0d3195fa3a1f71043"
DBG send Continue packet: 3190 frameNumber: 1530 continue(12): "00180100b85d9e44c43e686e"
DBG send Continue packet: 3191 frameNumber: 1530 continue(12): "22660c893fffa01940cec489"
DBG send Continue packet: 3192 frameNumber: 1530 continue(12): "c29425cd11e9741ec0d19cfa"
DBG send Continue packet: 3193 frameNumber: 1530 continue(12): "fedffc18004580519201c4f6"
DBG send Continue packet: 3195 frameNumber: 1530 continue(12): "2166567f8084dbed65a22b78"
DBG send Continue packet: 3196 frameNumber: 1530 continue(12): "9118006a4f86afffad80a69b"
DBG send Continue packet: 3197 frameNumber: 1530 continue(12): "1c21810558d9f17e8853d0de"
DBG send Continue packet: 3198 frameNumber: 1530 continue(12): "3a9770000200c1fac050fa24"
DBG send Continue packet: 3200 frameNumber: 1530 continue(12): "f001bbbcbbcb8149a671af81"
DBG send Continue packet: 3201 frameNumber: 1530 continue(12): "5294a060d28480f09812c3c6"
DBG send Continue packet: 3202 frameNumber: 1530 continue(12): "891a5532d25189ef012001e0"
DBG send Continue packet: 3203 frameNumber: 1530 continue(12): "92671d800400401da9213128"
DBG send Continue packet: 3205 frameNumber: 1530 continue(12): "580943512761aa70095ffa6b"
DBG send Continue packet: 3206 frameNumber: 1530 continue(12): "1ca11709d0eece21f3e70002"
DBG send Continue packet: 3207 frameNumber: 1530 continue(12): "3f0dca86a8e6bfad86c37166"
DBG send Continue packet: 3208 frameNumber: 1530 continue(12): "843978e18c368b647018014a"
DBG send Continue packet: 3210 frameNumber: 1530 continue(12): "0105c00e73c1772198129130"
DBG send Continue packet: 3211 frameNumber: 1530 continue(12): "e5a2713fc0041792b7a41000"
DBG send Continue packet: 3212 frameNumber: 1530 continue(12): "4c5942b77b690e7e89b580a1"
DBG send Continue packet: 3213 frameNumber: 1530 continue(12): "a88079ae8d762e9b69bea800"
DBG send Continue packet: 3215 frameNumber: 1530 continue(12): "aaa1990a3ffc004506741817"
DBG send Continue packet: 3216 frameNumber: 1530 continue(12): "060c8c198d8d0018002ca1fc"
DBG send Continue packet: 3217 frameNumber: 1530 continue(12): "b10efbc8c596d021343594a0"
DBG send Continue packet: 3218 frameNumber: 1530 continue(12): "cb769efd514428b922bffeb6"
DBG send Continue packet: 3220 frameNumber: 1530 continue(12): "e021cb97ffe7de7d8fc00100"
DBG send Continue packet: 3221 frameNumber: 1530 continue(12): "df3cd67befffc2ea00380101"
DBG send Continue packet: 3222 frameNumber: 1530 continue(12): "02226e165e9f190ded17e8cd"
DBG send Continue packet: 3223 frameNumber: 1530 continue(12): "21150a0bf69dc251c1fff0f4"
DBG send Continue packet: 3225 frameNumber: 1530 continue(12): "2959801d9680008094778200"
DBG send Continue packet: 3226 frameNumber: 1530 continue(12): "5af000101000cdd6621512fd"
DBG send Continue packet: 3227 frameNumber: 1530 continue(12): "6a54501043027427810e1c33"
DBG send Continue packet: 3228 frameNumber: 1530 continue(12): "150007f00313055176c17cb6"
DBG send Continue packet: 3230 frameNumber: 1530 continue(12): "e215ddedb1455347a1d46b8f"
DBG send Continue packet: 3231 frameNumber: 1530 continue(12): "0081b0064b0e0007000040d8"
DBG send Continue packet: 3232 frameNumber: 1530 continue(12): "a81b009c93c732a905fd5e0c"
DBG send Continue packet: 3233 frameNumber: 1530 continue(12): "add56e49eee01c1912d45133"
DBG send Continue packet: 3235 frameNumber: 1530 continue(12): "88de5fff88b421245a7a3a7b"
DBG send Continue packet: 3236 frameNumber: 1530 continue(12): "1129c1b4a9f91006b1f85a6f"
DBG send Continue packet: 3237 frameNumber: 1530 continue(12): "d6d477d6cb85d630c71c68a1"
DBG send Continue packet: 3238 frameNumber: 1530 continue(12): "1750b056ec159459c0c03102"
DBG send Continue packet: 3240 frameNumber: 1530 continue(12): "9a92491895cafb8035162402"
DBG send Continue packet: 3241 frameNumber: 1530 continue(12): "9027970101480487f5a3eadf"
DBG send Continue packet: 3242 frameNumber: 1530 continue(12): "2ea07e68f6993a9146b0f800"
DBG send Continue packet: 3243 frameNumber: 1530 continue(12): "cb000e1030107b2ce0c40049"
DBG send Continue packet: 3245 frameNumber: 1530 continue(12): "2f1e418d244001dc11a6fd40"
DBG send Continue packet: 3246 frameNumber: 1530 continue(12): "a37dfd43e3140b108effd34f"
DBG send Continue packet: 3247 frameNumber: 1530 continue(12): "e8af800d5a14b5dd913020da"
DBG send Continue packet: 3248 frameNumber: 1530 continue(12): "04c0043876faca41f7f3a5bd"
DBG send Continue packet: 3250 frameNumber: 1530 continue(12): "44b7feb7c000080628005054"
DBG send Continue packet: 3251 frameNumber: 1530 continue(12): "2ea3fb061bbb8ad1c2999dc2"
DBG send Continue packet: 3252 frameNumber: 1530 continue(12): "702a37c7f85d40010999d900"
DBG send Continue packet: 3253 frameNumber: 1530 continue(12): "11504b61c5234f0f8201860c"
DBG send Continue packet: 3255 frameNumber: 1530 continue(12): "fbb34523447898c9b992bc70"
DBG send Continue packet: 3256 frameNumber: 1530 continue(12): "80002016028a28c6546b0239"
DBG send Continue packet: 3257 frameNumber: 1530 continue(12): "0d2730bffb8808a084853cae"
DBG send Continue packet: 3258 frameNumber: 1530 continue(12): "1739a098a55d2a3a99df355a"
DBG send Continue packet: 3260 frameNumber: 1530 continue(12): "02ba742b7d577cb9b6a87a01"
DBG send Continue packet: 3261 frameNumber: 1530 continue(12): "315016689234320231800084"
DBG send Continue packet: 3262 frameNumber: 1530 continue(12): "12dc000080300a1f47123598"
DBG send Continue packet: 3263 frameNumber: 1530 continue(12): "29c383ec08b8e21af13c7fc2"
DBG send Continue packet: 3265 frameNumber: 1530 continue(12): "c7411d341f5a0328121e87c0"
DBG send Continue packet: 3266 frameNumber: 1530 continue(12): "24cbf80013a8282414cd1b4b"
DBG send Continue packet: 3267 frameNumber: 1530 continue(12): "3846dd34f0036d40244044c1"
DBG send Continue packet: 3268 frameNumber: 1530 continue(12): "a9040400020212f6c9aaad00"
DBG send Continue packet: 3270 frameNumber: 1530 continue(12): "e87a147620000401c0004008"
DBG send End packet: 3271 frameNumber: 1530 end(12): "1015000478a865d34da11a04"
StreamerWidget: Sent frame 1530 for stream "QGZMKE"
Sending frame 1531 size: 11 first packet: 3272 firstBytes(hex): "00000001419a20e800cab0"
DBG send Start packet: 3272 frameNumber: 1531 frameSize: 11 start(13): "00000001419a20e800cab000ae"
Sending frame 1532 size: 11 first packet: 3273 firstBytes(hex): "00000001419a405a0032ac"
DBG send Start packet: 3273 frameNumber: 1532 frameSize: 11 start(13): "00000001419a405a0032ac00ae"
Sending frame 1533 size: 11 first packet: 3275 firstBytes(hex): "00000001419a607a0032ac"
DBG send Start packet: 3275 frameNumber: 1533 frameSize: 11 start(13): "00000001419a607a0032ac00ae"
Sending frame 1534 size: 14 first packet: 3276 firstBytes(hex): "00000001419a8026800c99d65130"
DBG send Start packet: 3276 frameNumber: 1534 frameSize: 14 start(13): "00000001419a8026800c99d651"
Sending frame 1535 size: 11 first packet: 3277 firstBytes(hex): "00000001419aa02a800cab"
DBG send Start packet: 3277 frameNumber: 1535 frameSize: 11 start(13): "00000001419aa02a800cab00ae"
Sending frame 1536 size: 38 first packet: 3278 firstBytes(hex): "00000001419ac02e81b7375501addddf0086725d"
DBG send Start packet: 3278 frameNumber: 1536 frameSize: 38 start(13): "00000001419ac02e81b7375501"
Sending frame 1537 size: 92 first packet: 3280 firstBytes(hex): "00000001419ae03280103717da6b69a15d4c9029"
DBG send Start packet: 3280 frameNumber: 1537 frameSize: 92 start(13): "00000001419ae03280103717da"
Sending frame 1538 size: 11 first packet: 3281 firstBytes(hex): "00000001419b0032800cab"
DBG send Start packet: 3281 frameNumber: 1538 frameSize: 11 start(13): "00000001419b0032800cab00ae"
Sending frame 1539 size: 11 first packet: 3282 firstBytes(hex): "00000001419b2032800cab"
DBG send Start packet: 3282 frameNumber: 1539 frameSize: 11 start(13): "00000001419b2032800cab00ae"
Sending frame 1540 size: 11 first packet: 3283 firstBytes(hex): "00000001419b4032800cab"
DBG send Start packet: 3283 frameNumber: 1540 frameSize: 11 start(13): "00000001419b4032800cab00ae"
Sending frame 1541 size: 11 first packet: 3285 firstBytes(hex): "00000001419b6032800cab"
DBG send Start packet: 3285 frameNumber: 1541 frameSize: 11 start(13): "00000001419b6032800cab00ae"
Sending frame 1542 size: 11 first packet: 3286 firstBytes(hex): "00000001419b8032800cab"
DBG send Start packet: 3286 frameNumber: 1542 frameSize: 11 start(13): "00000001419b8032800cab00ae"
Sending frame 1543 size: 11 first packet: 3287 firstBytes(hex): "00000001419ba032800cab"
DBG send Start packet: 3287 frameNumber: 1543 frameSize: 11 start(13): "00000001419ba032800cab00ae"
Sending frame 1544 size: 148 first packet: 3288 firstBytes(hex): "00000001419bc03680299cdd5d72eab010fc977c"
DBG send Start packet: 3288 frameNumber: 1544 frameSize: 148 start(13): "00000001419bc03680299cdd5d"
Sending frame 1545 size: 108858 first packet: 3290 firstBytes(hex): "000000016742c01eda0360f79b84000003000400"
Found NAL unit at offset 0 type: 7 (SPS)
Found NAL unit at offset 28 type: 8 (PPS)
DBG send Start packet: 3290 frameNumber: 1545 frameSize: 108858 start(13): "000000016742c01eda0360f79b"
DBG send Continue packet: 3291 frameNumber: 1545 continue(12): "ffee47d0c8e516d4a73d3a19"
DBG send Continue packet: 3292 frameNumber: 1545 continue(12): "3770df1b42b6e77fc0671530"
DBG send Continue packet: 3293 frameNumber: 1545 continue(12): "8b0418be98ee85697bfb780c"
DBG send Continue packet: 3295 frameNumber: 1545 continue(12): "97e749bff5a21969b3d754a1"
DBG send Continue packet: 3296 frameNumber: 1545 continue(12): "d0060028d32fc4469448576e"
DBG send Continue packet: 3297 frameNumber: 1545 continue(12): "00202c845d2092cf5abcfde8"
DBG send Continue packet: 3298 frameNumber: 1545 continue(12): "f3aa959405e55cfa34ddc8f5"
DBG send Continue packet: 3300 frameNumber: 1545 continue(12): "f6cbfff6c5a0733777d79ed2"
DBG send Continue packet: 3301 frameNumber: 1545 continue(12): "e905fe02efe0200010251224"
DBG send Continue packet: 3302 frameNumber: 1545 continue(12): "efea548dd6c87059c0102000"
DBG send Continue packet: 3303 frameNumber: 1545 continue(12): "704a89b0b4392ef4e9a00008"
DBG send Continue packet: 3305 frameNumber: 1545 continue(12): "0002012000201100238ec872"
DBG send Continue packet: 3306 frameNumber: 1545 continue(12): "26daad13403e000e04601418"
DBG send Continue packet: 3307 frameNumber: 1545 continue(12): "37c0029b2226197b0c86b43f"
DBG send Continue packet: 3308 frameNumber: 1545 continue(12): "478558a9a492e538c6937000"
DBG send Continue packet: 3310 frameNumber: 1545 continue(12): "a282f89588f55e980b63c000"
DBG send Continue packet: 3311 frameNumber: 1545 continue(12): "330101a6df2250f66f42269f"
DBG send Continue packet: 3312 frameNumber: 1545 continue(12): "09cdfa469b84bc186e167aef"
DBG send Continue packet: 3313 frameNumber: 1545 continue(12): "835f73d9d255dcdc6fd7ebce"
DBG send Continue packet: 3315 frameNumber: 1545 continue(12): "39692e8513aa65875c600400"
DBG send Continue packet: 3316 frameNumber: 1545 continue(12): "c234a5c3effe0101e007305c"
DBG send Continue packet: 3317 frameNumber: 1545 continue(12): "e030de190e13f1170deddbe7"
DBG send Continue packet: 3318 frameNumber: 1545 continue(12): "493183fad6ff3e22debe7ed2"
DBG send Continue packet: 3320 frameNumber: 1545 continue(12): "28953325973fbeb401dc030d"
DBG send Continue packet: 3321 frameNumber: 1545 continue(12): "d2348335482d9702a404817a"
DBG send Continue packet: 3322 frameNumber: 1545 continue(12): "d8ac34c657e8e87dc410de48"
DBG send Continue packet: 3323 frameNumber: 1545 continue(12): "00402e176791310f9a1bb168"
DBG send Continue packet: 3325 frameNumber: 1545 continue(12): "83224fffe8065033b12269b8"
DBG send Continue packet: 3326 frameNumber: 1545 continue(12): "0973447a5d07b034673eae20"
DBG send Continue packet: 3327 frameNumber: 1545 continue(12): "ff06001160146480713da43e"
DBG send Continue packet: 3328 frameNumber: 1545 continue(12): "959fe02136fb59688ade0200"
DBG send Continue packet: 3330 frameNumber: 1545 continue(12): "001a93e1abffeb6029a6c144"
DBG send Continue packet: 3331 frameNumber: 1545 continue(12): "604156367c5fa214f437949b"
DBG send Continue packet: 3332 frameNumber: 1545 continue(12): "dc000080307eb0143e891337"
DBG send Continue packet: 3333 frameNumber: 1545 continue(12): "ef2ef2e052699c6be0740004"
DBG send Continue packet: 3335 frameNumber: 1545 continue(12): "1834a1203c2604b0f19e22d8"
DBG send Continue packet: 3336 frameNumber: 1545 continue(12): "4cb494627bc048007833961b"
DBG send Continue packet: 3337 frameNumber: 1545 continue(12): "60010010076a484c4a3d2fc3"
DBG send Continue packet: 3338 frameNumber: 1545 continue(12): "d449d86a9c0257fe9ad52f71"
DBG send Continue packet: 3340 frameNumber: 1545 continue(12): "c2743bb3887cf9c000829d09"
DBG send Continue packet: 3341 frameNumber: 1545 continue(12): "a1aa39afeb61b0dc59857fd3"
DBG send Continue packet: 3342 frameNumber: 1545 continue(12): "38630da2d91c060052807925"
DBG send Continue packet: 3343 frameNumber: 1545 continue(12): "039cf05dc86604a44c00ecc0"
DBG send Continue packet: 3345 frameNumber: 1545 continue(12): "4ff00105e4ade90400008000"
DBG send Continue packet: 3346 frameNumber: 1545 continue(12): "deda439fa26d60284d1eb236"
DBG send Continue packet: 3347 frameNumber: 1545 continue(12): "a35d8ba6da6faa00350143f2"
DBG send Continue packet: 3348 frameNumber: 1545 continue(12): "8fff0011419d0605f080ca5b"
DBG send Continue packet: 3350 frameNumber: 1545 continue(12): "63634006000b287f19d0833f"
DBG send Continue packet: 3351 frameNumber: 1545 continue(12): "3165b4084d0d65282c978ff4"
DBG send Continue packet: 3352 frameNumber: 1545 continue(12): "54510a2e48afffad8d990bf6"
DBG send Continue packet: 3353 frameNumber: 1545 continue(12): "fff9f79f63f0004018402531"
DBG send Continue packet: 3355 frameNumber: 1545 continue(12): "fbfff0ba800e004073c5b503"
DBG send Continue packet: 3356 frameNumber: 1545 continue(12): "a7c6437b45fa33400040000b"
DBG send Continue packet: 3357 frameNumber: 1545 continue(12): "a77094707ffc3d03f58df451"
DBG send Continue packet: 3358 frameNumber: 1545 continue(12): "a00020251de080005c000404"
DBG send Continue packet: 3360 frameNumber: 1545 continue(12): "003375988544bf5345340256"
DBG send Continue packet: 3361 frameNumber: 1545 continue(12): "c09d09e043870cf76b800204"
DBG send Continue packet: 3362 frameNumber: 1545 continue(12): "c4c1545db05f2dacef0c3d00"
DBG send Continue packet: 3363 frameNumber: 1545 continue(12): "5154d1e8751ae3da56118868"
DBG send Continue packet: 3365 frameNumber: 1545 continue(12): "c38001c000103600c97f8003"
DBG send Continue packet: 3366 frameNumber: 1545 continue(12): "f1ccaa417f57830124615862"
DBG send Continue packet: 3367 frameNumber: 1545 continue(12): "b8070644b5144cf88bca1650"
DBG send Continue packet: 3368 frameNumber: 1545 continue(12): "2d0849169e8e9eec452ca452"
DBG send Continue packet: 3370 frameNumber: 1545 continue(12): "7e4401ac7e169be5664cff48"
DBG send Continue packet: 3371 frameNumber: 1545 continue(12): "e1758c31c71a2877ffc0197f"
DBG send Continue packet: 3372 frameNumber: 1545 continue(12): "05651670300c409138b59da6"
DBG send Continue packet: 3373 frameNumber: 1545 continue(12): "72bee00d458900809aeaa6a9"
DBG send Continue packet: 3375 frameNumber: 1545 continue(12): "520121fd68fab7eb14188431"
DBG send Continue packet: 3376 frameNumber: 1545 continue(12): "a64ea451ac3e000040240a4a"
DBG send Continue packet: 3377 frameNumber: 1545 continue(12): "041ecb383100125dc0000805"
DBG send Continue packet: 3378 frameNumber: 1545 continue(12): "1000770469bf5014aa6b9fe1"
DBG send Continue packet: 3380 frameNumber: 1545 continue(12): "c502c423bff4d3ee2d6daef7"
DBG send Continue packet: 3381 frameNumber: 1545 continue(12): "852d77644c0836844c1537c2"
DBG send Continue packet: 3382 frameNumber: 1545 continue(12): "beb2907dfce96f55a0000800"
DBG send Continue packet: 3383 frameNumber: 1545 continue(12): "0002018a0014153f16920907"
DBG send Continue packet: 3385 frameNumber: 1545 continue(12): "e2b470a66770967e60080026"
DBG send Continue packet: 3386 frameNumber: 1545 continue(12): "500042667640001011cfffd0"
DBG send Continue packet: 3387 frameNumber: 1545 continue(12): "d3c3e08061833ca0228e3396"
DBG send Continue packet: 3388 frameNumber: 1545 continue(12): "26326e64af1c3999c3833ce8"
DBG send Continue packet: 3390 frameNumber: 1545 continue(12): "8a31951ac08e6e5fb27ffb80"
DBG send Continue packet: 3391 frameNumber: 1545 continue(12): "022821214f2b84e64d132734"
DBG send Continue packet: 3392 frameNumber: 1545 continue(12): "4a8ea677cd568b7650d6ebd5"
DBG send Continue packet: 3393 frameNumber: 1545 continue(12): "df2e6daa1e804000100b08c3"
DBG send Continue packet: 3395 frameNumber: 1545 continue(12): "0c808c6000211ffe9f2dd5eb"
DBG send Continue packet: 3396 frameNumber: 1545 continue(12): "0287d1c48d6634bbe4fa4b80"
DBG send Continue packet: 3397 frameNumber: 1545 continue(12): "3886bc4f1ff0a34000100b00"
DBG send Continue packet: 3398 frameNumber: 1545 continue(12): "80ca0487a1f000711f338cd5"
DBG send Continue packet: 3400 frameNumber: 1545 continue(12): "0a09053346d2f4ddd643e820"
DBG send Continue packet: 3401 frameNumber: 1545 continue(12): "db50091011306867d18e0d8c"
DBG send Continue packet: 3402 frameNumber: 1545 continue(12): "84bdb26aab4000401800b5a8"
DBG send Continue packet: 3403 frameNumber: 1545 continue(12): "010070001002007cb2000040"
DBG send End packet: 3405 frameNumber: 1545 end(12): "1974d36846811b14c3d4000c"
Sending frame 1546 size: 11 first packet: 3406 firstBytes(hex): "00000001419a20e800cab0"
DBG send Start packet: 3406 frameNumber: 1546 frameSize: 11 start(13): "00000001419a20e800cab000ae"
Sending frame 1547 size: 11 first packet: 3407 firstBytes(hex): "00000001419a405a0032ac"
DBG send Start packet: 3407 frameNumber: 1547 frameSize: 11 start(13): "00000001419a405a0032ac00ae"
Sending frame 1548 size: 11 first packet: 3408 firstBytes(hex): "00000001419a607a0032ac"
DBG send Start packet: 3408 frameNumber: 1548 frameSize: 11 start(13): "00000001419a607a0032ac00ae"
Sending frame 1549 size: 14 first packet: 3410 firstBytes(hex): "00000001419a8026800c99d65130"
DBG send Start packet: 3410 frameNumber: 1549 frameSize: 14 start(13): "00000001419a8026800c99d651"
Sending frame 1550 size: 11 first packet: 3411 firstBytes(hex): "00000001419aa02a800cab"
DBG send Start packet: 3411 frameNumber: 1550 frameSize: 11 start(13): "00000001419aa02a800cab00ae"
Sending frame 1551 size: 38 first packet: 3412 firstBytes(hex): "00000001419ac02e81b7375501addddf0086725d"
DBG send Start packet: 3412 frameNumber: 1551 frameSize: 38 start(13): "00000001419ac02e81b7375501"
Sending frame 1552 size: 92 first packet: 3413 firstBytes(hex): "00000001419ae03280103717da6b69a15d4c9029"
DBG send Start packet: 3413 frameNumber: 1552 frameSize: 92 start(13): "00000001419ae03280103717da"
Sending frame 1553 size: 11 first packet: 3415 firstBytes(hex): "00000001419b0032800cab"
DBG send Start packet: 3415 frameNumber: 1553 frameSize: 11 start(13): "00000001419b0032800cab00ae"
Sending frame 1554 size: 11 first packet: 3416 firstBytes(hex): "00000001419b2032800cab"
DBG send Start packet: 3416 frameNumber: 1554 frameSize: 11 start(13): "00000001419b2032800cab00ae"
Sending frame 1555 size: 11 first packet: 3417 firstBytes(hex): "00000001419b4032800cab"
DBG send Start packet: 3417 frameNumber: 1555 frameSize: 11 start(13): "00000001419b4032800cab00ae"
Sending frame 1556 size: 11 first packet: 3418 firstBytes(hex): "00000001419b6032800cab"
DBG send Start packet: 3418 frameNumber: 1556 frameSize: 11 start(13): "00000001419b6032800cab00ae"
Sending frame 1557 size: 11 first packet: 3420 firstBytes(hex): "00000001419b8032800cab"
DBG send Start packet: 3420 frameNumber: 1557 frameSize: 11 start(13): "00000001419b8032800cab00ae"
Sending frame 1558 size: 11 first packet: 3421 firstBytes(hex): "00000001419ba032800cab"
DBG send Start packet: 3421 frameNumber: 1558 frameSize: 11 start(13): "00000001419ba032800cab00ae"
Sending frame 1559 size: 148 first packet: 3422 firstBytes(hex): "00000001419bc03680299cdd5d72eab010fc977c"
DBG send Start packet: 3422 frameNumber: 1559 frameSize: 148 start(13): "00000001419bc03680299cdd5d"
Sending frame 1560 size: 108864 first packet: 3423 firstBytes(hex): "000000016742c01eda0360f79b84000003000400"
Found NAL unit at offset 0 type: 7 (SPS)
Found NAL unit at offset 28 type: 8 (PPS)
DBG send Start packet: 3423 frameNumber: 1560 frameSize: 108864 start(13): "000000016742c01eda0360f79b"
DBG send Continue packet: 3425 frameNumber: 1560 continue(12): "ffb91f4323945b529cf4e866"
DBG send Continue packet: 3426 frameNumber: 1560 continue(12): "ddc37c6d0adb9dff019c54c1"
DBG send Continue packet: 3427 frameNumber: 1560 continue(12): "2c1062fa63ba15a5efede031"
DBG send Continue packet: 3428 frameNumber: 1560 continue(12): "5f9d26ffd68865a6cf5d5287"
DBG send Continue packet: 3430 frameNumber: 1560 continue(12): "401800a34cbf111a51215db8"
DBG send Continue packet: 3431 frameNumber: 1560 continue(12): "0080b21174824b3d6af3f7a1"
DBG send Continue packet: 3432 frameNumber: 1560 continue(12): "ceaa5650179573e8d37723d6"
DBG send Continue packet: 3433 frameNumber: 1560 continue(12): "afdb2fffdb1681ccdddf5e7b"
DBG send Continue packet: 3435 frameNumber: 1560 continue(12): "73a417f80bbf808000409448"
DBG send Continue packet: 3436 frameNumber: 1560 continue(12): "2fbfa952375b21c167004080"
DBG send Continue packet: 3437 frameNumber: 1560 continue(12): "01c12a26c2d0e4bbd3a68000"
DBG send Continue packet: 3438 frameNumber: 1560 continue(12): "c000080480008044008e3b21"
DBG send Continue packet: 3440 frameNumber: 1560 continue(12): "489b6ab44d00f80038118050"
DBG send Continue packet: 3441 frameNumber: 1560 continue(12): "94df000a6c889865ec321ad0"
DBG send Continue packet: 3442 frameNumber: 1560 continue(12): "cd1e1562a6924b94e31a4dc0"
DBG send Continue packet: 3443 frameNumber: 1560 continue(12): "068a0be25623d57a602d8f00"
DBG send Continue packet: 3445 frameNumber: 1560 continue(12): "00cc04069b7c8943d9bd089a"
DBG send Continue packet: 3446 frameNumber: 1560 continue(12): "f02737e91a6e12f061b859eb"
DBG send Continue packet: 3447 frameNumber: 1560 continue(12): "960d7dcf6749577371bf5faf"
DBG send Continue packet: 3448 frameNumber: 1560 continue(12): "88e5a4ba144ea9961d718010"
DBG send Continue packet: 3450 frameNumber: 1560 continue(12): "9f08d2970fbff80407801cc1"
DBG send Continue packet: 3451 frameNumber: 1560 continue(12): "5f80c37864384fc45c37b76f"
DBG send Continue packet: 3452 frameNumber: 1560 continue(12): "7124c60feb5bfcf88b7af9fb"
DBG send Continue packet: 3453 frameNumber: 1560 continue(12): "dca254cc965cfefad007700c"
DBG send Continue packet: 3455 frameNumber: 1560 continue(12): "4c5748d20cd520b65c0a9012"
DBG send Continue packet: 3456 frameNumber: 1560 continue(12): "651762b0d3195fa3a1f71043"
DBG send Continue packet: 3457 frameNumber: 1560 continue(12): "00180100b85d9e44c43e686e"
DBG send Continue packet: 3458 frameNumber: 1560 continue(12): "22660c893fffa01940cec489"
DBG send Continue packet: 3460 frameNumber: 1560 continue(12): "c29425cd11e9741ec0d19cfa"
DBG send Continue packet: 3461 frameNumber: 1560 continue(12): "fedffc18004580519201c4f6"
DBG send Continue packet: 3462 frameNumber: 1560 continue(12): "2166567f8084dbed65a22b78"
DBG send Continue packet: 3463 frameNumber: 1560 continue(12): "9118006a4f86afffad80a69b"
DBG send Continue packet: 3465 frameNumber: 1560 continue(12): "1c21810558d9f17e8853d0de"
DBG send Continue packet: 3466 frameNumber: 1560 continue(12): "3a9770000200c1fac050fa24"
DBG send Continue packet: 3467 frameNumber: 1560 continue(12): "f001bbbcbbcb8149a671af81"
DBG send Continue packet: 3468 frameNumber: 1560 continue(12): "5294a060d28480f09812c3c6"
DBG send Continue packet: 3470 frameNumber: 1560 continue(12): "891a5532d25189ef012001e0"
DBG send Continue packet: 3471 frameNumber: 1560 continue(12): "92671d800400401da9213128"
DBG send Continue packet: 3472 frameNumber: 1560 continue(12): "580943512761aa70095ffa6b"
DBG send Continue packet: 3473 frameNumber: 1560 continue(12): "1ca11709d0eece21f3e70002"
DBG send Continue packet: 3475 frameNumber: 1560 continue(12): "3f0dca86a8e6bfad86c37166"
DBG send Continue packet: 3476 frameNumber: 1560 continue(12): "843978e18c368b647018014a"
DBG send Continue packet: 3477 frameNumber: 1560 continue(12): "0105c00e73c1772198129130"
DBG send Continue packet: 3478 frameNumber: 1560 continue(12): "e5a2713fc0041792b7a41000"
DBG send Continue packet: 3480 frameNumber: 1560 continue(12): "4c5942b77b690e7e89b580a1"
DBG send Continue packet: 3481 frameNumber: 1560 continue(12): "a88079ae8d762e9b69bea800"
DBG send Continue packet: 3482 frameNumber: 1560 continue(12): "aaa1990a3ffc004506741817"
DBG send Continue packet: 3483 frameNumber: 1560 continue(12): "060c8c198d8d0018002ca1fc"
DBG send Continue packet: 3485 frameNumber: 1560 continue(12): "b10efbc8c596d021343594a0"
DBG send Continue packet: 3486 frameNumber: 1560 continue(12): "cb769efd514428b922bffeb6"
DBG send Continue packet: 3487 frameNumber: 1560 continue(12): "e021cb97ffe7de7d8fc00100"
DBG send Continue packet: 3488 frameNumber: 1560 continue(12): "df3cd67befffc2ea00380101"
DBG send Continue packet: 3490 frameNumber: 1560 continue(12): "02226e165e9f190ded17e8cd"
DBG send Continue packet: 3491 frameNumber: 1560 continue(12): "21150a0bf69dc251c1fff0f4"
DBG send Continue packet: 3492 frameNumber: 1560 continue(12): "2959801d9680008094778200"
DBG send Continue packet: 3493 frameNumber: 1560 continue(12): "5af000101000cdd6621512fd"
DBG send Continue packet: 3495 frameNumber: 1560 continue(12): "6a54501043027427810e1c33"
DBG send Continue packet: 3496 frameNumber: 1560 continue(12): "150007f00313055176c17cb6"
DBG send Continue packet: 3497 frameNumber: 1560 continue(12): "e215ddedb1455347a1d46b8f"
DBG send Continue packet: 3498 frameNumber: 1560 continue(12): "0081b0064b0e0007000040d8"
DBG send Continue packet: 3500 frameNumber: 1560 continue(12): "a81b009c93c732a905fd5e0c"
DBG send Continue packet: 3501 frameNumber: 1560 continue(12): "add56e49eee01c1912d45133"
DBG send Continue packet: 3502 frameNumber: 1560 continue(12): "88de5fff88b421245a7a3a7b"
DBG send Continue packet: 3503 frameNumber: 1560 continue(12): "1129c1b4a9f91006b1f85a6f"
DBG send Continue packet: 3505 frameNumber: 1560 continue(12): "d6d477d6cb85d630c71c68a1"
DBG send Continue packet: 3506 frameNumber: 1560 continue(12): "1750b056ec159459c0c03102"
DBG send Continue packet: 3507 frameNumber: 1560 continue(12): "9a92491895cafb8035162402"
DBG send Continue packet: 3508 frameNumber: 1560 continue(12): "9027970101480487f5a3eadf"
DBG send Continue packet: 3510 frameNumber: 1560 continue(12): "2ea07e68f6993a9146b0f800"
DBG send Continue packet: 3511 frameNumber: 1560 continue(12): "cb000e1030107b2ce0c40049"
DBG send Continue packet: 3512 frameNumber: 1560 continue(12): "2f1e418d244001dc11a6fd40"
DBG send Continue packet: 3513 frameNumber: 1560 continue(12): "a37dfd43e3140b108effd34f"
DBG send Continue packet: 3515 frameNumber: 1560 continue(12): "e8af800d5a14b5dd913020da"
DBG send Continue packet: 3516 frameNumber: 1560 continue(12): "04c0043876faca41f7f3a5bd"
DBG send Continue packet: 3517 frameNumber: 1560 continue(12): "44b7feb7c000080628005054"
DBG send Continue packet: 3518 frameNumber: 1560 continue(12): "2ea3fb061bbb8ad1c2999dc2"
DBG send Continue packet: 3520 frameNumber: 1560 continue(12): "702a37c7f85d40010999d900"
DBG send Continue packet: 3521 frameNumber: 1560 continue(12): "11504b61c5234f0f8201860c"
DBG send Continue packet: 3522 frameNumber: 1560 continue(12): "fbb34523447898c9b992bc70"
DBG send Continue packet: 3523 frameNumber: 1560 continue(12): "80002016028a28c6546b0239"
DBG send Continue packet: 3525 frameNumber: 1560 continue(12): "0d2730bffb8808a084853cae"
DBG send Continue packet: 3526 frameNumber: 1560 continue(12): "1739a098a55d2a3a99df355a"
DBG send Continue packet: 3527 frameNumber: 1560 continue(12): "02ba742b7d577cb9b6a87a01"
DBG send Continue packet: 3528 frameNumber: 1560 continue(12): "315016689234320231800084"
DBG send Continue packet: 3530 frameNumber: 1560 continue(12): "12dc000080300a1f47123598"
DBG send Continue packet: 3531 frameNumber: 1560 continue(12): "29c383ec08b8e21af13c7fc2"
DBG send Continue packet: 3532 frameNumber: 1560 continue(12): "c7411d341f5a0328121e87c0"
DBG send Continue packet: 3533 frameNumber: 1560 continue(12): "24cbf80013a8282414cd1b4b"
DBG send Continue packet: 3535 frameNumber: 1560 continue(12): "3846dd34f0036d40244044c1"
DBG send Continue packet: 3536 frameNumber: 1560 continue(12): "a9040400020212f6c9aaad00"
DBG send Continue packet: 3537 frameNumber: 1560 continue(12): "e87a147620000401c0004008"
DBG send End packet: 3538 frameNumber: 1560 end(12): "1015000478a865d34da11a04"
StreamerWidget: Sent frame 1560 for stream "QGZMKE"
Sending frame 1561 size: 11 first packet: 3540 firstBytes(hex): "00000001419a20e800cab0"
DBG send Start packet: 3540 frameNumber: 1561 frameSize: 11 start(13): "00000001419a20e800cab000ae"
Sending frame 1562 size: 11 first packet: 3541 firstBytes(hex): "00000001419a405a0032ac"
DBG send Start packet: 3541 frameNumber: 1562 frameSize: 11 start(13): "00000001419a405a0032ac00ae"
Sending frame 1563 size: 11 first packet: 3542 firstBytes(hex): "00000001419a607a0032ac"
DBG send Start packet: 3542 frameNumber: 1563 frameSize: 11 start(13): "00000001419a607a0032ac00ae"
Sending frame 1564 size: 14 first packet: 3543 firstBytes(hex): "00000001419a8026800c99d65130"
DBG send Start packet: 3543 frameNumber: 1564 frameSize: 14 start(13): "00000001419a8026800c99d651"
Sending frame 1565 size: 11 first packet: 3545 firstBytes(hex): "00000001419aa02a800cab"
DBG send Start packet: 3545 frameNumber: 1565 frameSize: 11 start(13): "00000001419aa02a800cab00ae"
Sending frame 1566 size: 38 first packet: 3546 firstBytes(hex): "00000001419ac02e81b7375501addddf0086725d"
DBG send Start packet: 3546 frameNumber: 1566 frameSize: 38 start(13): "00000001419ac02e81b7375501"
Sending frame 1567 size: 92 first packet: 3547 firstBytes(hex): "00000001419ae03280103717da6b69a15d4c9029"
DBG send Start packet: 3547 frameNumber: 1567 frameSize: 92 start(13): "00000001419ae03280103717da"
Sending frame 1568 size: 11 first packet: 3548 firstBytes(hex): "00000001419b0032800cab"
DBG send Start packet: 3548 frameNumber: 1568 frameSize: 11 start(13): "00000001419b0032800cab00ae"
Sending frame 1569 size: 11 first packet: 3550 firstBytes(hex): "00000001419b2032800cab"
DBG send Start packet: 3550 frameNumber: 1569 frameSize: 11 start(13): "00000001419b2032800cab00ae"
Sending frame 1570 size: 11 first packet: 3551 firstBytes(hex): "00000001419b4032800cab"
DBG send Start packet: 3551 frameNumber: 1570 frameSize: 11 start(13): "00000001419b4032800cab00ae"
Sending frame 1571 size: 11 first packet: 3552 firstBytes(hex): "00000001419b6032800cab"
DBG send Start packet: 3552 frameNumber: 1571 frameSize: 11 start(13): "00000001419b6032800cab0000"
Sending frame 1572 size: 11 first packet: 3553 firstBytes(hex): "00000001419b8032800cab"
DBG send Start packet: 3553 frameNumber: 1572 frameSize: 11 start(13): "00000001419b8032800cab00ae"
Sending frame 1573 size: 11 first packet: 3555 firstBytes(hex): "00000001419ba032800cab"
DBG send Start packet: 3555 frameNumber: 1573 frameSize: 11 start(13): "00000001419ba032800cab0038"
Sending frame 1574 size: 148 first packet: 3556 firstBytes(hex): "00000001419bc03680299cdd5d72eab010fc977c"
DBG send Start packet: 3556 frameNumber: 1574 frameSize: 148 start(13): "00000001419bc03680299cdd5d"
Sending frame 1575 size: 108858 first packet: 3557 firstBytes(hex): "000000016742c01eda0360f79b84000003000400"
Found NAL unit at offset 0 type: 7 (SPS)
Found NAL unit at offset 28 type: 8 (PPS)
DBG send Start packet: 3557 frameNumber: 1575 frameSize: 108858 start(13): "000000016742c01eda0360f79b"
DBG send Continue packet: 3558 frameNumber: 1575 continue(12): "ffee47d0c8e516d4a73d3a19"
DBG send Continue packet: 3560 frameNumber: 1575 continue(12): "3770df1b42b6e77fc0671530"
DBG send Continue packet: 3561 frameNumber: 1575 continue(12): "8b0418be98ee85697bfb780c"
DBG send Continue packet: 3562 frameNumber: 1575 continue(12): "97e749bff5a21969b3d754a1"
DBG send Continue packet: 3563 frameNumber: 1575 continue(12): "d0060028d32fc4469448576e"
DBG send Continue packet: 3565 frameNumber: 1575 continue(12): "00202c845d2092cf5abcfde8"
DBG send Continue packet: 3566 frameNumber: 1575 continue(12): "f3aa959405e55cfa34ddc8f5"
DBG send Continue packet: 3567 frameNumber: 1575 continue(12): "f6cbfff6c5a0733777d79ed2"
DBG send Continue packet: 3568 frameNumber: 1575 continue(12): "e905fe02efe0200010251224"
DBG send Continue packet: 3570 frameNumber: 1575 continue(12): "efea548dd6c87059c0102000"
DBG send Continue packet: 3571 frameNumber: 1575 continue(12): "704a89b0b4392ef4e9a00008"
DBG send Continue packet: 3572 frameNumber: 1575 continue(12): "0002012000201100238ec872"
DBG send Continue packet: 3573 frameNumber: 1575 continue(12): "26daad13403e000e04601418"
DBG send Continue packet: 3575 frameNumber: 1575 continue(12): "37c0029b2226197b0c86b43f"
DBG send Continue packet: 3576 frameNumber: 1575 continue(12): "478558a9a492e538c6937000"
DBG send Continue packet: 3577 frameNumber: 1575 continue(12): "a282f89588f55e980b63c000"
DBG send Continue packet: 3578 frameNumber: 1575 continue(12): "330101a6df2250f66f42269f"
DBG send Continue packet: 3580 frameNumber: 1575 continue(12): "09cdfa469b84bc186e167aef"
DBG send Continue packet: 3581 frameNumber: 1575 continue(12): "835f73d9d255dcdc6fd7ebce"
DBG send Continue packet: 3582 frameNumber: 1575 continue(12): "39692e8513aa65875c600400"
DBG send Continue packet: 3583 frameNumber: 1575 continue(12): "c234a5c3effe0101e007305c"
DBG send Continue packet: 3585 frameNumber: 1575 continue(12): "e030de190e13f1170deddbe7"
DBG send Continue packet: 3586 frameNumber: 1575 continue(12): "493183fad6ff3e22debe7ed2"
DBG send Continue packet: 3587 frameNumber: 1575 continue(12): "28953325973fbeb401dc030d"
DBG send Continue packet: 3588 frameNumber: 1575 continue(12): "d2348335482d9702a404817a"
DBG send Continue packet: 3590 frameNumber: 1575 continue(12): "d8ac34c657e8e87dc410de48"
DBG send Continue packet: 3591 frameNumber: 1575 continue(12): "00402e176791310f9a1bb168"
DBG send Continue packet: 3592 frameNumber: 1575 continue(12): "83224fffe8065033b12269b8"
DBG send Continue packet: 3593 frameNumber: 1575 continue(12): "0973447a5d07b034673eae20"
DBG send Continue packet: 3595 frameNumber: 1575 continue(12): "ff06001160146480713da43e"
DBG send Continue packet: 3596 frameNumber: 1575 continue(12): "959fe02136fb59688ade0200"
DBG send Continue packet: 3597 frameNumber: 1575 continue(12): "001a93e1abffeb6029a6c144"
DBG send Continue packet: 3598 frameNumber: 1575 continue(12): "604156367c5fa214f437949b"
DBG send Continue packet: 3600 frameNumber: 1575 continue(12): "dc000080307eb0143e891337"
DBG send Continue packet: 3601 frameNumber: 1575 continue(12): "ef2ef2e052699c6be0740004"
DBG send Continue packet: 3602 frameNumber: 1575 continue(12): "1834a1203c2604b0f19e22d8"
DBG send Continue packet: 3603 frameNumber: 1575 continue(12): "4cb494627bc048007833961b"
DBG send Continue packet: 3605 frameNumber: 1575 continue(12): "60010010076a484c4a3d2fc3"
DBG send Continue packet: 3606 frameNumber: 1575 continue(12): "d449d86a9c0257fe9ad52f71"
DBG send Continue packet: 3607 frameNumber: 1575 continue(12): "c2743bb3887cf9c000829d09"
DBG send Continue packet: 3608 frameNumber: 1575 continue(12): "a1aa39afeb61b0dc59857fd3"
DBG send Continue packet: 3610 frameNumber: 1575 continue(12): "38630da2d91c060052807925"
DBG send Continue packet: 3611 frameNumber: 1575 continue(12): "039cf05dc86604a44c00ecc0"
DBG send Continue packet: 3612 frameNumber: 1575 continue(12): "4ff00105e4ade90400008000"
DBG send Continue packet: 3613 frameNumber: 1575 continue(12): "deda439fa26d60284d1eb236"
DBG send Continue packet: 3615 frameNumber: 1575 continue(12): "a35d8ba6da6faa00350143f2"
DBG send Continue packet: 3616 frameNumber: 1575 continue(12): "8fff0011419d0605f080ca5b"
DBG send Continue packet: 3617 frameNumber: 1575 continue(12): "63634006000b287f19d0833f"
DBG send Continue packet: 3618 frameNumber: 1575 continue(12): "3165b4084d0d65282c978ff4"
DBG send Continue packet: 3620 frameNumber: 1575 continue(12): "54510a2e48afffad8d990bf6"
DBG send Continue packet: 3621 frameNumber: 1575 continue(12): "fff9f79f63f0004018402531"
DBG send Continue packet: 3622 frameNumber: 1575 continue(12): "fbfff0ba800e004073c5b503"
DBG send Continue packet: 3623 frameNumber: 1575 continue(12): "a7c6437b45fa33400040000b"
DBG send Continue packet: 3625 frameNumber: 1575 continue(12): "a77094707ffc3d03f58df451"
DBG send Continue packet: 3626 frameNumber: 1575 continue(12): "a00020251de080005c000404"
DBG send Continue packet: 3627 frameNumber: 1575 continue(12): "003375988544bf5345340256"
DBG send Continue packet: 3628 frameNumber: 1575 continue(12): "c09d09e043870cf76b800204"
DBG send Continue packet: 3630 frameNumber: 1575 continue(12): "c4c1545db05f2dacef0c3d00"
DBG send Continue packet: 3631 frameNumber: 1575 continue(12): "5154d1e8751ae3da56118868"
DBG send Continue packet: 3632 frameNumber: 1575 continue(12): "c38001c000103600c97f8003"
DBG send Continue packet: 3633 frameNumber: 1575 continue(12): "f1ccaa417f57830124615862"
DBG send Continue packet: 3635 frameNumber: 1575 continue(12): "b8070644b5144cf88bca1650"
DBG send Continue packet: 3636 frameNumber: 1575 continue(12): "2d0849169e8e9eec452ca452"
DBG send Continue packet: 3637 frameNumber: 1575 continue(12): "7e4401ac7e169be5664cff48"
DBG send Continue packet: 3638 frameNumber: 1575 continue(12): "e1758c31c71a2877ffc0197f"
DBG send Continue packet: 3640 frameNumber: 1575 continue(12): "05651670300c409138b59da6"
DBG send Continue packet: 3641 frameNumber: 1575 continue(12): "72bee00d458900809aeaa6a9"
DBG send Continue packet: 3642 frameNumber: 1575 continue(12): "520121fd68fab7eb14188431"
DBG send Continue packet: 3643 frameNumber: 1575 continue(12): "a64ea451ac3e000040240a4a"
DBG send Continue packet: 3645 frameNumber: 1575 continue(12): "041ecb383100125dc0000805"
DBG send Continue packet: 3646 frameNumber: 1575 continue(12): "1000770469bf5014aa6b9fe1"
DBG send Continue packet: 3647 frameNumber: 1575 continue(12): "c502c423bff4d3ee2d6daef7"
DBG send Continue packet: 3648 frameNumber: 1575 continue(12): "852d77644c0836844c1537c2"
DBG send Continue packet: 3650 frameNumber: 1575 continue(12): "beb2907dfce96f55a0000800"
DBG send Continue packet: 3651 frameNumber: 1575 continue(12): "0002018a0014153f16920907"
DBG send Continue packet: 3652 frameNumber: 1575 continue(12): "e2b470a66770967e60080026"
DBG send Continue packet: 3653 frameNumber: 1575 continue(12): "500042667640001011cfffd0"
DBG send Continue packet: 3655 frameNumber: 1575 continue(12): "d3c3e08061833ca0228e3396"
DBG send Continue packet: 3656 frameNumber: 1575 continue(12): "26326e64af1c3999c3833ce8"
DBG send Continue packet: 3657 frameNumber: 1575 continue(12): "8a31951ac08e6e5fb27ffb80"
DBG send Continue packet: 3658 frameNumber: 1575 continue(12): "022821214f2b84e64d132734"
DBG send Continue packet: 3660 frameNumber: 1575 continue(12): "4a8ea677cd568b7650d6ebd5"
DBG send Continue packet: 3661 frameNumber: 1575 continue(12): "df2e6daa1e804000100b08c3"
DBG send Continue packet: 3662 frameNumber: 1575 continue(12): "0c808c6000211ffe9f2dd5eb"
DBG send Continue packet: 3663 frameNumber: 1575 continue(12): "0287d1c48d6634bbe4fa4b80"
DBG send Continue packet: 3665 frameNumber: 1575 continue(12): "3886bc4f1ff0a34000100b00"
DBG send Continue packet: 3666 frameNumber: 1575 continue(12): "80ca0487a1f000711f338cd5"
DBG send Continue packet: 3667 frameNumber: 1575 continue(12): "0a09053346d2f4ddd643e820"
DBG send Continue packet: 3668 frameNumber: 1575 continue(12): "db50091011306867d18e0d8c"
DBG send Continue packet: 3670 frameNumber: 1575 continue(12): "84bdb26aab4000401800b5a8"
DBG send Continue packet: 3671 frameNumber: 1575 continue(12): "010070001002007cb2000040"
DBG send End packet: 3672 frameNumber: 1575 end(12): "1974d36846811b14c3d4000c"
Sending frame 1576 size: 11 first packet: 3673 firstBytes(hex): "00000001419a20e800cab0"
DBG send Start packet: 3673 frameNumber: 1576 frameSize: 11 start(13): "00000001419a20e800cab000ae"
Sending frame 1577 size: 11 first packet: 3675 firstBytes(hex): "00000001419a405a0032ac"
DBG send Start packet: 3675 frameNumber: 1577 frameSize: 11 start(13): "00000001419a405a0032ac00ae"
Sending frame 1578 size: 11 first packet: 3676 firstBytes(hex): "00000001419a607a0032ac"
DBG send Start packet: 3676 frameNumber: 1578 frameSize: 11 start(13): "00000001419a607a0032ac00ae"
Sending frame 1579 size: 14 first packet: 3677 firstBytes(hex): "00000001419a8026800c99d65130"
DBG send Start packet: 3677 frameNumber: 1579 frameSize: 14 start(13): "00000001419a8026800c99d651"
Sending frame 1580 size: 11 first packet: 3678 firstBytes(hex): "00000001419aa02a800cab"
DBG send Start packet: 3678 frameNumber: 1580 frameSize: 11 start(13): "00000001419aa02a800cab00ae"
Sending frame 1581 size: 38 first packet: 3680 firstBytes(hex): "00000001419ac02e81b7375501addddf0086725d"
DBG send Start packet: 3680 frameNumber: 1581 frameSize: 38 start(13): "00000001419ac02e81b7375501"
Sending frame 1582 size: 92 first packet: 3681 firstBytes(hex): "00000001419ae03280103717da6b69a15d4c9029"
DBG send Start packet: 3681 frameNumber: 1582 frameSize: 92 start(13): "00000001419ae03280103717da"
Sending frame 1583 size: 11 first packet: 3682 firstBytes(hex): "00000001419b0032800cab"
DBG send Start packet: 3682 frameNumber: 1583 frameSize: 11 start(13): "00000001419b0032800cab00ae"
Sending frame 1584 size: 11 first packet: 3683 firstBytes(hex): "00000001419b2032800cab"
DBG send Start packet: 3683 frameNumber: 1584 frameSize: 11 start(13): "00000001419b2032800cab00ae"
Sending frame 1585 size: 11 first packet: 3685 firstBytes(hex): "00000001419b4032800cab"
DBG send Start packet: 3685 frameNumber: 1585 frameSize: 11 start(13): "00000001419b4032800cab00ae"
Sending frame 1586 size: 11 first packet: 3686 firstBytes(hex): "00000001419b6032800cab"
DBG send Start packet: 3686 frameNumber: 1586 frameSize: 11 start(13): "00000001419b6032800cab00ae"
Sending frame 1587 size: 11 first packet: 3687 firstBytes(hex): "00000001419b8032800cab"
DBG send Start packet: 3687 frameNumber: 1587 frameSize: 11 start(13): "00000001419b8032800cab00ae"
Sending frame 1588 size: 11 first packet: 3688 firstBytes(hex): "00000001419ba032800cab"
DBG send Start packet: 3688 frameNumber: 1588 frameSize: 11 start(13): "00000001419ba032800cab00ae"
Sending frame 1589 size: 148 first packet: 3690 firstBytes(hex): "00000001419bc03680299cdd5d72eab010fc977c"
DBG send Start packet: 3690 frameNumber: 1589 frameSize: 148 start(13): "00000001419bc03680299cdd5d"
Sending frame 1590 size: 108864 first packet: 3691 firstBytes(hex): "000000016742c01eda0360f79b84000003000400"
Found NAL unit at offset 0 type: 7 (SPS)
Found NAL unit at offset 28 type: 8 (PPS)
DBG send Start packet: 3691 frameNumber: 1590 frameSize: 108864 start(13): "000000016742c01eda0360f79b"
DBG send Continue packet: 3692 frameNumber: 1590 continue(12): "ffb91f4323945b529cf4e866"
DBG send Continue packet: 3693 frameNumber: 1590 continue(12): "ddc37c6d0adb9dff019c54c1"
DBG send Continue packet: 3695 frameNumber: 1590 continue(12): "2c1062fa63ba15a5efede031"
DBG send Continue packet: 3696 frameNumber: 1590 continue(12): "5f9d26ffd68865a6cf5d5287"
DBG send Continue packet: 3697 frameNumber: 1590 continue(12): "401800a34cbf111a51215db8"
DBG send Continue packet: 3698 frameNumber: 1590 continue(12): "0080b21174824b3d6af3f7a1"
DBG send Continue packet: 3700 frameNumber: 1590 continue(12): "ceaa5650179573e8d37723d6"
DBG send Continue packet: 3701 frameNumber: 1590 continue(12): "afdb2fffdb1681ccdddf5e7b"
DBG send Continue packet: 3702 frameNumber: 1590 continue(12): "73a417f80bbf808000409448"
DBG send Continue packet: 3703 frameNumber: 1590 continue(12): "2fbfa952375b21c167004080"
DBG send Continue packet: 3705 frameNumber: 1590 continue(12): "01c12a26c2d0e4bbd3a68000"
DBG send Continue packet: 3706 frameNumber: 1590 continue(12): "c000080480008044008e3b21"
DBG send Continue packet: 3707 frameNumber: 1590 continue(12): "489b6ab44d00f80038118050"
DBG send Continue packet: 3708 frameNumber: 1590 continue(12): "94df000a6c889865ec321ad0"
DBG send Continue packet: 3710 frameNumber: 1590 continue(12): "cd1e1562a6924b94e31a4dc0"
DBG send Continue packet: 3711 frameNumber: 1590 continue(12): "068a0be25623d57a602d8f00"
DBG send Continue packet: 3712 frameNumber: 1590 continue(12): "00cc04069b7c8943d9bd089a"
DBG send Continue packet: 3713 frameNumber: 1590 continue(12): "f02737e91a6e12f061b859eb"
DBG send Continue packet: 3715 frameNumber: 1590 continue(12): "960d7dcf6749577371bf5faf"
DBG send Continue packet: 3716 frameNumber: 1590 continue(12): "88e5a4ba144ea9961d718010"
DBG send Continue packet: 3717 frameNumber: 1590 continue(12): "9f08d2970fbff80407801cc1"
DBG send Continue packet: 3718 frameNumber: 1590 continue(12): "5f80c37864384fc45c37b76f"
DBG send Continue packet: 3720 frameNumber: 1590 continue(12): "7124c60feb5bfcf88b7af9fb"
DBG send Continue packet: 3721 frameNumber: 1590 continue(12): "dca254cc965cfefad007700c"
DBG send Continue packet: 3722 frameNumber: 1590 continue(12): "4c5748d20cd520b65c0a9012"
DBG send Continue packet: 3723 frameNumber: 1590 continue(12): "651762b0d3195fa3a1f71043"
DBG send Continue packet: 3725 frameNumber: 1590 continue(12): "00180100b85d9e44c43e686e"
DBG send Continue packet: 3726 frameNumber: 1590 continue(12): "22660c893fffa01940cec489"
DBG send Continue packet: 3727 frameNumber: 1590 continue(12): "c29425cd11e9741ec0d19cfa"
DBG send Continue packet: 3728 frameNumber: 1590 continue(12): "fedffc18004580519201c4f6"
DBG send Continue packet: 3730 frameNumber: 1590 continue(12): "2166567f8084dbed65a22b78"
DBG send Continue packet: 3731 frameNumber: 1590 continue(12): "9118006a4f86afffad80a69b"
DBG send Continue packet: 3732 frameNumber: 1590 continue(12): "1c21810558d9f17e8853d0de"
DBG send Continue packet: 3733 frameNumber: 1590 continue(12): "3a9770000200c1fac050fa24"
DBG send Continue packet: 3735 frameNumber: 1590 continue(12): "f001bbbcbbcb8149a671af81"
DBG send Continue packet: 3736 frameNumber: 1590 continue(12): "5294a060d28480f09812c3c6"
DBG send Continue packet: 3737 frameNumber: 1590 continue(12): "891a5532d25189ef012001e0"
DBG send Continue packet: 3738 frameNumber: 1590 continue(12): "92671d800400401da9213128"
DBG send Continue packet: 3740 frameNumber: 1590 continue(12): "580943512761aa70095ffa6b"
DBG send Continue packet: 3741 frameNumber: 1590 continue(12): "1ca11709d0eece21f3e70002"
DBG send Continue packet: 3742 frameNumber: 1590 continue(12): "3f0dca86a8e6bfad86c37166"
DBG send Continue packet: 3743 frameNumber: 1590 continue(12): "843978e18c368b647018014a"
DBG send Continue packet: 3745 frameNumber: 1590 continue(12): "0105c00e73c1772198129130"
DBG send Continue packet: 3746 frameNumber: 1590 continue(12): "e5a2713fc0041792b7a41000"
DBG send Continue packet: 3747 frameNumber: 1590 continue(12): "4c5942b77b690e7e89b580a1"
DBG send Continue packet: 3748 frameNumber: 1590 continue(12): "a88079ae8d762e9b69bea800"
DBG send Continue packet: 3750 frameNumber: 1590 continue(12): "aaa1990a3ffc004506741817"
DBG send Continue packet: 3751 frameNumber: 1590 continue(12): "060c8c198d8d0018002ca1fc"
DBG send Continue packet: 3752 frameNumber: 1590 continue(12): "b10efbc8c596d021343594a0"
DBG send Continue packet: 3753 frameNumber: 1590 continue(12): "cb769efd514428b922bffeb6"
DBG send Continue packet: 3755 frameNumber: 1590 continue(12): "e021cb97ffe7de7d8fc00100"
DBG send Continue packet: 3756 frameNumber: 1590 continue(12): "df3cd67befffc2ea00380101"
DBG send Continue packet: 3757 frameNumber: 1590 continue(12): "02226e165e9f190ded17e8cd"
DBG send Continue packet: 3758 frameNumber: 1590 continue(12): "21150a0bf69dc251c1fff0f4"
DBG send Continue packet: 3760 frameNumber: 1590 continue(12): "2959801d9680008094778200"
DBG send Continue packet: 3761 frameNumber: 1590 continue(12): "5af000101000cdd6621512fd"
DBG send Continue packet: 3762 frameNumber: 1590 continue(12): "6a54501043027427810e1c33"
DBG send Continue packet: 3763 frameNumber: 1590 continue(12): "150007f00313055176c17cb6"
DBG send Continue packet: 3765 frameNumber: 1590 continue(12): "e215ddedb1455347a1d46b8f"
DBG send Continue packet: 3766 frameNumber: 1590 continue(12): "0081b0064b0e0007000040d8"
DBG send Continue packet: 3767 frameNumber: 1590 continue(12): "a81b009c93c732a905fd5e0c"
DBG send Continue packet: 3768 frameNumber: 1590 continue(12): "add56e49eee01c1912d45133"
DBG send Continue packet: 3770 frameNumber: 1590 continue(12): "88de5fff88b421245a7a3a7b"
DBG send Continue packet: 3771 frameNumber: 1590 continue(12): "1129c1b4a9f91006b1f85a6f"
DBG send Continue packet: 3772 frameNumber: 1590 continue(12): "d6d477d6cb85d630c71c68a1"
DBG send Continue packet: 3773 frameNumber: 1590 continue(12): "1750b056ec159459c0c03102"
DBG send Continue packet: 3775 frameNumber: 1590 continue(12): "9a92491895cafb8035162402"
DBG send Continue packet: 3776 frameNumber: 1590 continue(12): "9027970101480487f5a3eadf"
DBG send Continue packet: 3777 frameNumber: 1590 continue(12): "2ea07e68f6993a9146b0f800"
DBG send Continue packet: 3778 frameNumber: 1590 continue(12): "cb000e1030107b2ce0c40049"
DBG send Continue packet: 3780 frameNumber: 1590 continue(12): "2f1e418d244001dc11a6fd40"
DBG send Continue packet: 3781 frameNumber: 1590 continue(12): "a37dfd43e3140b108effd34f"
DBG send Continue packet: 3782 frameNumber: 1590 continue(12): "e8af800d5a14b5dd913020da"
DBG send Continue packet: 3783 frameNumber: 1590 continue(12): "04c0043876faca41f7f3a5bd"
DBG send Continue packet: 3785 frameNumber: 1590 continue(12): "44b7feb7c000080628005054"
DBG send Continue packet: 3786 frameNumber: 1590 continue(12): "2ea3fb061bbb8ad1c2999dc2"
DBG send Continue packet: 3787 frameNumber: 1590 continue(12): "702a37c7f85d40010999d900"
DBG send Continue packet: 3788 frameNumber: 1590 continue(12): "11504b61c5234f0f8201860c"
DBG send Continue packet: 3790 frameNumber: 1590 continue(12): "fbb34523447898c9b992bc70"
DBG send Continue packet: 3791 frameNumber: 1590 continue(12): "80002016028a28c6546b0239"
DBG send Continue packet: 3792 frameNumber: 1590 continue(12): "0d2730bffb8808a084853cae"
DBG send Continue packet: 3793 frameNumber: 1590 continue(12): "1739a098a55d2a3a99df355a"
DBG send Continue packet: 3795 frameNumber: 1590 continue(12): "02ba742b7d577cb9b6a87a01"
DBG send Continue packet: 3796 frameNumber: 1590 continue(12): "315016689234320231800084"
DBG send Continue packet: 3797 frameNumber: 1590 continue(12): "12dc000080300a1f47123598"
DBG send Continue packet: 3798 frameNumber: 1590 continue(12): "29c383ec08b8e21af13c7fc2"
DBG send Continue packet: 3800 frameNumber: 1590 continue(12): "c7411d341f5a0328121e87c0"
DBG send Continue packet: 3801 frameNumber: 1590 continue(12): "24cbf80013a8282414cd1b4b"
DBG send Continue packet: 3802 frameNumber: 1590 continue(12): "3846dd34f0036d40244044c1"
DBG send Continue packet: 3803 frameNumber: 1590 continue(12): "a9040400020212f6c9aaad00"
DBG send Continue packet: 3805 frameNumber: 1590 continue(12): "e87a147620000401c0004008"
DBG send End packet: 3806 frameNumber: 1590 end(12): "1015000478a865d34da11a04"
StreamerWidget: Sent frame 1590 for stream "QGZMKE"
Sending frame 1591 size: 11 first packet: 3807 firstBytes(hex): "00000001419a20e800cab0"
DBG send Start packet: 3807 frameNumber: 1591 frameSize: 11 start(13): "00000001419a20e800cab000ae"
Sending frame 1592 size: 11 first packet: 3808 firstBytes(hex): "00000001419a405a0032ac"
DBG send Start packet: 3808 frameNumber: 1592 frameSize: 11 start(13): "00000001419a405a0032ac0000"
Sending frame 1593 size: 11 first packet: 3810 firstBytes(hex): "00000001419a607a0032ac"
DBG send Start packet: 3810 frameNumber: 1593 frameSize: 11 start(13): "00000001419a607a0032ac00ae"
Sending frame 1594 size: 14 first packet: 3811 firstBytes(hex): "00000001419a8026800c99d65130"
DBG send Start packet: 3811 frameNumber: 1594 frameSize: 14 start(13): "00000001419a8026800c99d651"
Sending frame 1595 size: 11 first packet: 3812 firstBytes(hex): "00000001419aa02a800cab"
DBG send Start packet: 3812 frameNumber: 1595 frameSize: 11 start(13): "00000001419aa02a800cab0000"
Sending frame 1596 size: 38 first packet: 3813 firstBytes(hex): "00000001419ac02e81b7375501addddf0086725d"
DBG send Start packet: 3813 frameNumber: 1596 frameSize: 38 start(13): "00000001419ac02e81b7375501"
Sending frame 1597 size: 92 first packet: 3815 firstBytes(hex): "00000001419ae03280103717da6b69a15d4c9029"
DBG send Start packet: 3815 frameNumber: 1597 frameSize: 92 start(13): "00000001419ae03280103717da"
Sending frame 1598 size: 11 first packet: 3816 firstBytes(hex): "00000001419b0032800cab"
DBG send Start packet: 3816 frameNumber: 1598 frameSize: 11 start(13): "00000001419b0032800cab00ae"
Device 0 FPS: 30.003
Sending frame 1599 size: 11 first packet: 3817 firstBytes(hex): "00000001419b2032800cab"
DBG send Start packet: 3817 frameNumber: 1599 frameSize: 11 start(13): "00000001419b2032800cab0000"
Sending frame 1600 size: 11 first packet: 3818 firstBytes(hex): "00000001419b4032800cab"
DBG send Start packet: 3818 frameNumber: 1600 frameSize: 11 start(13): "00000001419b4032800cab00ae"
Sending frame 1601 size: 11 first packet: 3820 firstBytes(hex): "00000001419b6032800cab"
DBG send Start packet: 3820 frameNumber: 1601 frameSize: 11 start(13): "00000001419b6032800cab00ae"
Sending frame 1602 size: 11 first packet: 3821 firstBytes(hex): "00000001419b8032800cab"
DBG send Start packet: 3821 frameNumber: 1602 frameSize: 11 start(13): "00000001419b8032800cab00ae"
Sending frame 1603 size: 11 first packet: 3822 firstBytes(hex): "00000001419ba032800cab"
DBG send Start packet: 3822 frameNumber: 1603 frameSize: 11 start(13): "00000001419ba032800cab00ae"
Sending frame 1604 size: 148 first packet: 3823 firstBytes(hex): "00000001419bc03680299cdd5d72eab010fc977c"
DBG send Start packet: 3823 frameNumber: 1604 frameSize: 148 start(13): "00000001419bc03680299cdd5d"
Sending frame 1605 size: 108858 first packet: 3825 firstBytes(hex): "000000016742c01eda0360f79b84000003000400"
Found NAL unit at offset 0 type: 7 (SPS)
Found NAL unit at offset 28 type: 8 (PPS)
DBG send Start packet: 3825 frameNumber: 1605 frameSize: 108858 start(13): "000000016742c01eda0360f79b"
DBG send Continue packet: 3826 frameNumber: 1605 continue(12): "ffee47d0c8e516d4a73d3a19"
DBG send Continue packet: 3827 frameNumber: 1605 continue(12): "3770df1b42b6e77fc0671530"
DBG send Continue packet: 3828 frameNumber: 1605 continue(12): "8b0418be98ee85697bfb780c"
DBG send Continue packet: 3830 frameNumber: 1605 continue(12): "97e749bff5a21969b3d754a1"
DBG send Continue packet: 3831 frameNumber: 1605 continue(12): "d0060028d32fc4469448576e"
DBG send Continue packet: 3832 frameNumber: 1605 continue(12): "00202c845d2092cf5abcfde8"
DBG send Continue packet: 3833 frameNumber: 1605 continue(12): "f3aa959405e55cfa34ddc8f5"
DBG send Continue packet: 3835 frameNumber: 1605 continue(12): "f6cbfff6c5a0733777d79ed2"
DBG send Continue packet: 3836 frameNumber: 1605 continue(12): "e905fe02efe0200010251224"
DBG send Continue packet: 3837 frameNumber: 1605 continue(12): "efea548dd6c87059c0102000"
DBG send Continue packet: 3838 frameNumber: 1605 continue(12): "704a89b0b4392ef4e9a00008"
DBG send Continue packet: 3840 frameNumber: 1605 continue(12): "0002012000201100238ec872"
DBG send Continue packet: 3841 frameNumber: 1605 continue(12): "26daad13403e000e04601418"
DBG send Continue packet: 3842 frameNumber: 1605 continue(12): "37c0029b2226197b0c86b43f"
DBG send Continue packet: 3843 frameNumber: 1605 continue(12): "478558a9a492e538c6937000"
DBG send Continue packet: 3845 frameNumber: 1605 continue(12): "a282f89588f55e980b63c000"
DBG send Continue packet: 3846 frameNumber: 1605 continue(12): "330101a6df2250f66f42269f"
DBG send Continue packet: 3847 frameNumber: 1605 continue(12): "09cdfa469b84bc186e167aef"
DBG send Continue packet: 3848 frameNumber: 1605 continue(12): "835f73d9d255dcdc6fd7ebce"
DBG send Continue packet: 3850 frameNumber: 1605 continue(12): "39692e8513aa65875c600400"
DBG send Continue packet: 3851 frameNumber: 1605 continue(12): "c234a5c3effe0101e007305c"
DBG send Continue packet: 3852 frameNumber: 1605 continue(12): "e030de190e13f1170deddbe7"
DBG send Continue packet: 3853 frameNumber: 1605 continue(12): "493183fad6ff3e22debe7ed2"
DBG send Continue packet: 3855 frameNumber: 1605 continue(12): "28953325973fbeb401dc030d"
DBG send Continue packet: 3856 frameNumber: 1605 continue(12): "d2348335482d9702a404817a"
DBG send Continue packet: 3857 frameNumber: 1605 continue(12): "d8ac34c657e8e87dc410de48"
DBG send Continue packet: 3858 frameNumber: 1605 continue(12): "00402e176791310f9a1bb168"
DBG send Continue packet: 3860 frameNumber: 1605 continue(12): "83224fffe8065033b12269b8"
DBG send Continue packet: 3861 frameNumber: 1605 continue(12): "0973447a5d07b034673eae20"
DBG send Continue packet: 3862 frameNumber: 1605 continue(12): "ff06001160146480713da43e"
DBG send Continue packet: 3863 frameNumber: 1605 continue(12): "959fe02136fb59688ade0200"
DBG send Continue packet: 3865 frameNumber: 1605 continue(12): "001a93e1abffeb6029a6c144"
DBG send Continue packet: 3866 frameNumber: 1605 continue(12): "604156367c5fa214f437949b"
DBG send Continue packet: 3867 frameNumber: 1605 continue(12): "dc000080307eb0143e891337"
DBG send Continue packet: 3868 frameNumber: 1605 continue(12): "ef2ef2e052699c6be0740004"
DBG send Continue packet: 3870 frameNumber: 1605 continue(12): "1834a1203c2604b0f19e22d8"
DBG send Continue packet: 3871 frameNumber: 1605 continue(12): "4cb494627bc048007833961b"
DBG send Continue packet: 3872 frameNumber: 1605 continue(12): "60010010076a484c4a3d2fc3"
DBG send Continue packet: 3873 frameNumber: 1605 continue(12): "d449d86a9c0257fe9ad52f71"
DBG send Continue packet: 3875 frameNumber: 1605 continue(12): "c2743bb3887cf9c000829d09"
DBG send Continue packet: 3876 frameNumber: 1605 continue(12): "a1aa39afeb61b0dc59857fd3"
DBG send Continue packet: 3877 frameNumber: 1605 continue(12): "38630da2d91c060052807925"
DBG send Continue packet: 3878 frameNumber: 1605 continue(12): "039cf05dc86604a44c00ecc0"
DBG send Continue packet: 3880 frameNumber: 1605 continue(12): "4ff00105e4ade90400008000"
DBG send Continue packet: 3881 frameNumber: 1605 continue(12): "deda439fa26d60284d1eb236"
DBG send Continue packet: 3882 frameNumber: 1605 continue(12): "a35d8ba6da6faa00350143f2"
DBG send Continue packet: 3883 frameNumber: 1605 continue(12): "8fff0011419d0605f080ca5b"
DBG send Continue packet: 3885 frameNumber: 1605 continue(12): "63634006000b287f19d0833f"
DBG send Continue packet: 3886 frameNumber: 1605 continue(12): "3165b4084d0d65282c978ff4"
DBG send Continue packet: 3887 frameNumber: 1605 continue(12): "54510a2e48afffad8d990bf6"
DBG send Continue packet: 3888 frameNumber: 1605 continue(12): "fff9f79f63f0004018402531"
DBG send Continue packet: 3890 frameNumber: 1605 continue(12): "fbfff0ba800e004073c5b503"
DBG send Continue packet: 3891 frameNumber: 1605 continue(12): "a7c6437b45fa33400040000b"
DBG send Continue packet: 3892 frameNumber: 1605 continue(12): "a77094707ffc3d03f58df451"
DBG send Continue packet: 3893 frameNumber: 1605 continue(12): "a00020251de080005c000404"
DBG send Continue packet: 3895 frameNumber: 1605 continue(12): "003375988544bf5345340256"
DBG send Continue packet: 3896 frameNumber: 1605 continue(12): "c09d09e043870cf76b800204"
DBG send Continue packet: 3897 frameNumber: 1605 continue(12): "c4c1545db05f2dacef0c3d00"
DBG send Continue packet: 3898 frameNumber: 1605 continue(12): "5154d1e8751ae3da56118868"
DBG send Continue packet: 3900 frameNumber: 1605 continue(12): "c38001c000103600c97f8003"
DBG send Continue packet: 3901 frameNumber: 1605 continue(12): "f1ccaa417f57830124615862"
DBG send Continue packet: 3902 frameNumber: 1605 continue(12): "b8070644b5144cf88bca1650"
DBG send Continue packet: 3903 frameNumber: 1605 continue(12): "2d0849169e8e9eec452ca452"
DBG send Continue packet: 3905 frameNumber: 1605 continue(12): "7e4401ac7e169be5664cff48"
DBG send Continue packet: 3906 frameNumber: 1605 continue(12): "e1758c31c71a2877ffc0197f"
DBG send Continue packet: 3907 frameNumber: 1605 continue(12): "05651670300c409138b59da6"
DBG send Continue packet: 3908 frameNumber: 1605 continue(12): "72bee00d458900809aeaa6a9"
DBG send Continue packet: 3910 frameNumber: 1605 continue(12): "520121fd68fab7eb14188431"
DBG send Continue packet: 3911 frameNumber: 1605 continue(12): "a64ea451ac3e000040240a4a"
DBG send Continue packet: 3912 frameNumber: 1605 continue(12): "041ecb383100125dc0000805"
DBG send Continue packet: 3913 frameNumber: 1605 continue(12): "1000770469bf5014aa6b9fe1"
DBG send Continue packet: 3915 frameNumber: 1605 continue(12): "c502c423bff4d3ee2d6daef7"
DBG send Continue packet: 3916 frameNumber: 1605 continue(12): "852d77644c0836844c1537c2"
DBG send Continue packet: 3917 frameNumber: 1605 continue(12): "beb2907dfce96f55a0000800"
DBG send Continue packet: 3918 frameNumber: 1605 continue(12): "0002018a0014153f16920907"
DBG send Continue packet: 3920 frameNumber: 1605 continue(12): "e2b470a66770967e60080026"
DBG send Continue packet: 3921 frameNumber: 1605 continue(12): "500042667640001011cfffd0"
DBG send Continue packet: 3922 frameNumber: 1605 continue(12): "d3c3e08061833ca0228e3396"
DBG send Continue packet: 3923 frameNumber: 1605 continue(12): "26326e64af1c3999c3833ce8"
DBG send Continue packet: 3925 frameNumber: 1605 continue(12): "8a31951ac08e6e5fb27ffb80"
DBG send Continue packet: 3926 frameNumber: 1605 continue(12): "022821214f2b84e64d132734"
DBG send Continue packet: 3927 frameNumber: 1605 continue(12): "4a8ea677cd568b7650d6ebd5"
DBG send Continue packet: 3928 frameNumber: 1605 continue(12): "df2e6daa1e804000100b08c3"
DBG send Continue packet: 3930 frameNumber: 1605 continue(12): "0c808c6000211ffe9f2dd5eb"
DBG send Continue packet: 3931 frameNumber: 1605 continue(12): "0287d1c48d6634bbe4fa4b80"
DBG send Continue packet: 3932 frameNumber: 1605 continue(12): "3886bc4f1ff0a34000100b00"
DBG send Continue packet: 3933 frameNumber: 1605 continue(12): "80ca0487a1f000711f338cd5"
DBG send Continue packet: 3935 frameNumber: 1605 continue(12): "0a09053346d2f4ddd643e820"
DBG send Continue packet: 3936 frameNumber: 1605 continue(12): "db50091011306867d18e0d8c"
DBG send Continue packet: 3937 frameNumber: 1605 continue(12): "84bdb26aab4000401800b5a8"
DBG send Continue packet: 3938 frameNumber: 1605 continue(12): "010070001002007cb2000040"
DBG send End packet: 3940 frameNumber: 1605 end(12): "1974d36846811b14c3d4000c"
Sending frame 1606 size: 11 first packet: 3941 firstBytes(hex): "00000001419a20e800cab0"
DBG send Start packet: 3941 frameNumber: 1606 frameSize: 11 start(13): "00000001419a20e800cab00000"
Sending frame 1607 size: 11 first packet: 3942 firstBytes(hex): "00000001419a405a0032ac"
DBG send Start packet: 3942 frameNumber: 1607 frameSize: 11 start(13): "00000001419a405a0032ac00ae"
Sending frame 1608 size: 11 first packet: 3943 firstBytes(hex): "00000001419a607a0032ac"
DBG send Start packet: 3943 frameNumber: 1608 frameSize: 11 start(13): "00000001419a607a0032ac00ae"
Sending frame 1609 size: 14 first packet: 3945 firstBytes(hex): "00000001419a8026800c99d65130"
DBG send Start packet: 3945 frameNumber: 1609 frameSize: 14 start(13): "00000001419a8026800c99d651"
Sending frame 1610 size: 11 first packet: 3946 firstBytes(hex): "00000001419aa02a800cab"
DBG send Start packet: 3946 frameNumber: 1610 frameSize: 11 start(13): "00000001419aa02a800cab00ae"
Sending frame 1611 size: 38 first packet: 3947 firstBytes(hex): "00000001419ac02e81b7375501addddf0086725d"
DBG send Start packet: 3947 frameNumber: 1611 frameSize: 38 start(13): "00000001419ac02e81b7375501"
Sending frame 1612 size: 92 first packet: 3948 firstBytes(hex): "00000001419ae03280103717da6b69a15d4c9029"
DBG send Start packet: 3948 frameNumber: 1612 frameSize: 92 start(13): "00000001419ae03280103717da"
Sending frame 1613 size: 11 first packet: 3950 firstBytes(hex): "00000001419b0032800cab"
DBG send Start packet: 3950 frameNumber: 1613 frameSize: 11 start(13): "00000001419b0032800cab00ae"
Sending frame 1614 size: 11 first packet: 3951 firstBytes(hex): "00000001419b2032800cab"
DBG send Start packet: 3951 frameNumber: 1614 frameSize: 11 start(13): "00000001419b2032800cab00ae"
Sending frame 1615 size: 11 first packet: 3952 firstBytes(hex): "00000001419b4032800cab"
DBG send Start packet: 3952 frameNumber: 1615 frameSize: 11 start(13): "00000001419b4032800cab00ae"
Sending frame 1616 size: 11 first packet: 3953 firstBytes(hex): "00000001419b6032800cab"
DBG send Start packet: 3953 frameNumber: 1616 frameSize: 11 start(13): "00000001419b6032800cab00ae"
Sending frame 1617 size: 11 first packet: 3955 firstBytes(hex): "00000001419b8032800cab"
DBG send Start packet: 3955 frameNumber: 1617 frameSize: 11 start(13): "00000001419b8032800cab00ae"
Sending frame 1618 size: 11 first packet: 3956 firstBytes(hex): "00000001419ba032800cab"
DBG send Start packet: 3956 frameNumber: 1618 frameSize: 11 start(13): "00000001419ba032800cab00ae"
Sending frame 1619 size: 93 first packet: 3957 firstBytes(hex): "00000001419bc032803190ccbc003eda06ff1306"
DBG send Start packet: 3957 frameNumber: 1619 frameSize: 93 start(13): "00000001419bc032803190ccbc"
Sending frame 1620 size: 108858 first packet: 3958 firstBytes(hex): "000000016742c01eda0360f79b84000003000400"
Found NAL unit at offset 0 type: 7 (SPS)
Found NAL unit at offset 28 type: 8 (PPS)
DBG send Start packet: 3958 frameNumber: 1620 frameSize: 108858 start(13): "000000016742c01eda0360f79b"
DBG send Continue packet: 3960 frameNumber: 1620 continue(12): "ffb91f4323945b529cf4e866"
DBG send Continue packet: 3961 frameNumber: 1620 continue(12): "ddc37c6d0adb9dff019c54c1"
DBG send Continue packet: 3962 frameNumber: 1620 continue(12): "2c1062fa63ba15a5efede031"
DBG send Continue packet: 3963 frameNumber: 1620 continue(12): "5f9d26ffd68865a6cf5d5287"
DBG send Continue packet: 3965 frameNumber: 1620 continue(12): "401800a34cbf111a51215db8"
DBG send Continue packet: 3966 frameNumber: 1620 continue(12): "0080b21174824b3d6af3f7a1"
DBG send Continue packet: 3967 frameNumber: 1620 continue(12): "ceaa5650179573e8d37723d6"
DBG send Continue packet: 3968 frameNumber: 1620 continue(12): "afdb2fffdb1681ccdddf5e7b"
DBG send Continue packet: 3970 frameNumber: 1620 continue(12): "73a417f80bbf808000409448"
DBG send Continue packet: 3971 frameNumber: 1620 continue(12): "2fbfa952375b21c167004080"
DBG send Continue packet: 3972 frameNumber: 1620 continue(12): "01c12a26c2d0e4bbd3a68000"
DBG send Continue packet: 3973 frameNumber: 1620 continue(12): "c000080480008044008e3b21"
DBG send Continue packet: 3975 frameNumber: 1620 continue(12): "489b6ab44d00f80038118050"
DBG send Continue packet: 3976 frameNumber: 1620 continue(12): "94df000a6c889865ec321ad0"
DBG send Continue packet: 3977 frameNumber: 1620 continue(12): "cd1e1562a6924b94e31a4dc0"
DBG send Continue packet: 3978 frameNumber: 1620 continue(12): "068a0be25623d57a602d8f00"
DBG send Continue packet: 3980 frameNumber: 1620 continue(12): "00cc04069b7c8943d9bd089a"
DBG send Continue packet: 3981 frameNumber: 1620 continue(12): "f02737e91a6e12f061b859eb"
DBG send Continue packet: 3982 frameNumber: 1620 continue(12): "960d7dcf6749577371bf5faf"
DBG send Continue packet: 3983 frameNumber: 1620 continue(12): "88e5a4ba144ea9961d718010"
DBG send Continue packet: 3985 frameNumber: 1620 continue(12): "9f08d2970fbff80407801cc1"
DBG send Continue packet: 3986 frameNumber: 1620 continue(12): "5f80c37864384fc45c37b76f"
DBG send Continue packet: 3987 frameNumber: 1620 continue(12): "7124c60feb5bfcf88b7af9fb"
DBG send Continue packet: 3988 frameNumber: 1620 continue(12): "dca254cc965cfefad007700c"
DBG send Continue packet: 3990 frameNumber: 1620 continue(12): "4c5748d20cd520b65c0a9012"
DBG send Continue packet: 3991 frameNumber: 1620 continue(12): "651762b0d3195fa3a1f71043"
DBG send Continue packet: 3992 frameNumber: 1620 continue(12): "00180100b85d9e44c43e686e"
DBG send Continue packet: 3993 frameNumber: 1620 continue(12): "22660c893fffa01940cec489"
DBG send Continue packet: 3995 frameNumber: 1620 continue(12): "c29425cd11e9741ec0d19cfa"
DBG send Continue packet: 3996 frameNumber: 1620 continue(12): "fedffc18004580519201c4f6"
DBG send Continue packet: 3997 frameNumber: 1620 continue(12): "2166567f8084dbed65a22b78"
DBG send Continue packet: 3998 frameNumber: 1620 continue(12): "9118006a4f86afffad80a69b"
DBG send Continue packet: 4000 frameNumber: 1620 continue(12): "1c21810558d9f17e8853d0de"
DBG send Continue packet: 4001 frameNumber: 1620 continue(12): "3a9770000200c1fac050fa24"
DBG send Continue packet: 4002 frameNumber: 1620 continue(12): "f001bbbcbbcb8149a671af81"
DBG send Continue packet: 4003 frameNumber: 1620 continue(12): "400084172f0e0659472a05c4"
DBG send Continue packet: 4005 frameNumber: 1620 continue(12): "04046000080280ce19934909"
DBG send Continue packet: 4006 frameNumber: 1620 continue(12): "040588a951bcae9a5ca42bb5"
DBG send Continue packet: 4007 frameNumber: 1620 continue(12): "286a24ec354e012bff4d6a97"
DBG send Continue packet: 4008 frameNumber: 1620 continue(12): "22e13a1dd9c43e7ce000414e"
DBG send Continue packet: 4010 frameNumber: 1620 continue(12): "6e54354735fd6c361b8b30af"
DBG send Continue packet: 4011 frameNumber: 1620 continue(12): "cbc70c61b45b2380c00a500f"
DBG send Continue packet: 4012 frameNumber: 1620 continue(12): "2e00739e0bb90cc09489801d"
DBG send Continue packet: 4013 frameNumber: 1620 continue(12): "1389fe0020bc95bd20800010"
DBG send Continue packet: 4015 frameNumber: 1620 continue(12): "15bbdb4873f44dac0509a3d6"
DBG send Continue packet: 4016 frameNumber: 1620 continue(12): "762e9b69bea800d4050fca1b"
DBG send Continue packet: 4017 frameNumber: 1620 continue(12): "fc004506741817c203296ff7"
DBG send Continue packet: 4018 frameNumber: 1620 continue(12): "63634006000b287f19d0833f"
DBG send Continue packet: 4020 frameNumber: 1620 continue(12): "3165b4084d0d65282c978ff4"
DBG send Continue packet: 4021 frameNumber: 1620 continue(12): "54510a2e48afffad8d990bf6"
DBG send Continue packet: 4022 frameNumber: 1620 continue(12): "fff9f79f63f0004018402531"
DBG send Continue packet: 4023 frameNumber: 1620 continue(12): "fbfff0ba800e004073c5b503"
DBG send Continue packet: 4025 frameNumber: 1620 continue(12): "a7c6437b45fa33400040000b"
DBG send Continue packet: 4026 frameNumber: 1620 continue(12): "a77094707ffc3d03f58df451"
DBG send Continue packet: 4027 frameNumber: 1620 continue(12): "a00020251de080005c000404"
DBG send Continue packet: 4028 frameNumber: 1620 continue(12): "003375988544bf5345340256"
DBG send Continue packet: 4030 frameNumber: 1620 continue(12): "c09d09e043870cf76b800204"
DBG send Continue packet: 4031 frameNumber: 1620 continue(12): "c4c1545db05f2dacef0c3d00"
DBG send Continue packet: 4032 frameNumber: 1620 continue(12): "5154d1e8751ae3da56118868"
DBG send Continue packet: 4033 frameNumber: 1620 continue(12): "c38001c000103600c97f8003"
DBG send Continue packet: 4035 frameNumber: 1620 continue(12): "f1ccaa417f57830124615862"
DBG send Continue packet: 4036 frameNumber: 1620 continue(12): "b8070644b5144cf88bca1650"
DBG send Continue packet: 4037 frameNumber: 1620 continue(12): "2d0849169e8e9eec452ca452"
DBG send Continue packet: 4038 frameNumber: 1620 continue(12): "7e4401ac7e169be5664cff48"
DBG send Continue packet: 4040 frameNumber: 1620 continue(12): "e1758c31c71a2877ffc0197f"
DBG send Continue packet: 4041 frameNumber: 1620 continue(12): "05651670300c409138b59da6"
DBG send Continue packet: 4042 frameNumber: 1620 continue(12): "72bee00d458900809aeaa6a9"
DBG send Continue packet: 4043 frameNumber: 1620 continue(12): "520121fd68fab7eb14188431"
DBG send Continue packet: 4045 frameNumber: 1620 continue(12): "a64ea451ac3e000040240a4a"
DBG send Continue packet: 4046 frameNumber: 1620 continue(12): "041ecb383100125dc0000805"
DBG send Continue packet: 4047 frameNumber: 1620 continue(12): "1000770469bf5014aa6b9fe1"
DBG send Continue packet: 4048 frameNumber: 1620 continue(12): "c502c423bff4d3ee2d6daef7"
DBG send Continue packet: 4050 frameNumber: 1620 continue(12): "852d77644c0836844c1537c2"
DBG send Continue packet: 4051 frameNumber: 1620 continue(12): "beb2907dfce96f55a0000800"
DBG send Continue packet: 4052 frameNumber: 1620 continue(12): "0002018a0014153f16920907"
DBG send Continue packet: 4053 frameNumber: 1620 continue(12): "715a385333b84b3f30040013"
DBG send Continue packet: 4055 frameNumber: 1620 continue(12): "a80021333b20000808e7ffe8"
DBG send Continue packet: 4056 frameNumber: 1620 continue(12): "69e1f04030c19e50114719cb"
DBG send Continue packet: 4057 frameNumber: 1620 continue(12): "13193732578e1ccce1c19e74"
DBG send Continue packet: 4058 frameNumber: 1620 continue(12): "4518ca8d6047372fd93ffdc0"
DBG send Continue packet: 4060 frameNumber: 1620 continue(12): "01141090a795c2732689939a"
DBG send Continue packet: 4061 frameNumber: 1620 continue(12): "a547533be6ab45bb286b75ea"
DBG send Continue packet: 4062 frameNumber: 1620 continue(12): "ef9736d50f40200008058461"
DBG send Continue packet: 4063 frameNumber: 1620 continue(12): "8640463000108fff4f96eaf5"
DBG send Continue packet: 4065 frameNumber: 1620 continue(12): "0143e8e246b31a5df27d25c0"
DBG send Continue packet: 4066 frameNumber: 1620 continue(12): "1c435e278ff851a000080580"
DBG send Continue packet: 4067 frameNumber: 1620 continue(12): "40650243d0f800388f99c66a"
DBG send Continue packet: 4068 frameNumber: 1620 continue(12): "05048299a3697a6eeb21f410"
DBG send Continue packet: 4070 frameNumber: 1620 continue(12): "6da8048808983433e8c706c6"
DBG send Continue packet: 4071 frameNumber: 1620 continue(12): "425ed93555a000200c005ad4"
DBG send Continue packet: 4072 frameNumber: 1620 continue(12): "008038000801003e59000020"
DBG send End packet: 4073 frameNumber: 1620 end(12): "0cba69b423408d8a61ea0006"
StreamerWidget: Sent frame 1620 for stream "QGZMKE"
Sending frame 1621 size: 103 first packet: 4075 firstBytes(hex): "00000001419a20e80386216021793c00c5fbeced"
DBG send Start packet: 4075 frameNumber: 1621 frameSize: 103 start(13): "00000001419a20e80386216021"
Sending frame 1622 size: 87 first packet: 4076 firstBytes(hex): "00000001419a405a004d47e0d8fe13c00100617c"
DBG send Start packet: 4076 frameNumber: 1622 frameSize: 87 start(13): "00000001419a405a004d47e0d8"
Sending frame 1623 size: 114 first packet: 4077 firstBytes(hex): "00000001419a607a00491c9a50ec3e5c31378003"
DBG send Start packet: 4077 frameNumber: 1623 frameSize: 114 start(13): "00000001419a607a00491c9a50"
Sending frame 1624 size: 123 first packet: 4078 firstBytes(hex): "00000001419a8026801247263dad91f378007891"
DBG send Start packet: 4078 frameNumber: 1624 frameSize: 123 start(13): "00000001419a8026801247263d"
Sending frame 1625 size: 116 first packet: 4080 firstBytes(hex): "00000001419aa02a80124c4e0dfb80200b17bbe6"
DBG send Start packet: 4080 frameNumber: 1625 frameSize: 116 start(13): "00000001419aa02a80124c4e0d"
Sending frame 1626 size: 151 first packet: 4081 firstBytes(hex): "00000001419ac02e81b7375501addddf0086725d"
DBG send Start packet: 4081 frameNumber: 1626 frameSize: 151 start(13): "00000001419ac02e81b7375501"
Sending frame 1627 size: 114 first packet: 4082 firstBytes(hex): "00000001419ae02e80140711e00082618a55ffb9"
DBG send Start packet: 4082 frameNumber: 1627 frameSize: 114 start(13): "00000001419ae02e80140711e0"
Sending frame 1628 size: 229 first packet: 4083 firstBytes(hex): "00000001419b003280103717da6b69a15d4c9071"
DBG send Start packet: 4083 frameNumber: 1628 frameSize: 229 start(13): "00000001419b003280103717da"
Sending frame 1629 size: 133 first packet: 4085 firstBytes(hex): "00000001419b203280140f17000410ff6a21efee"
DBG send Start packet: 4085 frameNumber: 1629 frameSize: 133 start(13): "00000001419b203280140f1700"
Sending frame 1630 size: 131 first packet: 4086 firstBytes(hex): "00000001419b403280140f37800120b52119797b"
DBG send Start packet: 4086 frameNumber: 1630 frameSize: 131 start(13): "00000001419b403280140f3780"
Sending frame 1631 size: 143 first packet: 4087 firstBytes(hex): "00000001419b603280141717e0076cd6a61a7bf0"
DBG send Start packet: 4087 frameNumber: 1631 frameSize: 143 start(13): "00000001419b603280141717e0"
Sending frame 1632 size: 128 first packet: 4088 firstBytes(hex): "00000001419b80328014173780058604c51e588d"
DBG send Start packet: 4088 frameNumber: 1632 frameSize: 128 start(13): "00000001419b80328014173780"
Sending frame 1633 size: 153 first packet: 4090 firstBytes(hex): "00000001419ba03280141736000836086b73fc82"
DBG send Start packet: 4090 frameNumber: 1633 frameSize: 153 start(13): "00000001419ba0328014173600"
Sending frame 1634 size: 89 first packet: 4091 firstBytes(hex): "00000001419bc03280141736000c06e0432590d1"
DBG send Start packet: 4091 frameNumber: 1634 frameSize: 89 start(13): "00000001419bc0328014173600"
Sending frame 1635 size: 108835 first packet: 4092 firstBytes(hex): "000000016742c01eda0360f79b84000003000400"
Found NAL unit at offset 0 type: 7 (SPS)
Found NAL unit at offset 28 type: 8 (PPS)
DBG send Start packet: 4092 frameNumber: 1635 frameSize: 108835 start(13): "000000016742c01eda0360f79b"
DBG send Continue packet: 4093 frameNumber: 1635 continue(12): "ffee47d0c8e516d4a73d3a19"
DBG send Continue packet: 4095 frameNumber: 1635 continue(12): "3770df1b42b6e77fc0671530"
DBG send Continue packet: 4096 frameNumber: 1635 continue(12): "8b0418be98ee85697bfb780c"
DBG send Continue packet: 4097 frameNumber: 1635 continue(12): "97e749bff5a21969b3d754a1"
DBG send Continue packet: 4098 frameNumber: 1635 continue(12): "d0060028d32fc4469448576e"
DBG send Continue packet: 4100 frameNumber: 1635 continue(12): "00202c845d2092cf5abcfde8"
DBG send Continue packet: 4101 frameNumber: 1635 continue(12): "f3aa959405e55cfa34ddc8f5"
DBG send Continue packet: 4102 frameNumber: 1635 continue(12): "f6cbfff6c5a0733777d79ed2"
DBG send Continue packet: 4103 frameNumber: 1635 continue(12): "e905fe02efe0200010251224"
DBG send Continue packet: 4105 frameNumber: 1635 continue(12): "efea548dd6c87059c0102000"
DBG send Continue packet: 4106 frameNumber: 1635 continue(12): "704a89b0b4392ef4e9a00008"
DBG send Continue packet: 4107 frameNumber: 1635 continue(12): "0002012000201100238ec872"
DBG send Continue packet: 4108 frameNumber: 1635 continue(12): "26daad13403e000e04601418"
DBG send Continue packet: 4110 frameNumber: 1635 continue(12): "37c0029b2226197b0c86b43f"
DBG send Continue packet: 4111 frameNumber: 1635 continue(12): "478558a9a492e538c6937000"
DBG send Continue packet: 4112 frameNumber: 1635 continue(12): "a282f89588f55e980b63c000"
DBG send Continue packet: 4113 frameNumber: 1635 continue(12): "330101a6df2250f66f42269f"
DBG send Continue packet: 4115 frameNumber: 1635 continue(12): "09cdfa469b84bc186e167aef"
DBG send Continue packet: 4116 frameNumber: 1635 continue(12): "835f73d9d255dcdc6fd7ebce"
DBG send Continue packet: 4117 frameNumber: 1635 continue(12): "39692e8513aa65875c600400"
DBG send Continue packet: 4118 frameNumber: 1635 continue(12): "c234a5c3effe0101e007305c"
DBG send Continue packet: 4120 frameNumber: 1635 continue(12): "e030de190e13f1170deddbe7"
DBG send Continue packet: 4121 frameNumber: 1635 continue(12): "493183fad6ff3e22debe7ed2"
DBG send Continue packet: 4122 frameNumber: 1635 continue(12): "28953325973fbeb401dc030d"
DBG send Continue packet: 4123 frameNumber: 1635 continue(12): "d2348335482d9702a404817a"
DBG send Continue packet: 4125 frameNumber: 1635 continue(12): "d8ac34c657e8e87dc410de48"
DBG send Continue packet: 4126 frameNumber: 1635 continue(12): "00402e176791310f9a1bb168"
DBG send Continue packet: 4127 frameNumber: 1635 continue(12): "83224fffe8065033b12269b8"
DBG send Continue packet: 4128 frameNumber: 1635 continue(12): "0973447a5d07b034673eae20"
DBG send Continue packet: 4130 frameNumber: 1635 continue(12): "ff06001160146480713da43e"
DBG send Continue packet: 4131 frameNumber: 1635 continue(12): "959fe02136fb59688ade0200"
DBG send Continue packet: 4132 frameNumber: 1635 continue(12): "001a93e1abffeb6029a6c144"
DBG send Continue packet: 4133 frameNumber: 1635 continue(12): "604156367c5fa214f437949b"
DBG send Continue packet: 4135 frameNumber: 1635 continue(12): "dc000080307eb0143e891337"
DBG send Continue packet: 4136 frameNumber: 1635 continue(12): "ef2ef2e052699c6be0740004"
DBG send Continue packet: 4137 frameNumber: 1635 continue(12): "05cbc3819651ca8171011cc9"
DBG send Continue packet: 4138 frameNumber: 1635 continue(12): "000200a0338664d24278b79f"
DBG send Continue packet: 4140 frameNumber: 1635 continue(12): "2a546f2ba697290aed700002"
DBG send Continue packet: 4141 frameNumber: 1635 continue(12): "5b09573ea00140001007c374"
DBG send Continue packet: 4142 frameNumber: 1635 continue(12): "041f92d109a1eea8af7cdf00"
DBG send Continue packet: 4143 frameNumber: 1635 continue(12): "b6b0b20d20028771bb42c27c"
DBG send Continue packet: 4145 frameNumber: 1635 continue(12): "a032ffb321e0177a701c372e"
DBG send Continue packet: 4146 frameNumber: 1635 continue(12): "6cc7da00008068b8c1038a5b"
DBG send Continue packet: 4147 frameNumber: 1635 continue(12): "0cfe80c0344c806dd2001008"
DBG send Continue packet: 4148 frameNumber: 1635 continue(12): "d7cf764b4d9af86e0b331143"
DBG send Continue packet: 4150 frameNumber: 1635 continue(12): "a40cc278c1fe17fc80004097"
DBG send Continue packet: 4151 frameNumber: 1635 continue(12): "4ff605c58d60ca2ed18c297f"
DBG send Continue packet: 4152 frameNumber: 1635 continue(12): "0f1268060c296d2849efbf00"
DBG send Continue packet: 4153 frameNumber: 1635 continue(12): "f9ff084511658b7b99d97383"
DBG send Continue packet: 4155 frameNumber: 1635 continue(12): "82ea00383e2b6cd000103656"
DBG send Continue packet: 4156 frameNumber: 1635 continue(12): "31ce58b178f2010a4dcfc382"
DBG send Continue packet: 4157 frameNumber: 1635 continue(12): "9f15f136d8bb7821f660bc99"
DBG send Continue packet: 4158 frameNumber: 1635 continue(12): "7cb0e08ef961c11df2c40001"
DBG send Continue packet: 4160 frameNumber: 1635 continue(12): "31fefffff3a2ae304dbbe3d4"
DBG send Continue packet: 4161 frameNumber: 1635 continue(12): "065000100a00616e38ac7827"
DBG send Continue packet: 4162 frameNumber: 1635 continue(12): "03810d91324226057ff5be00"
DBG send Continue packet: 4163 frameNumber: 1635 continue(12): "b3528ba5fdbebd4a50a6c634"
DBG send Continue packet: 4165 frameNumber: 1635 continue(12): "6d15e5e2fb1861858455bef8"
DBG send Continue packet: 4166 frameNumber: 1635 continue(12): "9575d64e38210001005400c0"
DBG send Continue packet: 4167 frameNumber: 1635 continue(12): "bd400020413ba96900321c43"
DBG send Continue packet: 4168 frameNumber: 1635 continue(12): "102ba0f6e010be31b8e0094a"
DBG send Continue packet: 4170 frameNumber: 1635 continue(12): "dc0946292b616b724f38627c"
DBG send Continue packet: 4171 frameNumber: 1635 continue(12): "0573bfe752124882ea001158"
DBG send Continue packet: 4172 frameNumber: 1635 continue(12): "3f67f63d221f155472fe336d"
DBG send Continue packet: 4173 frameNumber: 1635 continue(12): "c2f802000207200020360024"
DBG send Continue packet: 4175 frameNumber: 1635 continue(12): "929ab819ab8100720409c7a4"
DBG send Continue packet: 4176 frameNumber: 1635 continue(12): "ca986ede01cffdf8000100b0"
DBG send Continue packet: 4177 frameNumber: 1635 continue(12): "6997c101c287b3238689c77b"
DBG send Continue packet: 4178 frameNumber: 1635 continue(12): "435010b2aafeec0185eaf323"
DBG send Continue packet: 4180 frameNumber: 1635 continue(12): "10b20d956228bdb4b3288df6"
DBG send Continue packet: 4181 frameNumber: 1635 continue(12): "805829615d702f7bfd9d0a1e"
DBG send Continue packet: 4182 frameNumber: 1635 continue(12): "547e80adbeffeb164e54607f"
DBG send Continue packet: 4183 frameNumber: 1635 continue(12): "1c728960b63ba26b34fffec8"
DBG send Continue packet: 4185 frameNumber: 1635 continue(12): "916ee71b3835e2e0e316dd80"
DBG send Continue packet: 4186 frameNumber: 1635 continue(12): "a3809562b4e8dc0023805052"
DBG send Continue packet: 4187 frameNumber: 1635 continue(12): "918cce4159aa27c0def000c4"
DBG send Continue packet: 4188 frameNumber: 1635 continue(12): "78a277938050c1d3a7bcf20c"
DBG send Continue packet: 4190 frameNumber: 1635 continue(12): "501cca87483521bbf0c3e600"
DBG send Continue packet: 4191 frameNumber: 1635 continue(12): "74f0ff0ff3a3a0bdbfa91be0"
DBG send Continue packet: 4192 frameNumber: 1635 continue(12): "3e003a071757903994ee78a0"
DBG send Continue packet: 4193 frameNumber: 1635 continue(12): "b41f1cbfbc6bda560a49f07f"
DBG send Continue packet: 4195 frameNumber: 1635 continue(12): "ea232bcd5fbb52fe6abe5d20"
DBG send Continue packet: 4196 frameNumber: 1635 continue(12): "6545ec1cefd1059b9dc46212"
DBG send Continue packet: 4197 frameNumber: 1635 continue(12): "7677fc01201d182d2aeed16a"
DBG send Continue packet: 4198 frameNumber: 1635 continue(12): "0c62c932d262dc4f10d7ee18"
DBG send Continue packet: 4200 frameNumber: 1635 continue(12): "7c1fffc2a5042f77357142bf"
DBG send Continue packet: 4201 frameNumber: 1635 continue(12): "6f449be140c4b5b4ac4e9e50"
DBG send Continue packet: 4202 frameNumber: 1635 continue(12): "0032378a29f641ca2540812d"
DBG send Continue packet: 4203 frameNumber: 1635 continue(12): "fdecb000773e0c5b0229eef2"
DBG send Continue packet: 4205 frameNumber: 1635 continue(12): "00b97cb91a000100f67ca400"
DBG send Continue packet: 4206 frameNumber: 1635 continue(12): "508c00ac96499e781d9ab4cd"
DBG send End packet: 4207 frameNumber: 1635 end(12): "ffb5c00023408d8a61ea0006"
Sending frame 1636 size: 87 first packet: 4208 firstBytes(hex): "00000001419a20e80141736004fbf955efedfc02"
DBG send Start packet: 4208 frameNumber: 1636 frameSize: 87 start(13): "00000001419a20e80141736004"
Sending frame 1637 size: 218 first packet: 4210 firstBytes(hex): "00000001419a405a006a3cd836d047bfe0a2580c"
DBG send Start packet: 4210 frameNumber: 1637 frameSize: 218 start(13): "00000001419a405a006a3cd836"
Sending frame 1638 size: 69 first packet: 4211 firstBytes(hex): "00000001419a607a00505c7f064fc7398027f1a5"
DBG send Start packet: 4211 frameNumber: 1638 frameSize: 69 start(13): "00000001419a607a00505c7f06"
Sending frame 1639 size: 95 first packet: 4212 firstBytes(hex): "00000001419a80268014171fe5cc6c78f8ed8e03"
DBG send Start packet: 4212 frameNumber: 1639 frameSize: 95 start(13): "00000001419a80268014171fe5"
Sending frame 1640 size: 133 first packet: 4213 firstBytes(hex): "00000001419aa02a801aa751dab8be6226239889"
DBG send Start packet: 4213 frameNumber: 1640 frameSize: 133 start(13): "00000001419aa02a801aa751da"
Sending frame 1641 size: 231 first packet: 4215 firstBytes(hex): "00000001419ac02e81b7375501addddf0086725d"
DBG send Start packet: 4215 frameNumber: 1641 frameSize: 231 start(13): "00000001419ac02e81b7375501"
Sending frame 1642 size: 334 first packet: 4216 firstBytes(hex): "00000001419ae03280103717da6b69a15d4c9029"
DBG send Start packet: 4216 frameNumber: 1642 frameSize: 334 start(13): "00000001419ae03280103717da"
Sending frame 1643 size: 40 first packet: 4217 firstBytes(hex): "00000001419b00328014170af60c0013491868d7"
DBG send Start packet: 4217 frameNumber: 1643 frameSize: 40 start(13): "00000001419b00328014170af6"
Sending frame 1644 size: 11 first packet: 4218 firstBytes(hex): "00000001419b2032800cab"
DBG send Start packet: 4218 frameNumber: 1644 frameSize: 11 start(13): "00000001419b2032800cab00ae"
Sending frame 1645 size: 11 first packet: 4220 firstBytes(hex): "00000001419b4032800cab"
DBG send Start packet: 4220 frameNumber: 1645 frameSize: 11 start(13): "00000001419b4032800cab00ae"
Sending frame 1646 size: 11 first packet: 4221 firstBytes(hex): "00000001419b6032800cab"
DBG send Start packet: 4221 frameNumber: 1646 frameSize: 11 start(13): "00000001419b6032800cab00ae"
Sending frame 1647 size: 178 first packet: 4222 firstBytes(hex): "00000001419b8032801aa70e600080814928534a"
DBG send Start packet: 4222 frameNumber: 1647 frameSize: 178 start(13): "00000001419b8032801aa70e60"
Sending frame 1648 size: 207 first packet: 4223 firstBytes(hex): "00000001419ba0328014177da000bd59926a7bbb"
DBG send Start packet: 4223 frameNumber: 1648 frameSize: 207 start(13): "00000001419ba0328014177da0"
Sending frame 1649 size: 183 first packet: 4225 firstBytes(hex): "00000001419bc0328014177e00623f75bdffc806"
DBG send Start packet: 4225 frameNumber: 1649 frameSize: 183 start(13): "00000001419bc0328014177e00"
Sending frame 1650 size: 108805 first packet: 4226 firstBytes(hex): "000000016742c01eda0360f79b84000003000400"
Found NAL unit at offset 0 type: 7 (SPS)
Found NAL unit at offset 28 type: 8 (PPS)
DBG send Start packet: 4226 frameNumber: 1650 frameSize: 108805 start(13): "000000016742c01eda0360f79b"
DBG send Continue packet: 4227 frameNumber: 1650 continue(12): "ffb91f4323945b529cf4e866"
DBG send Continue packet: 4228 frameNumber: 1650 continue(12): "ddc37c6d0adb9dff019c54c1"
DBG send Continue packet: 4230 frameNumber: 1650 continue(12): "2c1062fa63ba15a5efede031"
DBG send Continue packet: 4231 frameNumber: 1650 continue(12): "5f9d26ffd68865a6cf5d5287"
DBG send Continue packet: 4232 frameNumber: 1650 continue(12): "401800a34cbf111a51215db8"
DBG send Continue packet: 4233 frameNumber: 1650 continue(12): "0080b21174824b3d6af3f7a1"
DBG send Continue packet: 4235 frameNumber: 1650 continue(12): "ceaa5650179573e8d37723d6"
DBG send Continue packet: 4236 frameNumber: 1650 continue(12): "afdb2fffdb1681ccdddf5e7b"
DBG send Continue packet: 4237 frameNumber: 1650 continue(12): "73a417f80bbf808000409448"
DBG send Continue packet: 4238 frameNumber: 1650 continue(12): "2fbfa952375b21c167004080"
DBG send Continue packet: 4240 frameNumber: 1650 continue(12): "01c12a26c2d0e4bbd3a68000"
DBG send Continue packet: 4241 frameNumber: 1650 continue(12): "c000080480008044008e3b21"
DBG send Continue packet: 4242 frameNumber: 1650 continue(12): "489b6ab44d00f80038118050"
DBG send Continue packet: 4243 frameNumber: 1650 continue(12): "94df000a6c889865ec321ad0"
DBG send Continue packet: 4245 frameNumber: 1650 continue(12): "cd1e1562a6924b94e31a4dc0"
DBG send Continue packet: 4246 frameNumber: 1650 continue(12): "068a0be25623d57a602d8f00"
DBG send Continue packet: 4247 frameNumber: 1650 continue(12): "00cc04069b7c8943d9bd089a"
DBG send Continue packet: 4248 frameNumber: 1650 continue(12): "f02737e91a6e12f061b859eb"
DBG send Continue packet: 4250 frameNumber: 1650 continue(12): "960d7dcf6749577371bf5faf"
DBG send Continue packet: 4251 frameNumber: 1650 continue(12): "88e5a4ba144ea9961d718010"
DBG send Continue packet: 4252 frameNumber: 1650 continue(12): "9f08d2970fbff80407801cc1"
DBG send Continue packet: 4253 frameNumber: 1650 continue(12): "5f80c37864384fc45c37b76f"
DBG send Continue packet: 4255 frameNumber: 1650 continue(12): "7124c60feb5bfcf88b7af9fb"
DBG send Continue packet: 4256 frameNumber: 1650 continue(12): "dca254cc965cfefad007700c"
DBG send Continue packet: 4257 frameNumber: 1650 continue(12): "4c5748d20cd520b65c0a9012"
DBG send Continue packet: 4258 frameNumber: 1650 continue(12): "651762b0d3195fa3a1f71043"
DBG send Continue packet: 4260 frameNumber: 1650 continue(12): "00180100b85d9e44c43e686e"
DBG send Continue packet: 4261 frameNumber: 1650 continue(12): "22660c893fffa01940cec489"
DBG send Continue packet: 4262 frameNumber: 1650 continue(12): "c29425cd11e9741ec0d19cfa"
DBG send Continue packet: 4263 frameNumber: 1650 continue(12): "fedffc18004580519201c4f6"
DBG send Continue packet: 4265 frameNumber: 1650 continue(12): "2166567f8084dbed65a22b78"
DBG send Continue packet: 4266 frameNumber: 1650 continue(12): "9118006a4f86afffad80a69b"
DBG send Continue packet: 4267 frameNumber: 1650 continue(12): "1c21810558d9f17e8853d0de"
DBG send Continue packet: 4268 frameNumber: 1650 continue(12): "3a9770000200c1fac050fa24"
DBG send Continue packet: 4270 frameNumber: 1650 continue(12): "f001bbbcbbcb8149a671af81"
DBG send Continue packet: 4271 frameNumber: 1650 continue(12): "400084172f0e0659472a05c4"
DBG send Continue packet: 4272 frameNumber: 1650 continue(12): "04046000080280ce19934909"
DBG send Continue packet: 4273 frameNumber: 1650 continue(12): "040588a951bcae9a5ca42bb5"
DBG send Continue packet: 4275 frameNumber: 1650 continue(12): "41f56d6c255cfa8005000040"
DBG send Continue packet: 4276 frameNumber: 1650 continue(12): "45c970107e4b442687baa2bd"
DBG send Continue packet: 4277 frameNumber: 1650 continue(12): "200c42dac2c834800a1dc6ed"
DBG send Continue packet: 4278 frameNumber: 1650 continue(12): "478c2a80cbfecc87805de9c0"
DBG send Continue packet: 4280 frameNumber: 1650 continue(12): "8edbc5b31f68000201a2e304"
DBG send Continue packet: 4281 frameNumber: 1650 continue(12): "1235f833fa0300d13201b748"
DBG send Continue packet: 4282 frameNumber: 1650 continue(12): "6c8edb5f3dd92d366be1b82c"
DBG send Continue packet: 4283 frameNumber: 1650 continue(12): "5d186903309e307f85ff2000"
DBG send Continue packet: 4285 frameNumber: 1650 continue(12): "0c4e53fd81716358328bb463"
DBG send Continue packet: 4286 frameNumber: 1650 continue(12): "0614b4a127f79fe0045100f6"
DBG send Continue packet: 4287 frameNumber: 1650 continue(12): "cb16f733b2e7067ee080e480"
DBG send Continue packet: 4288 frameNumber: 1650 continue(12): "56d9a000206cacfb35400401"
DBG send Continue packet: 4290 frameNumber: 1650 continue(12): "e402149b9f8704293730e085"
DBG send Continue packet: 4291 frameNumber: 1650 continue(12): "76f043ecc17932ef78167000"
DBG send Continue packet: 4292 frameNumber: 1650 continue(12): "823be5880002004019042129"
DBG send Continue packet: 4293 frameNumber: 1650 continue(12): "5c609b77c7a8040ef93f1beb"
DBG send Continue packet: 4295 frameNumber: 1650 continue(12): "c2dc7158f04e7848b2d0300c"
DBG send Continue packet: 4296 frameNumber: 1650 continue(12): "4c0affeb7c00018869c549f2"
DBG send Continue packet: 4297 frameNumber: 1650 continue(12): "7a94a14d8c69bb5248448906"
DBG send Continue packet: 4298 frameNumber: 1650 continue(12): "c30b08ab7df102ad6e120413"
DBG send Continue packet: 4300 frameNumber: 1650 continue(12): "000200a80180c034980079e4"
DBG send Continue packet: 4301 frameNumber: 1650 continue(12): "6aa5280e9e4a7bfff8200c18"
DBG send Continue packet: 4302 frameNumber: 1650 continue(12): "40ae83db8042f8c6e380252b"
DBG send Continue packet: 4303 frameNumber: 1650 continue(12): "702518a4ad85adc93ce189f1"
DBG send Continue packet: 4305 frameNumber: 1650 continue(12): "488b830d1682dc1063939147"
DBG send Continue packet: 4306 frameNumber: 1650 continue(12): "cd35e1167bdc451895d72c5e"
DBG send Continue packet: 4307 frameNumber: 1650 continue(12): "f8ec1126d27efcfdfd5d2f4b"
DBG send Continue packet: 4308 frameNumber: 1650 continue(12): "12b38240a33b3ad96653ef17"
DBG send Continue packet: 4310 frameNumber: 1650 continue(12): "10030001000f0955e36bd431"
DBG send Continue packet: 4311 frameNumber: 1650 continue(12): "7f34a02b114f293f9fd926f9"
DBG send Continue packet: 4312 frameNumber: 1650 continue(12): "40197a67d95c00d3c308870b"
DBG send Continue packet: 4313 frameNumber: 1650 continue(12): "104a05ccb4684eb0ebb79a8d"
DBG send Continue packet: 4315 frameNumber: 1650 continue(12): "000402c000a22070e4038cdd"
DBG send Continue packet: 4316 frameNumber: 1650 continue(12): "28d0782ee3c32f0020805d94"
DBG send Continue packet: 4317 frameNumber: 1650 continue(12): "9df7213256a824688814336c"
DBG send Continue packet: 4318 frameNumber: 1650 continue(12): "f6f718f0fa171a444270ff69"
DBG send Continue packet: 4320 frameNumber: 1650 continue(12): "a65c56200bbbf0930b9aac5b"
DBG send Continue packet: 4321 frameNumber: 1650 continue(12): "0c5446a8ad76c260a54e77fe"
DBG send Continue packet: 4322 frameNumber: 1650 continue(12): "a00670a51c5b6845846143dd"
DBG send Continue packet: 4323 frameNumber: 1650 continue(12): "31418ff89354cb521a061848"
DBG send Continue packet: 4325 frameNumber: 1650 continue(12): "0ff98c3cc619df70a0c4b6e9"
DBG send Continue packet: 4326 frameNumber: 1650 continue(12): "22000e080688165701e41659"
DBG send Continue packet: 4327 frameNumber: 1650 continue(12): "7d4fb7e8eff38dec8d796390"
DBG send Continue packet: 4328 frameNumber: 1650 continue(12): "055ab9a000207e42dda40090"
DBG send Continue packet: 4330 frameNumber: 1650 continue(12): "db6c4581c907e467048f374b"
DBG send Continue packet: 4331 frameNumber: 1650 continue(12): "05e1082acb2f1e3156df8088"
DBG send Continue packet: 4332 frameNumber: 1650 continue(12): "2ecf902cbc066a257789be7f"
DBG send Continue packet: 4333 frameNumber: 1650 continue(12): "89faddfe17ec000201831528"
DBG send Continue packet: 4335 frameNumber: 1650 continue(12): "0001096dda403b010282e0d2"
DBG send Continue packet: 4336 frameNumber: 1650 continue(12): "18d1a42a68fa48b4566c0ad1"
DBG send Continue packet: 4337 frameNumber: 1650 continue(12): "1e31561c8ffe2494e843c68c"
DBG send Continue packet: 4338 frameNumber: 1650 continue(12): "0918ac24c25a31de2c55475c"
DBG send End packet: 4340 frameNumber: 1650 end(12): "1054e4a378ece216f2e0e451"
StreamerWidget: Sent frame 1650 for stream "QGZMKE"
=== New Protocol Statistics (Stream: 52323248) ===
Time: 47.3s | Frames: 447 sent, 0 received (4341% loss)
Packets: 0 sent, 0 received | Data Rate: 0/0 KB/s
FEC: %10 groups sent, %11 recovered, %12 packets recovered
=================================
Sending frame 1651 size: 11 first packet: 4341 firstBytes(hex): "00000001419a20e800cab0"
DBG send Start packet: 4341 frameNumber: 1651 frameSize: 11 start(13): "00000001419a20e800cab000ae"
Sending frame 1652 size: 11 first packet: 4342 firstBytes(hex): "00000001419a405a0032ac"
DBG send Start packet: 4342 frameNumber: 1652 frameSize: 11 start(13): "00000001419a405a0032ac00ae"
Sending frame 1653 size: 11 first packet: 4343 firstBytes(hex): "00000001419a607a0032ac"
DBG send Start packet: 4343 frameNumber: 1653 frameSize: 11 start(13): "00000001419a607a0032ac00ae"
Sending frame 1654 size: 14 first packet: 4345 firstBytes(hex): "00000001419a8026800c99d65130"
DBG send Start packet: 4345 frameNumber: 1654 frameSize: 14 start(13): "00000001419a8026800c99d651"
Sending frame 1655 size: 11 first packet: 4346 firstBytes(hex): "00000001419aa02a800cab"
DBG send Start packet: 4346 frameNumber: 1655 frameSize: 11 start(13): "00000001419aa02a800cab00ae"
Sending frame 1656 size: 42 first packet: 4347 firstBytes(hex): "00000001419ac02e81b7375501addddf0086725d"
DBG send Start packet: 4347 frameNumber: 1656 frameSize: 42 start(13): "00000001419ac02e81b7375501"
Sending frame 1657 size: 98 first packet: 4348 firstBytes(hex): "00000001419ae03280103717da6b69a15d4c9029"
DBG send Start packet: 4348 frameNumber: 1657 frameSize: 98 start(13): "00000001419ae03280103717da"
Sending frame 1658 size: 11 first packet: 4350 firstBytes(hex): "00000001419b0032800cab"
DBG send Start packet: 4350 frameNumber: 1658 frameSize: 11 start(13): "00000001419b0032800cab00ae"
Sending frame 1659 size: 11 first packet: 4351 firstBytes(hex): "00000001419b2032800cab"
DBG send Start packet: 4351 frameNumber: 1659 frameSize: 11 start(13): "00000001419b2032800cab00ae"
Sending frame 1660 size: 11 first packet: 4352 firstBytes(hex): "00000001419b4032800cab"
DBG send Start packet: 4352 frameNumber: 1660 frameSize: 11 start(13): "00000001419b4032800cab00ae"
Sending frame 1661 size: 11 first packet: 4353 firstBytes(hex): "00000001419b6032800cab"
DBG send Start packet: 4353 frameNumber: 1661 frameSize: 11 start(13): "00000001419b6032800cab00ae"
Sending frame 1662 size: 11 first packet: 4355 firstBytes(hex): "00000001419b8032800cab"
DBG send Start packet: 4355 frameNumber: 1662 frameSize: 11 start(13): "00000001419b8032800cab00ae"
Sending frame 1663 size: 11 first packet: 4356 firstBytes(hex): "00000001419ba032800cab"
DBG send Start packet: 4356 frameNumber: 1663 frameSize: 11 start(13): "00000001419ba032800cab00ae"
Sending frame 1664 size: 154 first packet: 4357 firstBytes(hex): "00000001419bc03680299cdd5d72eab010fc977c"
DBG send Start packet: 4357 frameNumber: 1664 frameSize: 154 start(13): "00000001419bc03680299cdd5d"
Sending frame 1665 size: 108668 first packet: 4358 firstBytes(hex): "000000016742c01eda0360f79b84000003000400"
Found NAL unit at offset 0 type: 7 (SPS)
Found NAL unit at offset 28 type: 8 (PPS)
DBG send Start packet: 4358 frameNumber: 1665 frameSize: 108668 start(13): "000000016742c01eda0360f79b"
DBG send Continue packet: 4360 frameNumber: 1665 continue(12): "ffee47d0c8e516d4a73d3a19"
DBG send Continue packet: 4361 frameNumber: 1665 continue(12): "3770df1b42b6e77fc0671530"
DBG send Continue packet: 4362 frameNumber: 1665 continue(12): "8b0418be98ee85697bfb780c"
DBG send Continue packet: 4363 frameNumber: 1665 continue(12): "97e749bff5a21969b3d754a1"
DBG send Continue packet: 4365 frameNumber: 1665 continue(12): "d0060028d32fc4469448576e"
DBG send Continue packet: 4366 frameNumber: 1665 continue(12): "00202c845d2092cf5abcfde8"
DBG send Continue packet: 4367 frameNumber: 1665 continue(12): "f3aa959405e55cfa34ddc8f5"
DBG send Continue packet: 4368 frameNumber: 1665 continue(12): "f6cbfff6c5a0733777d79ed2"
DBG send Continue packet: 4370 frameNumber: 1665 continue(12): "e905fe02efe0200010251224"
DBG send Continue packet: 4371 frameNumber: 1665 continue(12): "efea548dd6c87059c0102000"
DBG send Continue packet: 4372 frameNumber: 1665 continue(12): "704a89b0b4392ef4e9a00008"
DBG send Continue packet: 4373 frameNumber: 1665 continue(12): "0002012000201100238ec872"
DBG send Continue packet: 4375 frameNumber: 1665 continue(12): "02034017c02482202706a94c"
DBG send Continue packet: 4376 frameNumber: 1665 continue(12): "0acae56c5de48a84c95ffe03"
DBG send Continue packet: 4377 frameNumber: 1665 continue(12): "596140e63c1d126dea9579e9"
DBG send Continue packet: 4378 frameNumber: 1665 continue(12): "48acdcd8107ffe0a06187730"
DBG send Continue packet: 4380 frameNumber: 1665 continue(12): "54023b18c80005ed00512762"
DBG send Continue packet: 4381 frameNumber: 1665 continue(12): "9d9014c2e1800401daac0007"
DBG send Continue packet: 4382 frameNumber: 1665 continue(12): "4773fffe003a0205ce08cf8d"
DBG send Continue packet: 4383 frameNumber: 1665 continue(12): "00040695676a70034318bc00"
DBG send Continue packet: 4385 frameNumber: 1665 continue(12): "fce19feeeceb35adff9c8b11"
DBG send Continue packet: 4386 frameNumber: 1665 continue(12): "20d770fd6ca3a96c7e5e3663"
DBG send Continue packet: 4387 frameNumber: 1665 continue(12): "012b2028c380c257146ae1f0"
DBG send Continue packet: 4388 frameNumber: 1665 continue(12): "001040d3cded3409156d770a"
DBG send Continue packet: 4390 frameNumber: 1665 continue(12): "27b980c386b8a97fed009c1c"
DBG send Continue packet: 4391 frameNumber: 1665 continue(12): "3a19a0b1fee184c14079b470"
DBG send Continue packet: 4392 frameNumber: 1665 continue(12): "fe65f836091fc1c60006000e"
DBG send Continue packet: 4393 frameNumber: 1665 continue(12): "8eca92f38a447b700283302f"
DBG send Continue packet: 4395 frameNumber: 1665 continue(12): "040070002006d6e2b64cd25c"
DBG send Continue packet: 4396 frameNumber: 1665 continue(12): "380018056dcc380018056dcd"
DBG send Continue packet: 4397 frameNumber: 1665 continue(12): "70001ca00020255804c68094"
DBG send Continue packet: 4398 frameNumber: 1665 continue(12): "b475513e4f8d9748c104b03f"
DBG send Continue packet: 4400 frameNumber: 1665 continue(12): "6f0b38020006038e7de4c4f4"
DBG send Continue packet: 4401 frameNumber: 1665 continue(12): "e3027283422065d687968528"
DBG send Continue packet: 4402 frameNumber: 1665 continue(12): "731bdc7489eb44430c30ff00"
DBG send Continue packet: 4403 frameNumber: 1665 continue(12): "00064009005ac1d98000641c"
DBG send Continue packet: 4405 frameNumber: 1665 continue(12): "1e809713101708092487823c"
DBG send Continue packet: 4406 frameNumber: 1665 continue(12): "e06bda4f3edf5bdff6c06ec8"
DBG send Continue packet: 4407 frameNumber: 1665 continue(12): "ad06fffe46731dd117ff5618"
DBG send Continue packet: 4408 frameNumber: 1665 continue(12): "8c5363f1c3034000405c0004"
DBG send Continue packet: 4410 frameNumber: 1665 continue(12): "c7da7600dba10773f9ba1fec"
DBG send Continue packet: 4411 frameNumber: 1665 continue(12): "7c93fee0001043804e537c2f"
DBG send Continue packet: 4412 frameNumber: 1665 continue(12): "8dced9c2557c9f30d2d7f7ea"
DBG send Continue packet: 4413 frameNumber: 1665 continue(12): "000408d0e0002063f65a5956"
DBG send Continue packet: 4415 frameNumber: 1665 continue(12): "08b2e33441e266f8c9c4300b"
DBG send Continue packet: 4416 frameNumber: 1665 continue(12): "80402bb837842cdc11e8f092"
DBG send Continue packet: 4417 frameNumber: 1665 continue(12): "2eebd60ba80021114e726773"
DBG send Continue packet: 4418 frameNumber: 1665 continue(12): "ccfb55fa9e01190cbf106e69"
DBG send Continue packet: 4420 frameNumber: 1665 continue(12): "f51f3ec0c240dc140e000945"
DBG send Continue packet: 4421 frameNumber: 1665 continue(12): "02461dc00e2c78e0123c1734"
DBG send Continue packet: 4422 frameNumber: 1665 continue(12): "d1c670327f0afe5a8c178420"
DBG send Continue packet: 4423 frameNumber: 1665 continue(12): "5004d686c35b4df4c17501ee"
DBG send Continue packet: 4425 frameNumber: 1665 continue(12): "0c3d0000403c05126a4b8394"
DBG send Continue packet: 4426 frameNumber: 1665 continue(12): "00cc63180415e17d00132189"
DBG send Continue packet: 4427 frameNumber: 1665 continue(12): "890a3b2a77200160709a04e8"
DBG send Continue packet: 4428 frameNumber: 1665 continue(12): "32c700094800ad307a0c9b56"
DBG send Continue packet: 4430 frameNumber: 1665 continue(12): "ceb2b5bfe6f9602c002efa80"
DBG send Continue packet: 4431 frameNumber: 1665 continue(12): "0e41b64c851f07e120d45038"
DBG send Continue packet: 4432 frameNumber: 1665 continue(12): "90a9bddc0639e69e70269218"
DBG send Continue packet: 4433 frameNumber: 1665 continue(12): "3f3a0057e994003c85d40700"
DBG send Continue packet: 4435 frameNumber: 1665 continue(12): "e83ab12e328932844000400e"
DBG send Continue packet: 4436 frameNumber: 1665 continue(12): "448a620ff79b00508d678700"
DBG send Continue packet: 4437 frameNumber: 1665 continue(12): "25474a86f17c2eae5349b66d"
DBG send Continue packet: 4438 frameNumber: 1665 continue(12): "1f1326476fedb6977fff70cb"
DBG send Continue packet: 4440 frameNumber: 1665 continue(12): "ad28136debb80031028452c9"
DBG send Continue packet: 4441 frameNumber: 1665 continue(12): "41c1f30b8835feac2820cfc3"
DBG send Continue packet: 4442 frameNumber: 1665 continue(12): "946e6317477d1a00b801c29e"
DBG send Continue packet: 4443 frameNumber: 1665 continue(12): "4024038c223acdccd87c51ee"
DBG send Continue packet: 4445 frameNumber: 1665 continue(12): "8800020bc00045ea1b2e75f0"
DBG send Continue packet: 4446 frameNumber: 1665 continue(12): "b63493f3ec65b7bfdc92ff72"
DBG send Continue packet: 4447 frameNumber: 1665 continue(12): "020229390a2e74a24000102a"
DBG send Continue packet: 4448 frameNumber: 1665 continue(12): "2ceaa7e0213441c99dd35539"
DBG send Continue packet: 4450 frameNumber: 1665 continue(12): "15a14ab7555b1622d7810561"
DBG send Continue packet: 4451 frameNumber: 1665 continue(12): "7c588a0bb9c000ca070247a6"
DBG send Continue packet: 4452 frameNumber: 1665 continue(12): "372fe6fbb7fe9337f0056927"
DBG send Continue packet: 4453 frameNumber: 1665 continue(12): "b0002a00020378036c0dcd7a"
DBG send Continue packet: 4455 frameNumber: 1665 continue(12): "74c8108f73c375b005800080"
DBG send Continue packet: 4456 frameNumber: 1665 continue(12): "c05055810f10f29336f3a106"
DBG send Continue packet: 4457 frameNumber: 1665 continue(12): "97bf005c0a32d8ea375ecd34"
DBG send Continue packet: 4458 frameNumber: 1665 continue(12): "4b75181e50469c2e4a3a7384"
DBG send Continue packet: 4460 frameNumber: 1665 continue(12): "6a0647f4e700ad0567f0b6e9"
DBG send Continue packet: 4461 frameNumber: 1665 continue(12): "400338049e1f4c96cd7e6aeb"
DBG send Continue packet: 4462 frameNumber: 1665 continue(12): "02c8fd622143400010220003"
DBG send Continue packet: 4463 frameNumber: 1665 continue(12): "54109b792180100679c1babb"
DBG send Continue packet: 4465 frameNumber: 1665 continue(12): "bc04d6ff6c174f04f1837e1f"
DBG send Continue packet: 4466 frameNumber: 1665 continue(12): "a586f8317e964bdbdcae4a18"
DBG send Continue packet: 4467 frameNumber: 1665 continue(12): "307cb2df5e165f00182bce1e"
DBG send Continue packet: 4468 frameNumber: 1665 continue(12): "54a3c3783d68020b84091182"
DBG send Continue packet: 4470 frameNumber: 1665 continue(12): "0f96004cd91000c1432f5a1f"
DBG send Continue packet: 4471 frameNumber: 1665 continue(12): "0040c0000406747fc03d3601"
DBG send End packet: 4472 frameNumber: 1665 end(12): "cdef984b08b810abe7e7a6d3"
Start stream requested for: "QGZMKE"
Start stream requested for device: 0
=== StreamerWidget::startStream() DEBUG ===
Device index: 0
Stream state: 2
StreamManager pointer: StreamManager(0x2a1c5e39350)
Cannot start stream - wrong state: 2
Sending frame 1666 size: 158 first packet: 4473 firstBytes(hex): "00000001419a20e8010a7360b11c4a2ef2de2e0e"
DBG send Start packet: 4473 frameNumber: 1666 frameSize: 158 start(13): "00000001419a20e8010a7360b1"
Sending frame 1667 size: 246 first packet: 4475 firstBytes(hex): "00000001419a405a0042bc5c6e3201f1c040ef83"
DBG send Start packet: 4475 frameNumber: 1667 frameSize: 246 start(13): "00000001419a405a0042bc5c6e"
Sending frame 1668 size: 76 first packet: 4476 firstBytes(hex): "00000001419a607a00429cd8256d6f4df4f2e238"
DBG send Start packet: 4476 frameNumber: 1668 frameSize: 76 start(13): "00000001419a607a00429cd825"
Sending frame 1669 size: 245 first packet: 4477 firstBytes(hex): "00000001419a80268010af1709f01f4ad3baaa40"
DBG send Start packet: 4477 frameNumber: 1669 frameSize: 245 start(13): "00000001419a80268010af1709"
Sending frame 1670 size: 204 first packet: 4478 firstBytes(hex): "00000001419aa02a8014177d030af201a5c39c00"
DBG send Start packet: 4478 frameNumber: 1670 frameSize: 204 start(13): "00000001419aa02a8014177d03"
Sending frame 1671 size: 385 first packet: 4480 firstBytes(hex): "00000001419ac02e81b7375500dcf25ef04fc5e5"
DBG send Start packet: 4480 frameNumber: 1671 frameSize: 385 start(13): "00000001419ac02e81b7375500"
Sending frame 1672 size: 273 first packet: 4481 firstBytes(hex): "00000001419ae02e8014177e001f66529b6e4ffd"
DBG send Start packet: 4481 frameNumber: 1672 frameSize: 273 start(13): "00000001419ae02e8014177e00"
Sending frame 1673 size: 547 first packet: 4482 firstBytes(hex): "00000001419b002e8014170cf0004ca98d12ddad"
DBG send Start packet: 4482 frameNumber: 1673 frameSize: 547 start(13): "00000001419b002e8014170cf0"
Sending frame 1674 size: 457 first packet: 4483 firstBytes(hex): "00000001419b203280103717da6b69a15d4c9273"
DBG send Start packet: 4483 frameNumber: 1674 frameSize: 457 start(13): "00000001419b203280103717da"
Sending frame 1675 size: 430 first packet: 4485 firstBytes(hex): "00000001419b4032807ff3701c000c8761499836"
DBG send Start packet: 4485 frameNumber: 1675 frameSize: 430 start(13): "00000001419b4032807ff3701c"
Sending frame 1676 size: 60 first packet: 4486 firstBytes(hex): "00000001419b60328010af3781b34980db8ac1d2"
DBG send Start packet: 4486 frameNumber: 1676 frameSize: 60 start(13): "00000001419b60328010af3781"
Sending frame 1677 size: 436 first packet: 4487 firstBytes(hex): "00000001419b8032807ff3701c000b0659699836"
DBG send Start packet: 4487 frameNumber: 1677 frameSize: 436 start(13): "00000001419b8032807ff3701c"
Sending frame 1678 size: 71 first packet: 4488 firstBytes(hex): "00000001419ba0328010af37818934c06dc560f6"
DBG send Start packet: 4488 frameNumber: 1678 frameSize: 71 start(13): "00000001419ba0328010af3781"
Sending frame 1679 size: 11 first packet: 4490 firstBytes(hex): "00000001419bc032800cab"
DBG send Start packet: 4490 frameNumber: 1679 frameSize: 11 start(13): "00000001419bc032800cab00ae"
Sending frame 1680 size: 103908 first packet: 4491 firstBytes(hex): "000000016742c01eda0360f79b84000003000400"
Found NAL unit at offset 0 type: 7 (SPS)
Found NAL unit at offset 28 type: 8 (PPS)
DBG send Start packet: 4491 frameNumber: 1680 frameSize: 103908 start(13): "000000016742c01eda0360f79b"
DBG send Continue packet: 4492 frameNumber: 1680 continue(12): "6001031e40bbfd0dc2455cd7"
DBG send Continue packet: 4493 frameNumber: 1680 continue(12): "cd0da5f80480008008448886"
DBG send Continue packet: 4495 frameNumber: 1680 continue(12): "000400000e32e277b787bc6b"
DBG send Continue packet: 4496 frameNumber: 1680 continue(12): "b404785388db702170bd2a61"
DBG send Continue packet: 4497 frameNumber: 1680 continue(12): "00808c4989137ef5592bcb06"
DBG send Continue packet: 4498 frameNumber: 1680 continue(12): "0a20aedb5bc8f6c69c000080"
DBG send Continue packet: 4500 frameNumber: 1680 continue(12): "80ee3be3a7e89171ef5fd640"
DBG send Continue packet: 4501 frameNumber: 1680 continue(12): "2e35680485644fb100814813"
DBG send Continue packet: 4502 frameNumber: 1680 continue(12): "d00004060ec00620043eb3e1"
DBG send Continue packet: 4503 frameNumber: 1680 continue(12): "05d76d56e8d6b413bff00a00"
DBG send Continue packet: 4505 frameNumber: 1680 continue(12): "893800030001027b440d16a5"
DBG send Continue packet: 4506 frameNumber: 1680 continue(12): "ff3d97d1001e64bab3d3059c"
DBG send Continue packet: 4507 frameNumber: 1680 continue(12): "71143c06298941f807c0ca3a"
DBG send Continue packet: 4508 frameNumber: 1680 continue(12): "9cb054d802e05c2f2cecbfaf"
DBG send Continue packet: 4510 frameNumber: 1680 continue(12): "3c8891f83f51061170004351"
DBG send Continue packet: 4511 frameNumber: 1680 continue(12): "090ed3a0350287e750fbfd92"
DBG send Continue packet: 4512 frameNumber: 1680 continue(12): "2e690ad1540d0000405073fc"
DBG send Continue packet: 4513 frameNumber: 1680 continue(12): "82effff8215871e42c615113"
DBG send Continue packet: 4515 frameNumber: 1680 continue(12): "8ff9efc1d51fb0905fe00405"
DBG send Continue packet: 4516 frameNumber: 1680 continue(12): "fd8180140ad5486db32374ff"
DBG send Continue packet: 4517 frameNumber: 1680 continue(12): "66eae08f15aaabe000781cc1"
DBG send Continue packet: 4518 frameNumber: 1680 continue(12): "a391438648157b8000101f00"
DBG send Continue packet: 4520 frameNumber: 1680 continue(12): "30f30ce7fe79f655688fb840"
DBG send Continue packet: 4521 frameNumber: 1680 continue(12): "ffda00180c35941e17f13d6f"
DBG send Continue packet: 4522 frameNumber: 1680 continue(12): "586181ce308f149d29b8ddff"
DBG send Continue packet: 4523 frameNumber: 1680 continue(12): "fea68b2f87157ba237e4d8d4"
DBG send Continue packet: 4525 frameNumber: 1680 continue(12): "a4f71b9065a80004086802d8"
DBG send Continue packet: 4526 frameNumber: 1680 continue(12): "c8b6e203032000aaffec9b2f"
DBG send Continue packet: 4527 frameNumber: 1680 continue(12): "01c58bb66d1acaad25590f01"
DBG send Continue packet: 4528 frameNumber: 1680 continue(12): "c1118bd533f7f696c4d1d4df"
DBG send Continue packet: 4530 frameNumber: 1680 continue(12): "8fe0aefadea5b7f198f7779e"
DBG send Continue packet: 4531 frameNumber: 1680 continue(12): "31bc0d0735040e6b9fd12107"
DBG send Continue packet: 4532 frameNumber: 1680 continue(12): "28196afe6fef6c5f9477f1db"
DBG send Continue packet: 4533 frameNumber: 1680 continue(12): "34c1159078bba100b10a105d"
DBG send Continue packet: 4535 frameNumber: 1680 continue(12): "85b962f49fcb804f1fdf0ee6"
DBG send Continue packet: 4536 frameNumber: 1680 continue(12): "78139655888916afc5ff8058"
DBG send Continue packet: 4537 frameNumber: 1680 continue(12): "68a7804063026914662fac13"
DBG send Continue packet: 4538 frameNumber: 1680 continue(12): "ae44f4e22289eb589408003c"
DBG send Continue packet: 4540 frameNumber: 1680 continue(12): "591bff60486000200903ad42"
DBG send Continue packet: 4541 frameNumber: 1680 continue(12): "d86b10c8e0600a4009792169"
DBG send Continue packet: 4542 frameNumber: 1680 continue(12): "00004038bc0004005a3501ad"
DBG send Continue packet: 4543 frameNumber: 1680 continue(12): "f28000405c00126e0048c7d8"
DBG send Continue packet: 4545 frameNumber: 1680 continue(12): "5c17f98e7eace05a7df6594f"
DBG send Continue packet: 4546 frameNumber: 1680 continue(12): "60eafd3018a97b411f7c8b21"
DBG send Continue packet: 4547 frameNumber: 1680 continue(12): "4393adf690bd2db72422c199"
DBG send Continue packet: 4548 frameNumber: 1680 continue(12): "c052320d652f0ee7497c6004"
DBG send Continue packet: 4550 frameNumber: 1680 continue(12): "83bdf3fe4003b000963e8270"
DBG send Continue packet: 4551 frameNumber: 1680 continue(12): "8000200e00c187ca952848f1"
DBG send Continue packet: 4552 frameNumber: 1680 continue(12): "9fe101640675fe0f91c6cf22"
DBG send Continue packet: 4553 frameNumber: 1680 continue(12): "580a0cd64375349b6ec2eacf"
DBG send Continue packet: 4555 frameNumber: 1680 continue(12): "445cb4c1f64ecd4e00049adb"
DBG send Continue packet: 4556 frameNumber: 1680 continue(12): "fe001850fc24902512be0c70"
DBG send Continue packet: 4557 frameNumber: 1680 continue(12): "1f0d21dc1542ea81c030be00"
DBG send Continue packet: 4558 frameNumber: 1680 continue(12): "5eaf7ffff581ac8b3fc06779"
DBG send Continue packet: 4560 frameNumber: 1680 continue(12): "26c9e5000573fd580dcadfff"
DBG send Continue packet: 4561 frameNumber: 1680 continue(12): "5f7616142979c06c0002035a"
DBG send Continue packet: 4562 frameNumber: 1680 continue(12): "dc00c0b66ac854abed285d8f"
DBG send Continue packet: 4563 frameNumber: 1680 continue(12): "f5025b3428a5bfabd88f008f"
DBG send Continue packet: 4565 frameNumber: 1680 continue(12): "ff9b964f5923dd34f28f4f71"
DBG send Continue packet: 4566 frameNumber: 1680 continue(12): "615a61000233dd009970d0a4"
DBG send Continue packet: 4567 frameNumber: 1680 continue(12): "6bfbffff80800f4945052391"
DBG send Continue packet: 4568 frameNumber: 1680 continue(12): "4e708722a3cdfffe20008a84"
DBG send Continue packet: 4570 frameNumber: 1680 continue(12): "1a0728be9474309553f34c38"
DBG send Continue packet: 4571 frameNumber: 1680 continue(12): "200e000203a9354400174147"
DBG send Continue packet: 4572 frameNumber: 1680 continue(12): "4a6858ddfe61f547db8ff782"
DBG send Continue packet: 4573 frameNumber: 1680 continue(12): "9c814449bee1848006b41b40"
DBG send Continue packet: 4575 frameNumber: 1680 continue(12): "0657c000100c77038e6d7ac0"
DBG send Continue packet: 4576 frameNumber: 1680 continue(12): "979b95f004a00020399f2773"
DBG send Continue packet: 4577 frameNumber: 1680 continue(12): "847b5ba656fe75c3dab7537f"
DBG send Continue packet: 4578 frameNumber: 1680 continue(12): "80a0c80c13f96ae9308e9363"
DBG send Continue packet: 4580 frameNumber: 1680 continue(12): "45f5ce4ca47040624e7a312f"
DBG send Continue packet: 4581 frameNumber: 1680 continue(12): "5d75d75d75d75d75d75d75d7"
DBG send Continue packet: 4582 frameNumber: 1680 continue(12): "ff23a7cba33fdc31628630e0"
DBG send Continue packet: 4583 frameNumber: 1680 continue(12): "69fc8656dfaa0e7fb72a8ed3"
DBG send Continue packet: 4585 frameNumber: 1680 continue(12): "bd598c263f972061f083a562"
DBG send Continue packet: 4586 frameNumber: 1680 continue(12): "892d2ff710019030fba9d7fc"
DBG send Continue packet: 4587 frameNumber: 1680 continue(12): "e49ed718252837a9a197209a"
DBG send Continue packet: 4588 frameNumber: 1680 continue(12): "adc0484072c52d772d85538d"
DBG send Continue packet: 4590 frameNumber: 1680 continue(12): "c5229072dac554ad7bf71883"
DBG send Continue packet: 4591 frameNumber: 1680 continue(12): "eca6442ff07fc1033046ba57"
DBG send Continue packet: 4592 frameNumber: 1680 continue(12): "408c4d2d3c3b007005c1582a"
DBG send Continue packet: 4593 frameNumber: 1680 continue(12): "963fe907e175f60033d00e70"
DBG send Continue packet: 4595 frameNumber: 1680 continue(12): "fdb6fc7a929ffb6dedb63d40"
DBG send Continue packet: 4596 frameNumber: 1680 continue(12): "01c008f870f20d45752add02"
DBG send Continue packet: 4597 frameNumber: 1680 continue(12): "7001a72cc16b451e000bd82a"
DBG send Continue packet: 4598 frameNumber: 1680 continue(12): "04cbed1340002012cf948000"
DBG send End packet: 4600 frameNumber: 1680 end(12): "d8a5b321cc3641c000400c00"
StreamerWidget: Sent frame 1680 for stream "QGZMKE"
Sending frame 1681 size: 11 first packet: 4601 firstBytes(hex): "00000001419a20e800cab0"
DBG send Start packet: 4601 frameNumber: 1681 frameSize: 11 start(13): "00000001419a20e800cab000ae"
Sending frame 1682 size: 11 first packet: 4602 firstBytes(hex): "00000001419a405a0032ac"
DBG send Start packet: 4602 frameNumber: 1682 frameSize: 11 start(13): "00000001419a405a0032ac00ae"
Sending frame 1683 size: 11 first packet: 4603 firstBytes(hex): "00000001419a607a0032ac"
DBG send Start packet: 4603 frameNumber: 1683 frameSize: 11 start(13): "00000001419a607a0032ac00a1"
Sending frame 1684 size: 20 first packet: 4605 firstBytes(hex): "00000001419a8026801097568010d7ab4bd75130"
DBG send Start packet: 4605 frameNumber: 1684 frameSize: 20 start(13): "00000001419a80268010975680"
Sending frame 1685 size: 14 first packet: 4606 firstBytes(hex): "00000001419aa02a800c99086260"
DBG send Start packet: 4606 frameNumber: 1685 frameSize: 14 start(13): "00000001419aa02a800c990862"
Sending frame 1686 size: 130 first packet: 4607 firstBytes(hex): "00000001419ac02e8039fc97bc13853fffc0039f"
DBG send Start packet: 4607 frameNumber: 1686 frameSize: 130 start(13): "00000001419ac02e8039fc97bc"
Sending frame 1687 size: 188 first packet: 4608 firstBytes(hex): "00000001419ae03281cf2dd70115cd5dcdcb5d41"
DBG send Start packet: 4608 frameNumber: 1687 frameSize: 188 start(13): "00000001419ae03281cf2dd701"
Sending frame 1688 size: 472 first packet: 4610 firstBytes(hex): "00000001419b0032807ff3701c000c8751c99836"
DBG send Start packet: 4610 frameNumber: 1688 frameSize: 472 start(13): "00000001419b0032807ff3701c"
Sending frame 1689 size: 592 first packet: 4611 firstBytes(hex): "00000001419b2032807ff3701c000c0659699836"
DBG send Start packet: 4611 frameNumber: 1689 frameSize: 592 start(13): "00000001419b2032807ff3701c"
Sending frame 1690 size: 303 first packet: 4612 firstBytes(hex): "00000001419b40328010af37818a6980db8ac628"
DBG send Start packet: 4612 frameNumber: 1690 frameSize: 303 start(13): "00000001419b40328010af3781"
Sending frame 1691 size: 573 first packet: 4613 firstBytes(hex): "00000001419b603280125f3655ec60df857c0052"
DBG send Start packet: 4613 frameNumber: 1691 frameSize: 573 start(13): "00000001419b603280125f3655"
Sending frame 1692 size: 817 first packet: 4615 firstBytes(hex): "00000001419b802e8014170af03d0fc291881b00"
DBG send Start packet: 4615 frameNumber: 1692 frameSize: 817 start(13): "00000001419b802e8014170af0"
Sending frame 1693 size: 340 first packet: 4616 firstBytes(hex): "00000001419ba03280141711c0eb0bc2e8883644"
DBG send Start packet: 4616 frameNumber: 1693 frameSize: 340 start(13): "00000001419ba03280141711c0"
Sending frame 1694 size: 189 first packet: 4617 firstBytes(hex): "00000001419bc0328014172709f86dcfef800583"
DBG send Start packet: 4617 frameNumber: 1694 frameSize: 189 start(13): "00000001419bc0328014172709"
Sending frame 1695 size: 103987 first packet: 4618 firstBytes(hex): "000000016742c01eda0360f79b84000003000400"
Found NAL unit at offset 0 type: 7 (SPS)
Found NAL unit at offset 28 type: 8 (PPS)
DBG send Start packet: 4618 frameNumber: 1695 frameSize: 103987 start(13): "000000016742c01eda0360f79b"
DBG send Continue packet: 4620 frameNumber: 1695 continue(12): "180040c7902eff4370915735"
DBG send Continue packet: 4621 frameNumber: 1695 continue(12): "7343697e0120002002112221"
DBG send Continue packet: 4622 frameNumber: 1695 continue(12): "0001000003038cb89dede1ef"
DBG send Continue packet: 4623 frameNumber: 1695 continue(12): "766d011e14e236dc085c2f4a"
DBG send Continue packet: 4625 frameNumber: 1695 continue(12): "ae002023126244dfbd564af2"
DBG send Continue packet: 4626 frameNumber: 1695 continue(12): "8142882bb6d6f23db1a70000"
DBG send Continue packet: 4627 frameNumber: 1695 continue(12): "00203b8ef8e9fa245c7bd7f5"
DBG send Continue packet: 4628 frameNumber: 1695 continue(12): "3c0b8d5a01215913ec402052"
DBG send Continue packet: 4630 frameNumber: 1695 continue(12): "5c3400010183b00188010fac"
DBG send Continue packet: 4631 frameNumber: 1695 continue(12): "1b4175db55ba35ad04effc02"
DBG send Continue packet: 4632 frameNumber: 1695 continue(12): "a24e0000c000409ed10345a9"
DBG send Continue packet: 4633 frameNumber: 1695 continue(12): "bfcf65f44007992eacf4c167"
DBG send Continue packet: 4635 frameNumber: 1695 continue(12): "1c450f018a62507e01f0328e"
DBG send Continue packet: 4636 frameNumber: 1695 continue(12): "e72c153600b8170bcb3b2feb"
DBG send Continue packet: 4637 frameNumber: 1695 continue(12): "0f22247e0fd441845c0010d4"
DBG send Continue packet: 4638 frameNumber: 1695 continue(12): "8243b4e80d40a1f9d43eff64"
DBG send Continue packet: 4640 frameNumber: 1695 continue(12): "0b9a42b45503400010141cff"
DBG send Continue packet: 4641 frameNumber: 1695 continue(12): "60bbfffe08561c790b185444"
DBG send Continue packet: 4642 frameNumber: 1695 continue(12): "a3fe7bf07547ec2417f80101"
DBG send Continue packet: 4643 frameNumber: 1695 continue(12): "ff60600502b5521b6cc8dd3f"
DBG send Continue packet: 4645 frameNumber: 1695 continue(12): "99bab823c56aaaf8001e0730"
DBG send Continue packet: 4646 frameNumber: 1695 continue(12): "68e450e192055ee0000407c0"
DBG send Continue packet: 4647 frameNumber: 1695 continue(12): "0c3cc339ff9e7d955a23ee10"
DBG send Continue packet: 4648 frameNumber: 1695 continue(12): "7ff68006030d650785fc4f5b"
DBG send Continue packet: 4650 frameNumber: 1695 continue(12): "561860738c23c5274a6e377f"
DBG send Continue packet: 4651 frameNumber: 1695 continue(12): "7e7fa9a2cbe1c55ee88df936"
DBG send Continue packet: 4652 frameNumber: 1695 continue(12): "20a93dc6e4196a0001021a00"
DBG send Continue packet: 4653 frameNumber: 1695 continue(12): "63b22db880c0c8002abffb26"
DBG send Continue packet: 4655 frameNumber: 1695 continue(12): "10007162ed9b46b2ab495643"
DBG send Continue packet: 4656 frameNumber: 1695 continue(12): "85304462f54cfdfda5b13475"
DBG send Continue packet: 4657 frameNumber: 1695 continue(12): "2023f82bbeb7a96dfc663ddd"
DBG send Continue packet: 4658 frameNumber: 1695 continue(12): "250c6f0341cd41039ae7f448"
DBG send Continue packet: 4660 frameNumber: 1695 continue(12): "1e8a065abf9bfbdb17e51dfc"
DBG send Continue packet: 4661 frameNumber: 1695 continue(12): "e4cd3045641e2ee8402c4284"
DBG send Continue packet: 4662 frameNumber: 1695 continue(12): "4d616e58bd27f2e013c7f7c3"
DBG send Continue packet: 4663 frameNumber: 1695 continue(12): "501e04e595622245abf17fe0"
DBG send Continue packet: 4665 frameNumber: 1695 continue(12): "db5a29e01018c09a45198beb"
DBG send Continue packet: 4666 frameNumber: 1695 continue(12): "50eb913d3888a27ad6250200"
DBG send Continue packet: 4667 frameNumber: 1695 continue(12): "4ad646ffd8121800080240eb"
DBG send Continue packet: 4668 frameNumber: 1695 continue(12): "64b61ac43238180290025e48"
DBG send Continue packet: 4670 frameNumber: 1695 continue(12): "fb8000100e2f000100168d40"
DBG send Continue packet: 4671 frameNumber: 1695 continue(12): "6b7ca000101700049b801231"
DBG send Continue packet: 4672 frameNumber: 1695 continue(12): "01d705fe639fab38169f7d96"
DBG send Continue packet: 4673 frameNumber: 1695 continue(12): "fec60eafd3018a97b411f7c8"
DBG send Continue packet: 4675 frameNumber: 1695 continue(12): "1284393adf690bd2db72422c"
DBG send Continue packet: 4676 frameNumber: 1695 continue(12): "2b72028030148c83594bc3b9"
DBG send Continue packet: 4677 frameNumber: 1695 continue(12): "0fc4942020ef7cff9000ec00"
DBG send Continue packet: 4678 frameNumber: 1695 continue(12): "6b0ba80020000803803061f2"
DBG send Continue packet: 4680 frameNumber: 1695 continue(12): "05cb4a90a7f84059019d7f83"
DBG send Continue packet: 4681 frameNumber: 1695 continue(12): "b40001009602833590dd4d26"
DBG send Continue packet: 4682 frameNumber: 1695 continue(12): "60316386d1172d307d93b353"
DBG send Continue packet: 4683 frameNumber: 1695 continue(12): "4a1f82ff8006143f09240944"
DBG send Continue packet: 4685 frameNumber: 1695 continue(12): "788f3807c348770550baa070"
DBG send Continue packet: 4686 frameNumber: 1695 continue(12): "52a98457abdffffd606b22cf"
DBG send Continue packet: 4687 frameNumber: 1695 continue(12): "c5bf3749b27940015cff5603"
DBG send Continue packet: 4688 frameNumber: 1695 continue(12): "284ca117dd85850a5e701b00"
DBG send Continue packet: 4690 frameNumber: 1695 continue(12): "4bea507bdd00b90080a01370"
DBG send Continue packet: 4691 frameNumber: 1695 continue(12): "001403b895cb01d53b740fc2"
DBG send Continue packet: 4692 frameNumber: 1695 continue(12): "7359b45ae0e393f5a4039ebc"
DBG send Continue packet: 4693 frameNumber: 1695 continue(12): "b8a7f870003e0575c0c38001"
DBG send Continue packet: 4695 frameNumber: 1695 continue(12): "d23a92830b0dd20bbfa031e4"
DBG send Continue packet: 4696 frameNumber: 1695 continue(12): "1200a0798ef298916054b480"
DBG send Continue packet: 4697 frameNumber: 1695 continue(12): "4c02279d00a0007e4311a6e0"
DBG send Continue packet: 4698 frameNumber: 1695 continue(12): "2b05aab3836a604e32d11854"
DBG send Continue packet: 4700 frameNumber: 1695 continue(12): "dc1a17ce4ea96ea12138c627"
DBG send Continue packet: 4701 frameNumber: 1695 continue(12): "3b4db800083ff0c2638f09b2"
DBG send Continue packet: 4702 frameNumber: 1695 continue(12): "1b30c568ebabfb901f63b01a"
DBG send Continue packet: 4703 frameNumber: 1695 continue(12): "13756d0008081529c8f18124"
DBG send Continue packet: 4705 frameNumber: 1695 continue(12): "080385c35d2573c35c2c9f36"
DBG send Continue packet: 4706 frameNumber: 1695 continue(12): "93ee04c210cc521cc630c118"
DBG send Continue packet: 4707 frameNumber: 1695 continue(12): "77c63d9360683cab503add17"
DBG send Continue packet: 4708 frameNumber: 1695 continue(12): "6d63d400233316b2776cfffc"
DBG send Continue packet: 4710 frameNumber: 1695 continue(12): "01890008a00af1980ddcc93d"
DBG send Continue packet: 4711 frameNumber: 1695 continue(12): "eef203d963108e063a50f818"
DBG send Continue packet: 4712 frameNumber: 1695 continue(12): "700400c4041cf1a003c8f4c7"
DBG send Continue packet: 4713 frameNumber: 1695 continue(12): "61a3b50ffff00001005289d8"
DBG send Continue packet: 4715 frameNumber: 1695 continue(12): "ccd407e5a50681c1fcb80502"
DBG send Continue packet: 4716 frameNumber: 1695 continue(12): "baebaebaebaebaebaebaebae"
DBG send Continue packet: 4717 frameNumber: 1695 continue(12): "aa7a965b024df059c0488076"
DBG send Continue packet: 4718 frameNumber: 1695 continue(12): "88636e4000400d5c80d60480"
DBG send Continue packet: 4720 frameNumber: 1695 continue(12): "352dc1caab6e2221193986c6"
DBG send Continue packet: 4721 frameNumber: 1695 continue(12): "eed946ffee023801c11392d0"
DBG send Continue packet: 4722 frameNumber: 1695 continue(12): "2dff94ca0b6ca657f6a3d494"
DBG send Continue packet: 4723 frameNumber: 1695 continue(12): "248107d080e969dde78d72be"
DBG send Continue packet: 4725 frameNumber: 1695 continue(12): "8b1aabe055503ef81da78236"
DBG send Continue packet: 4726 frameNumber: 1695 continue(12): "74eb406e00160e3b1b4d81b4"
DBG send End packet: 4727 frameNumber: 1695 end(12): "002007cb20000400c000801f"
Sending frame 1696 size: 11 first packet: 4728 firstBytes(hex): "00000001419a20e800cab0"
DBG send Start packet: 4728 frameNumber: 1696 frameSize: 11 start(13): "00000001419a20e800cab000ae"
Sending frame 1697 size: 18 first packet: 4730 firstBytes(hex): "00000001419a405a00507df093cf27007a50"
DBG send Start packet: 4730 frameNumber: 1697 frameSize: 18 start(13): "00000001419a405a00507df093"
Sending frame 1698 size: 258 first packet: 4731 firstBytes(hex): "00000001419a607a00507df04be03d3301abc146"
DBG send Start packet: 4731 frameNumber: 1698 frameSize: 258 start(13): "00000001419a607a00507df04b"
Device 0 FPS: 28.8517
Sending frame 1699 size: 96 first packet: 4732 firstBytes(hex): "00000001419a80268010975681c393c091ecd74f"
DBG send Start packet: 4732 frameNumber: 1699 frameSize: 96 start(13): "00000001419a80268010975681"
Sending frame 1700 size: 28 first packet: 4733 firstBytes(hex): "00000001419aa02a801adf2f1a36e0d7889a5cb8"
DBG send Start packet: 4733 frameNumber: 1700 frameSize: 28 start(13): "00000001419aa02a801adf2f1a"
Disconnect requested for device with stream: "QGZMKE"
Disconnect requested for device: 0
Stopping stream for device: 0
StreamManager: deleteStream 52323248
TCPManager: sent CLIENT_STREAM_DELETE streamId= 52323248
Stream deletion requested for: 52323248
[libx264 @ 000002a1eb33e1c0] frame I:114   Avg QP:11.82  size: 97686
[libx264 @ 000002a1eb33e1c0] frame P:1587  Avg QP:15.30  size:  1011
[libx264 @ 000002a1eb33e1c0] mb I  I16..4: 100.0%  0.0%  0.0%
[libx264 @ 000002a1eb33e1c0] mb P  I16..4:  1.2%  0.0%  0.0%  P16..4:  1.6%  0.0%  0.0%  0.0%  0.0%    skip:97.1%
[libx264 @ 000002a1eb33e1c0] coded y,uvDC,uvAC intra: 41.2% 34.8% 33.5% inter: 0.9% 0.7% 0.5%
[libx264 @ 000002a1eb33e1c0] i16 v,h,dc,p: 60% 37%  2%  1%
[libx264 @ 000002a1eb33e1c0] i8c dc,h,v,p: 62% 22% 14%  2%
[libx264 @ 000002a1eb33e1c0] kb/s:898.78
VideoEncoder destroyed for stream: 52323248
VideoEncoder cleaned up
Stream stopped for device: 0
Streaming enabled: false for device: 0
Cleaning up StreamerWidget for device: 0
Cleaning up video capture for device: 0
VideoCapture: stopped device 0
Video capture cleaned up
StreamerWidget cleanup completed for device: 0
Streamer disconnect requested for device: 0
Streamer disconnect requested for device: 0
Removing streamer widget for device: 0
Streamer widget removed. Total widgets: 0
Device 0 disconnected and removed. Total used devices: 0
Quick scanning for video devices...
Found device: 0 after 1 attempts
Found device: 1 after 1 attempts
[ WARN:0@57.378] global cap.cpp:478 open VIDEOIO(DSHOW): backend is generally available but can't be used to capture by index
[ WARN:0@57.378] global cap.cpp:478 open VIDEOIO(DSHOW): backend is generally available but can't be used to capture by index
[ WARN:0@57.379] global cap.cpp:478 open VIDEOIO(DSHOW): backend is generally available but can't be used to capture by index
[ WARN:0@57.379] global cap.cpp:478 open VIDEOIO(DSHOW): backend is generally available but can't be used to capture by index
[ WARN:0@57.380] global cap.cpp:478 open VIDEOIO(DSHOW): backend is generally available but can't be used to capture by index
[ WARN:0@57.380] global cap.cpp:478 open VIDEOIO(DSHOW): backend is generally available but can't be used to capture by index
[ WARN:0@57.381] global cap.cpp:478 open VIDEOIO(DSHOW): backend is generally available but can't be used to capture by index
[ WARN:0@57.381] global cap.cpp:478 open VIDEOIO(DSHOW): backend is generally available but can't be used to capture by index
Quick scan completed. Found 2 devices
Available devices: QList(0, 1)
Device availability - Total: 2 Used: 0 Available: true
Device 0 fully disconnected
Cleaning up StreamerWidget for device: 0
StreamerWidget cleanup completed for device: 0
TCPManager: processing message type: "4"
StreamManager: Server success for message type 17 : "SUCCESS: deleted stream 52323248"
Cleaning up MainWindow
StreamManager: disconnectFromServer
TCPManager: disconnected from server
NetworkFacade: TCP disconnected
UDPManager: Unregistered NetworkManager for stream 52323248
NetworkManager: Cleaned up for stream 52323248
StreamManager: network disconnected
Connection status changed: false
Connection status changed: false
StreamManager cleanup
StreamManager cleanup
NetworkManager: Cleaned up for stream 52323248
NetworkManager: Destructor for stream 52323248
